SMILES,MaxAbsEStateIndex,MaxEStateIndex,MinAbsEStateIndex,MinEStateIndex,qed,SPS,MolWt,HeavyAtomMolWt,ExactMolWt,NumValenceElectrons,NumRadicalElectrons,FpDensityMorgan1,FpDensityMorgan2,FpDensityMorgan3,AvgIpc,BalabanJ,BertzCT,Chi0,Chi0n,Chi0v,Chi1,Chi1n,Chi1v,Chi2n,Chi2v,Chi3n,Chi3v,Chi4n,Chi4v,HallKierAlpha,Kappa1,Kappa2,Kappa3,LabuteASA,PEOE_VSA1,PEOE_VSA10,PEOE_VSA11,PEOE_VSA12,PEOE_VSA13,PEOE_VSA14,PEOE_VSA2,PEOE_VSA3,PEOE_VSA4,PEOE_VSA5,PEOE_VSA6,PEOE_VSA7,PEOE_VSA8,PEOE_VSA9,SMR_VSA1,SMR_VSA10,SMR_VSA2,SMR_VSA3,SMR_VSA4,SMR_VSA5,SMR_VSA6,SMR_VSA7,SMR_VSA8,SMR_VSA9,SlogP_VSA1,SlogP_VSA10,SlogP_VSA11,SlogP_VSA12,SlogP_VSA2,SlogP_VSA3,SlogP_VSA4,SlogP_VSA5,SlogP_VSA6,SlogP_VSA7,SlogP_VSA8,SlogP_VSA9,TPSA,EState_VSA1,EState_VSA10,EState_VSA11,EState_VSA2,EState_VSA3,EState_VSA4,EState_VSA5,EState_VSA6,EState_VSA7,EState_VSA8,EState_VSA9,VSA_EState1,VSA_EState10,VSA_EState2,VSA_EState3,VSA_EState4,VSA_EState5,VSA_EState6,VSA_EState7,VSA_EState8,VSA_EState9,FractionCSP3,HeavyAtomCount,NHOHCount,NOCount,NumAliphaticCarbocycles,NumAliphaticHeterocycles,NumAliphaticRings,NumAmideBonds,NumAromaticCarbocycles,NumAromaticHeterocycles,NumAromaticRings,NumAtomStereoCenters,NumBridgeheadAtoms,NumHAcceptors,NumHDonors,NumHeteroatoms,NumHeterocycles,NumRotatableBonds,NumSaturatedCarbocycles,NumSaturatedHeterocycles,NumSaturatedRings,NumSpiroAtoms,NumUnspecifiedAtomStereoCenters,Phi,RingCount,MolLogP,MolMR,fr_Al_COO,fr_Al_OH,fr_Al_OH_noTert,fr_ArN,fr_Ar_COO,fr_Ar_N,fr_Ar_NH,fr_Ar_OH,fr_COO,fr_COO2,fr_C_O,fr_C_O_noCOO,fr_C_S,fr_HOCCN,fr_Imine,fr_NH0,fr_NH1,fr_NH2,fr_N_O,fr_Ndealkylation1,fr_Ndealkylation2,fr_Nhpyrrole,fr_SH,fr_aldehyde,fr_alkyl_carbamate,fr_alkyl_halide,fr_allylic_oxid,fr_amide,fr_amidine,fr_aniline,fr_aryl_methyl,fr_azide,fr_azo,fr_barbitur,fr_benzene,fr_benzodiazepine,fr_bicyclic,fr_diazo,fr_dihydropyridine,fr_epoxide,fr_ester,fr_ether,fr_furan,fr_guanido,fr_halogen,fr_hdrzine,fr_hdrzone,fr_imidazole,fr_imide,fr_isocyan,fr_isothiocyan,fr_ketone,fr_ketone_Topliss,fr_lactam,fr_lactone,fr_methoxy,fr_morpholine,fr_nitrile,fr_nitro,fr_nitro_arom,fr_nitro_arom_nonortho,fr_nitroso,fr_oxazole,fr_oxime,fr_para_hydroxylation,fr_phenol,fr_phenol_noOrthoHbond,fr_phos_acid,fr_phos_ester,fr_piperdine,fr_piperzine,fr_priamide,fr_prisulfonamd,fr_pyridine,fr_quatN,fr_sulfide,fr_sulfonamd,fr_sulfone,fr_term_acetylene,fr_tetrazole,fr_thiazole,fr_thiocyan,fr_thiophene,fr_unbrch_alkane,fr_urea
CO,7.0,7.0,1.0,1.0,0.3852844044738431,3.0,32.042,28.009999999999998,32.026214748,14,0,1.5,1.5,1.5,1.0,1.0,2.0,2.0,1.4472135954999579,1.4472135954999579,1.0,0.4472135954999579,0.4472135954999579,0.0,0.0,0.0,0.0,0.0,0.0,-0.04,1.96,0.9600000000000016,-27.040000000000028,13.533484780025564,5.106527394840706,0.0,0.0,0.0,0.0,0.0,0.0,0.0,0.0,0.0,0.0,0.0,7.109797541277533,0.0,5.106527394840706,0.0,0.0,0.0,0.0,0.0,7.109797541277533,0.0,0.0,0.0,0.0,0.0,0.0,0.0,12.216324936118239,0.0,0.0,0.0,0.0,0.0,0.0,0.0,20.23,0.0,0.0,0.0,0.0,0.0,7.109797541277533,0.0,0.0,0.0,0.0,5.106527394840706,0.0,0.0,0.0,7.0,0.0,0.0,0.0,0.0,0.0,1.0,1.0,2,1,1,0,0,0,0,0,0,0,0,0,1,1,1,0,0,0,0,0,0,0,0.9408000000000016,0,-0.3915,8.1428,0,1,1,0,0,0,0,0,0,0,0,0,0,0,0,0,0,0,0,0,0,0,0,0,0,0,0,0,0,0,0,0,0,0,0,0,0,0,0,0,0,0,0,0,0,0,0,0,0,0,0,0,0,0,0,0,0,0,0,0,0,0,0,0,0,0,0,0,0,0,0,0,0,0,0,0,0,0,0,0,0,0,0,0,0
C=NCCC(CCO)CCCCOC(=O)C=O,10.509994681144573,10.509994681144573,0.17094966881763418,-0.8122541140984503,0.1929207204651339,11.823529411764707,243.30299999999994,222.13499999999993,243.147058152,98,0,1.3529411764705883,2.1176470588235294,2.7058823529411766,2.3448477222655257,3.5524115134494947,230.54551832721742,12.932875131431278,10.137833631449686,10.137833631449686,8.239912065068584,5.8947289894911075,5.8947289894911075,3.895326418461306,3.895326418461306,2.5800653725896234,2.5800653725896234,1.63130464727428,1.63130464727428,-1.2300000000000002,15.770000000000001,11.261208233126077,9.684983901832341,101.87975995384281,14.835795081276423,0.0,0.0,6.286160523129555,0.0,5.969305287951849,4.794537184071822,4.794537184071822,0.0,0.0,6.4208216229260096,38.318708694165366,13.151638370425493,6.606881964512918,19.4324647167844,18.972981967381337,0.0,0.0,10.910310778797061,32.10410811463005,19.75852033493841,0.0,0.0,0.0,0.0,0.0,0.0,0.0,43.83802969716046,14.325937321943691,5.917906046161393,32.10410811463005,4.992404732635669,0.0,0.0,0.0,75.96000000000001,5.969305287951849,9.589074368143644,0.0,19.49992445215539,12.462662452073968,32.10410811463005,0.0,0.0,0.0,16.446783842735652,5.106527394840706,4.629209813555052,0.0,24.26813749878366,8.888961866005967,0.0,-0.37496475699758536,0.0,4.483969321123001,4.604686257529907,0.0,0.75,17,1,5,0,0,0,0,0,0,0,1,0,5,1,5,0,11,0,0,0,0,1,10.446426696258719,0,0.9881,65.09980000000003,0,1,1,0,0,0,0,0,0,0,2,2,0,0,1,1,0,0,0,0,0,0,0,1,0,0,0,0,0,0,0,0,0,0,0,0,0,0,0,0,1,1,0,0,0,0,0,0,0,0,0,0,0,0,0,0,0,0,0,0,0,0,0,0,0,0,0,0,0,0,0,0,0,0,0,0,0,0,0,0,0,0,0,1,0
CCC=C=NC#CCC=NCCC(CCO)CCCCOC(=O)C=O,10.66680617804591,10.66680617804591,0.15601799182038412,-0.8227584055695536,0.13815147941367467,11.12,348.4430000000001,320.21900000000005,348.20490737599994,138,0,1.28,2.12,2.84,2.6207277842197625,3.872430560218408,511.2524715401475,18.589729380923657,14.946854546515446,14.946854546515446,12.239912065068586,8.69974559602375,8.69974559602375,5.382847511229363,5.382847511229363,3.368419146389813,3.368419146389813,2.070411033225382,2.070411033225382,-2.22,22.78,18.123477057721257,16.421128911040523,149.63929960015417,9.843390348640755,0.0,0.0,6.286160523129555,0.0,5.969305287951849,9.786941916707491,4.794537184071822,4.992404732635669,0.0,19.264993141472278,49.96783333106852,31.83142967472903,6.606881964512918,19.4324647167844,24.339865454059915,0.0,0.0,15.902715511432731,51.8694885601727,19.75852033493841,6.076020106833881,0.0,11.964803420697855,0.0,0.0,0.0,0.0,49.204913183839025,14.325937321943691,17.882709466859247,51.8694885601727,16.06082957210522,0.0,0.0,0.0,88.32,5.969305287951849,9.589074368143644,0.0,19.49992445215539,25.304305697925987,32.10410811463005,0.0,6.2146005795353165,12.999757306524504,27.819411949412384,9.843390348640755,4.693005228089795,0.0,28.87529810481571,9.12164459716647,0.0,5.147602615720671,2.6428683912932738,9.394516732171015,3.125064330743065,0.0,0.631578947368421,25,1,6,0,0,0,0,0,0,0,1,0,6,1,6,0,13,0,0,0,0,1,16.51411229499561,0,2.3452,98.73180000000005,0,1,1,0,0,0,0,0,0,0,2,2,0,0,2,2,0,0,0,0,0,0,0,1,0,0,1,0,0,0,0,0,0,0,0,0,0,0,0,0,1,1,0,0,0,0,0,0,0,0,0,0,0,0,0,0,0,0,0,0,0,0,0,0,0,0,0,0,0,0,0,0,0,0,0,0,0,0,0,0,0,0,0,1,0
C#CCCCCOCCC=C=NC#CCC=NCCC(CCO)CCCCOC(=O)C=O,10.726873939953673,10.726873939953673,0.142994851090263,-0.8294150139339103,0.08242506848120132,11.0,444.57200000000034,408.2840000000002,444.26242225199985,176,0,1.09375,1.9375,2.71875,2.800288049020481,3.8051200433000134,678.671397095075,23.539476849229484,18.967987012101673,18.967987012101673,15.739912065068586,11.212217609214916,11.212217609214916,7.036877717474587,7.036877717474587,4.430610663139308,4.430610663139308,2.71918085164072,2.71918085164072,-2.7,29.3,24.568378198930684,21.995756502696597,191.94172290789996,14.580253302440804,0.0,0.0,6.286160523129555,0.0,5.969305287951849,9.786941916707491,4.794537184071822,4.992404732635669,12.343784214475903,12.341255941781654,62.80947657692053,44.85913326216795,13.213763929025836,24.169327670584448,24.339865454059915,0.0,0.0,15.902715511432731,64.20821622926012,32.97228426396425,6.076020106833881,0.0,24.308587635173758,0.0,0.0,0.0,0.0,62.418677112864856,19.06280027574374,30.22649368133515,64.20821622926012,16.06082957210522,0.0,0.0,0.0,97.55000000000001,5.969305287951849,14.69560176298435,0.0,19.49992445215539,31.91118766243891,57.97345494792101,0.0,12.290620686369198,0.0,33.739846268268025,15.897075803220357,10.174886353028908,0.0,29.114452091533124,9.191068708975536,0.0,7.807783454710706,2.673708519094149,17.096002200411846,2.442098672245735,0.0,0.64,32,1,7,0,0,0,0,0,0,0,1,0,7,1,7,0,19,0,0,0,0,1,22.49542128839591,0,3.145400000000002,126.56080000000007,0,1,1,0,0,0,0,0,0,0,2,2,0,0,2,2,0,0,0,0,0,0,0,1,0,0,0,0,0,0,0,0,0,0,0,0,0,0,0,0,1,2,0,0,0,0,0,0,0,0,0,0,0,0,0,0,0,0,0,0,0,0,0,0,0,0,0,0,0,0,0,0,0,0,0,0,0,0,1,0,0,0,0,3,0
O=CC(=O)OCCCCC(CCO)CCN=CCC#CN=C=CCCOCCCCC1=CCCC=C1,10.757641567032778,10.757641567032778,0.14703848980664835,-0.8256322360172634,0.06500420829709316,13.305555555555555,498.66400000000044,456.3280000000003,498.30937244399996,198,0,1.1111111111111112,2.0,2.8055555555555554,2.900619493747754,2.0079308823119897,813.2564946223426,25.94525424316529,21.536901112854014,21.536901112854014,17.757550155273627,13.150722658070787,13.150722658070787,8.591511870856925,8.591511870856925,5.646735133823074,5.646735133823074,3.6743415445081773,3.6743415445081773,-2.7799999999999994,31.250102347983137,23.93836262901631,19.518230985829103,216.0172287557294,14.580253302440804,0.0,0.0,6.286160523129555,0.0,5.969305287951849,9.786941916707491,4.794537184071822,4.992404732635669,0.0,36.14242079235256,82.07194144569857,38.438311639241945,13.213763929025836,24.169327670584448,24.33986545405991,0.0,0.0,15.902715511432731,77.04985947511214,32.97228426396425,29.87718495740479,0.0,11.964803420697855,0.0,0.0,0.0,0.0,62.418677112864856,19.06280027574374,17.882709466859247,77.04985947511214,39.861994422676126,0.0,0.0,0.0,97.55000000000001,5.969305287951849,14.69560176298435,0.0,19.49992445215539,31.911187662438905,51.552633324994986,24.835569398847294,6.2146005795353165,6.076020106833881,46.047472269914024,9.473725907600098,10.363809688907445,0.0,29.249561007835815,9.226089571514832,1.4606493763089345,5.280737199166655,2.7063859612084045,21.824716608784566,2.5547172529400157,0.0,0.6206896551724138,36,1,7,1,0,1,0,0,0,0,1,0,7,1,7,0,20,0,0,0,0,1,20.779896727774844,1,4.788600000000005,144.18479999999985,0,1,1,0,0,0,0,0,0,0,2,2,0,0,2,2,0,0,0,0,0,0,0,1,0,0,4,0,0,0,0,0,0,0,0,0,0,0,0,0,1,2,0,0,0,0,0,0,0,0,0,0,0,0,0,0,0,0,0,0,0,0,0,0,0,0,0,0,0,0,0,0,0,0,0,0,0,0,0,0,0,0,0,2,0
C=CCCCCC(CCC(CN)CCCCC(O)CNCCSCCC)NC,10.094571821955949,10.094571821955949,0.21135265900576994,-0.21135265900576994,0.15646291335260412,14.714285714285714,415.7320000000002,366.3400000000001,415.35963418800003,168,0,1.0357142857142858,1.7857142857142858,2.4642857142857144,2.7090266497276576,3.7061548369034143,330.96929657012447,20.874186431299826,18.763028512083263,19.579525093010986,13.671763717646723,11.620920760543326,12.775621298922578,7.99258581556288,9.217330686954469,5.427112887967122,6.616835592852542,3.5037996722173665,4.285274086638923,-0.06999999999999998,27.930000000000003,21.63438328735858,17.990102596000533,179.43533335416075,21.47377208001555,0.0,0.0,0.0,0.0,0.0,0.0,0.0,11.761884949391115,6.578935683598497,32.26222217530253,76.62976102490602,24.8842072477199,6.103966387748303,5.106527394840706,11.761884949391115,0.0,10.633577208012662,11.651573523323577,89.69858226877301,38.18764841390849,12.654955790432378,0.0,0.0,16.367244685174846,0.0,0.0,11.761884949391115,55.43998302564546,0.0,5.917906046161393,77.55277505187675,12.654955790432378,0.0,0.0,0.0,70.31,0.0,5.106527394840706,0.0,6.103966387748303,11.959746875309353,44.64958769326254,57.11942659015487,0.0,17.837905056224997,31.183922073978973,5.733667477162185,0.0,1.9820767407833653,0.0,16.927993526905134,6.004978943915632,2.9928091206129435,0.6131957854768668,14.723591343822404,8.511761380527828,2.0769264912891576,0.9130434782608695,28,5,4,0,0,0,0,0,0,0,3,0,5,4,5,0,22,0,0,0,0,3,21.580297329140187,0,4.330000000000003,128.25160000000008,0,1,1,0,0,0,0,0,0,0,0,0,0,0,0,0,2,1,0,0,0,0,0,0,0,0,1,0,0,0,0,0,0,0,0,0,0,0,0,0,0,0,0,0,0,0,0,0,0,0,0,0,0,0,0,0,0,0,0,0,0,0,0,0,0,0,0,0,0,0,0,0,0,0,0,1,0,0,0,0,0,0,0,3,0
O=CCCCCCO,9.705508786848073,9.705508786848073,0.24886621315192747,0.24886621315192747,0.424591239276428,9.125,116.16,104.06399999999998,116.083729624,48,0,1.25,2.0,2.5,1.8088121254443208,2.6162930904179853,52.49022499567306,6.242640687119286,4.9683460610861845,4.9683460610861845,3.914213562373095,2.960178316876217,2.960178316876217,1.7396087707912795,1.7396087707912795,0.9800891584381081,0.9800891584381081,0.516250994802366,0.516250994802366,-0.37,7.63,6.630000000000001,5.630000000000001,49.51971745205237,9.901064578912528,6.286160523129555,0.0,0.0,0.0,0.0,0.0,0.0,0.0,0.0,6.4208216229260096,12.841643245852019,13.027703587438928,0.0,9.901064578912528,6.286160523129555,0.0,0.0,0.0,25.683286491704038,6.606881964512918,0.0,0.0,0.0,0.0,0.0,0.0,0.0,17.99956988248318,4.794537184071822,0.0,25.683286491704038,0.0,0.0,0.0,0.0,37.3,0.0,4.794537184071822,0.0,6.606881964512918,6.4208216229260096,25.548625391907585,0.0,0.0,0.0,0.0,5.106527394840706,0.0,0.0,9.705508786848073,8.277257653061223,0.0,0.0,0.0,4.268367346938775,0.24886621315192747,0.0,0.8333333333333334,8,1,2,0,0,0,0,0,0,0,0,0,2,1,2,0,5,0,0,0,0,0,6.323362500000001,0,0.738,31.61779999999998,0,1,1,0,0,0,0,0,0,0,1,1,0,0,0,0,0,0,0,0,0,0,0,1,0,0,0,0,0,0,0,0,0,0,0,0,0,0,0,0,0,0,0,0,0,0,0,0,0,0,0,0,0,0,0,0,0,0,0,0,0,0,0,0,0,0,0,0,0,0,0,0,0,0,0,0,0,0,0,0,0,0,0,3,0
CCCC=CC(=O)CCCCCO,11.13171626984127,11.13171626984127,0.21424981103552576,0.21424981103552576,0.4645221648151676,10.923076923076923,184.27899999999997,164.11899999999997,184.14632988,76,0,1.3076923076923077,2.076923076923077,2.6923076923076925,2.1303061140652404,3.29399906915168,150.16926858274718,9.941311299868556,8.459909892648907,8.459909892648907,6.308060412490447,5.111268841420601,5.111268841420601,3.1916238739138905,3.1916238739138905,1.8403756616194007,1.8403756616194007,1.0525901395354307,1.0525901395354307,-0.6300000000000001,12.37,9.457950747581352,9.2828671181706,80.65482499185117,5.106527394840706,0.0,5.783244946364939,0.0,0.0,0.0,4.794537184071822,0.0,0.0,0.0,25.841400552376523,25.33848497561191,13.027703587438928,0.0,9.901064578912528,5.783244946364939,0.0,0.0,0.0,45.448666937246685,6.606881964512918,12.152040213667762,0.0,0.0,0.0,0.0,0.0,0.0,17.496654305718565,4.794537184071822,0.0,45.448666937246685,12.152040213667762,0.0,0.0,0.0,37.3,0.0,4.794537184071822,0.0,12.390126910877857,6.4208216229260096,32.10410811463005,0.0,6.076020106833881,6.076020106833881,6.923737199690624,5.106527394840706,0.0,0.0,11.13171626984127,8.505910950621448,0.0,0.21424981103552576,0.0,8.985495102540556,2.3292945326278662,0.0,0.7272727272727273,13,1,2,0,0,0,0,0,0,0,0,0,2,1,2,0,8,0,0,0,0,0,8.9996039036601,0,2.4645000000000015,54.608800000000045,0,1,1,0,0,0,0,0,0,0,1,1,0,0,0,0,0,0,0,0,0,0,0,0,0,0,2,0,0,0,0,0,0,0,0,0,0,0,0,0,0,0,0,0,0,0,0,0,0,0,0,1,0,0,0,0,0,0,0,0,0,0,0,0,0,0,0,0,0,0,0,0,0,0,0,0,0,0,0,0,0,0,0,3,0
CCCCCCCCCCO,8.507012641489101,8.507012641489101,0.3700000000000001,0.3700000000000001,0.5380402798848124,10.363636363636363,158.285,136.10899999999998,158.167065324,68,0,0.7272727272727273,1.1818181818181819,1.6363636363636365,2.0339309928768716,2.6909155266923976,53.89311688209828,8.36396103067893,7.811174626178888,7.811174626178888,5.414213562373096,5.023334547203385,5.023334547203385,3.198480531902894,3.198480531902894,2.0116672736016925,2.0116672736016925,1.2456868753581731,1.2456868753581731,-0.04,10.96,9.96,9.960000000000003,70.81796380959506,5.106527394840706,0.0,0.0,0.0,0.0,0.0,0.0,0.0,0.0,0.0,51.8694885601727,6.4208216229260096,6.606881964512918,0.0,5.106527394840706,0.0,0.0,0.0,0.0,58.29031018309871,6.606881964512918,0.0,0.0,0.0,0.0,0.0,0.0,0.0,11.713409359353623,0.0,0.0,58.29031018309871,0.0,0.0,0.0,0.0,20.23,0.0,0.0,0.0,0.0,6.606881964512918,6.4208216229260096,44.94575136048208,0.0,0.0,6.923737199690624,5.106527394840706,0.0,0.0,0.0,8.507012641489101,0.0,0.0,0.0,10.381161344167298,2.611826014343601,0.0,1.0,11,1,1,0,0,0,0,0,0,0,0,0,1,1,1,0,8,0,0,0,0,0,9.923781818181821,0,3.119400000000002,49.69580000000003,0,1,1,0,0,0,0,0,0,0,0,0,0,0,0,0,0,0,0,0,0,0,0,0,0,0,0,0,0,0,0,0,0,0,0,0,0,0,0,0,0,0,0,0,0,0,0,0,0,0,0,0,0,0,0,0,0,0,0,0,0,0,0,0,0,0,0,0,0,0,0,0,0,0,0,0,0,0,0,0,0,0,0,7,0
CN[SH]1(CO)=C=CN1,8.678410493827162,8.678410493827162,0.15277777777777768,-1.4814814814814816,0.2904434255260304,24.75,134.204,124.124,134.05138394,48,0,2.0,2.625,2.625,1.6686450333085072,2.7560724490662367,162.87712379549447,6.035533905932739,4.678884241376089,5.573311432376006,3.8284271247461907,2.3806261944732388,4.354722513006789,1.5773164566820816,4.443274235451431,1.1637252355701593,3.4911757067104783,0.5018463188761162,1.5055389566283486,-0.28,5.849533678756477,1.9132501670750717,0.6769737099337859,49.56626665907039,9.828622259292793,0.0,0.0,0.0,0.0,0.0,4.722094864452088,0.0,0.0,0.0,15.011918260585336,7.04767198267719,0.0,12.138868838154147,5.106527394840706,15.011918260585336,0.0,9.444189728904176,0.0,0.0,12.98658593101089,6.199954889820448,0.0,0.0,9.444189728904176,0.0,0.0,9.989236881161226,23.115794705275707,0.0,0.0,0.0,6.199954889820448,0.0,0.0,0.0,44.29,9.989236881161226,0.0,0.0,5.938913948333699,0.0,0.0,0.0,6.199954889820448,7.04767198267719,14.466871108328288,5.106527394840706,5.944444444444445,0.0,0.0,11.650632716049383,0.0,0.15277777777777768,0.0,1.722716049382716,0.0,0.33498456790123443,0.5,8,3,3,0,1,1,0,0,0,0,0,0,3,4,4,1,2,0,0,0,0,0,1.398952661024011,1,-0.9595000000000002,37.84420000000001,0,1,1,0,0,0,0,0,0,0,0,0,0,0,0,0,2,0,0,0,0,0,1,0,0,0,0,0,0,0,0,0,0,0,0,0,0,0,0,0,0,0,0,0,0,0,0,0,0,0,0,0,0,0,0,0,0,0,0,0,0,0,0,0,0,0,0,0,0,0,0,0,0,0,0,0,0,0,0,0,0,0,0,0,0
CCCC(CC)CO,8.65712962962963,8.65712962962963,0.3654166666666667,0.3654166666666667,0.593529590172236,13.875,116.204,100.07599999999998,116.120115132,50,0,1.375,2.0,2.125,1.828631925744047,3.0743734120651833,39.651484454403224,6.405777393935816,5.852990989435774,5.852990989435774,3.8460652149512318,3.4551861997815223,3.4551861997815223,2.2455230146781697,2.2455230146781697,1.5324725839954625,1.5324725839954625,0.8327589734869028,0.8327589734869028,-0.04,7.96,5.10367816091954,3.026851631655436,51.723137466405205,5.106527394840706,0.0,0.0,0.0,0.0,0.0,0.0,0.0,0.0,0.0,26.689117645233267,12.338727669087403,6.606881964512918,0.0,5.106527394840706,0.0,0.0,0.0,5.917906046161393,33.10993926815928,6.606881964512918,0.0,0.0,0.0,0.0,0.0,0.0,0.0,11.713409359353623,0.0,5.917906046161393,33.10993926815928,0.0,0.0,0.0,0.0,20.23,0.0,0.0,0.0,0.0,12.52478801067431,6.4208216229260096,12.841643245852019,0.0,0.0,13.847474399381248,5.106527394840706,0.0,0.0,0.0,8.65712962962963,0.0,0.5555555555555554,0.0,3.482546296296296,4.638101851851852,0.0,1.0,8,1,1,0,0,0,0,0,0,0,1,0,1,1,1,0,4,0,0,0,0,1,5.078159770114943,0,1.8050000000000002,35.77479999999999,0,1,1,0,0,0,0,0,0,0,0,0,0,0,0,0,0,0,0,0,0,0,0,0,0,0,0,0,0,0,0,0,0,0,0,0,0,0,0,0,0,0,0,0,0,0,0,0,0,0,0,0,0,0,0,0,0,0,0,0,0,0,0,0,0,0,0,0,0,0,0,0,0,0,0,0,0,0,0,0,0,0,0,0,0
OCC1=CCC1,8.31773148148148,8.31773148148148,0.2777777777777777,0.2777777777777777,0.4635054208026567,19.166666666666668,84.11800000000001,76.05399999999999,84.057514876,34,0,1.8333333333333333,2.5,2.5,1.3143204867061786,2.3239255289705696,74.00763013991067,4.405777393935816,3.645884208249226,3.645884208249226,2.931851652578137,2.2202579722620612,2.2202579722620612,1.5591614532990263,1.5591614532990263,1.1015550235761862,1.1015550235761862,0.49206837647033763,0.49206837647033763,-0.30000000000000004,3.8754385964912283,1.43334818445088,0.45493337831000175,37.29781905189851,5.106527394840706,0.0,0.0,0.0,0.0,0.0,0.0,0.0,0.0,0.0,6.076020106833881,18.414747775921285,0.0,6.606881964512918,5.106527394840706,0.0,0.0,0.0,0.0,12.841643245852019,6.606881964512918,11.64912463690315,0.0,0.0,0.0,0.0,0.0,0.0,11.713409359353623,0.0,0.0,12.841643245852019,11.64912463690315,0.0,0.0,0.0,20.23,0.0,0.0,0.0,6.606881964512918,0.0,6.4208216229260096,11.993926152995277,0.0,0.0,6.076020106833881,5.106527394840706,0.0,0.0,0.0,8.31773148148148,1.2037037037037037,0.0,0.0,4.367453703703704,0.2777777777777777,0.0,0.6,6,1,1,1,0,1,0,0,0,0,0,0,1,1,1,0,1,0,0,0,0,0,0.9258088127052614,1,0.6989,24.402799999999992,0,1,1,0,0,0,0,0,0,0,0,0,0,0,0,0,0,0,0,0,0,0,0,0,0,0,1,0,0,0,0,0,0,0,0,0,0,0,0,0,0,0,0,0,0,0,0,0,0,0,0,0,0,0,0,0,0,0,0,0,0,0,0,0,0,0,0,0,0,0,0,0,0,0,0,0,0,0,0,0,0,0,0,0,0
CCOCCC=CCCCCO,8.494829680150296,8.494829680150296,0.3122875216814611,0.3122875216814611,0.4487234197933206,11.166666666666666,172.26799999999997,152.10799999999998,172.14632988,72,0,1.1666666666666667,1.9166666666666667,2.5833333333333335,2.098390961316241,2.9324990563116615,88.01170173144864,9.071067811865477,7.959909892648907,7.959909892648907,5.914213562373096,4.7505147306540705,4.7505147306540705,2.6763917939758595,2.6763917939758595,1.5785508709674465,1.5785508709674465,0.9054066391403867,0.9054066391403867,-0.34,11.660000000000002,10.659999999999998,9.660000000000002,75.24190600691767,9.843390348640755,0.0,0.0,0.0,0.0,0.0,0.0,0.0,0.0,0.0,12.152040213667762,32.60702369139466,19.820645893538753,0.0,9.843390348640755,0.0,0.0,0.0,0.0,32.60702369139466,19.820645893538753,12.152040213667762,0.0,0.0,0.0,0.0,0.0,0.0,24.927173288379457,4.736862953800049,0.0,32.60702369139466,12.152040213667762,0.0,0.0,0.0,29.46,0.0,0.0,0.0,0.0,6.606881964512918,38.89705042072987,0.0,0.0,6.923737199690624,12.152040213667762,9.843390348640755,5.169952128999748,0.0,0.0,8.494829680150296,0.0,0.0,0.0,8.387697625346435,3.94752056550352,0.0,0.8,12,1,2,0,0,0,0,0,0,0,0,0,2,1,2,0,8,0,0,0,0,0,10.357966666666668,0,2.1318000000000006,51.186800000000034,0,1,1,0,0,0,0,0,0,0,0,0,0,0,0,0,0,0,0,0,0,0,0,0,0,0,1,0,0,0,0,0,0,0,0,0,0,0,0,0,0,1,0,0,0,0,0,0,0,0,0,0,0,0,0,0,0,0,0,0,0,0,0,0,0,0,0,0,0,0,0,0,0,0,0,0,0,0,0,0,0,0,0,2,0
CCOCCOCO,8.0878089569161,8.0878089569161,0.21520408163265303,-0.21520408163265303,0.40938724126682563,9.75,120.148,108.05199999999998,120.078644244,50,0,1.25,1.875,2.375,1.8088121254443208,2.53006045688352,32.655022032053594,6.242640687119286,5.092137301173874,5.092137301173874,3.914213562373095,2.6780350855826374,2.6780350855826374,1.2342711603961194,1.2342711603961194,0.6674197060776054,0.6674197060776054,0.3267384199319546,0.3267384199319546,-0.12,7.880000000000001,6.880000000000001,5.88,49.22034369662575,14.580253302440804,6.792942306099827,0.0,0.0,0.0,0.0,0.0,0.0,0.0,0.0,0.0,6.923737199690624,6.606881964512918,13.213763929025836,14.580253302440804,0.0,0.0,0.0,0.0,6.923737199690624,26.61358819963858,0.0,0.0,0.0,0.0,0.0,0.0,0.0,31.72011559447929,9.473725907600098,0.0,6.923737199690624,0.0,0.0,0.0,0.0,38.69,0.0,0.0,0.0,6.792942306099827,19.820645893538753,0.0,0.0,0.0,6.923737199690624,4.736862953800049,9.843390348640755,9.465555555555556,0.0,0.0,8.0878089569161,0.0,0.0,0.0,0.0,3.4466354875283445,0.0,1.0,8,1,3,0,0,0,0,0,0,0,0,0,3,1,3,0,5,0,0,0,0,0,6.7768000000000015,0,-0.010700000000000098,29.530799999999985,0,1,1,0,0,0,0,0,0,0,0,0,0,0,0,0,0,0,0,0,0,0,0,0,0,0,0,0,0,0,0,0,0,0,0,0,0,0,0,0,0,2,0,0,0,0,0,0,0,0,0,0,0,0,0,0,0,0,0,0,0,0,0,0,0,0,0,0,0,0,0,0,0,0,0,0,0,0,0,0,0,0,0,0,0
CCOCC(C)CCOCO,8.301744850718066,8.301744850718066,0.17921138825900718,-0.17921138825900718,0.4483799423484401,13.363636363636363,162.22899999999998,144.08499999999998,162.125594436,68,0,1.3636363636363635,2.090909090909091,2.6363636363636362,2.013988365499947,3.017123749997145,75.73742220059405,8.52709773749546,7.3765943515500485,7.3765943515500485,5.308060412490447,4.071881935699989,4.071881935699989,2.590660531948207,2.590660531948207,1.4527681425335501,1.4527681425335501,0.7514364463633973,0.7514364463633973,-0.12,10.88,7.981214574898786,7.780068987906827,68.31517003981557,14.580253302440804,6.792942306099827,0.0,0.0,0.0,0.0,0.0,0.0,0.0,0.0,6.923737199690624,19.262464868778025,19.820645893538753,0.0,14.580253302440804,0.0,0.0,0.0,5.917906046161393,20.268296022307258,26.61358819963858,0.0,0.0,0.0,0.0,0.0,0.0,0.0,31.72011559447929,9.473725907600098,5.917906046161393,20.268296022307258,0.0,0.0,0.0,0.0,38.69,0.0,0.0,0.0,6.792942306099827,12.52478801067431,19.634585551951844,0.0,0.0,6.923737199690624,6.923737199690624,14.580253302440804,9.992026171579742,0.0,0.0,8.301744850718066,0.0,0.5152777777777775,0.0,0.9450000000000001,6.0792845332577485,0.0,1.0,11,1,3,0,0,0,0,0,0,0,1,0,3,1,3,0,7,0,0,0,0,1,7.894146779536254,0,1.0155,43.31180000000001,0,1,1,0,0,0,0,0,0,0,0,0,0,0,0,0,0,0,0,0,0,0,0,0,0,0,0,0,0,0,0,0,0,0,0,0,0,0,0,0,0,2,0,0,0,0,0,0,0,0,0,0,0,0,0,0,0,0,0,0,0,0,0,0,0,0,0,0,0,0,0,0,0,0,0,0,0,0,0,0,0,0,0,0,0
CCCC=CC=NCO,8.190976395187704,8.190976395187704,0.1146180555555556,-0.1146180555555556,0.5681321696723298,11.777777777777779,127.18699999999998,114.08299999999998,127.099714036,52,0,1.5555555555555556,2.3333333333333335,2.888888888888889,1.88523483624215,3.1295869131633727,97.089273230246,6.949747468305834,5.747798342128437,5.747798342128437,4.414213562373095,3.1726761600979145,3.1726761600979145,1.6898942252925546,1.6898942252925546,0.8645497747635396,0.8645497747635396,0.43174828750074445,0.43174828750074445,-0.6300000000000001,8.369999999999997,7.369999999999997,7.3699999999999966,55.92885692008107,5.106527394840706,6.730816747499484,0.0,0.0,0.0,0.0,4.992404732635669,0.0,0.0,0.0,19.420578929450514,12.49684172975989,6.2146005795353165,0.0,5.106527394840706,6.2146005795353165,0.0,0.0,4.992404732635669,19.765380445542643,6.730816747499484,12.152040213667762,0.0,0.0,0.0,0.0,0.0,0.0,18.051944721875508,0.0,0.0,19.765380445542643,17.14444494630343,0.0,0.0,0.0,32.59,0.0,0.0,0.0,6.730816747499484,0.0,12.841643245852019,0.0,6.2146005795353165,12.152040213667762,11.916141932326294,5.106527394840706,0.0,0.0,3.5873526077097506,8.190976395187704,0.0,0.0,0.0,7.717711876417233,2.0039591206853107,0.0,0.5714285714285714,9,1,2,0,0,0,0,0,0,0,0,0,2,1,2,0,4,0,0,0,0,0,6.854099999999995,0,1.3633,39.625800000000005,0,1,1,0,0,0,0,0,0,0,0,0,0,0,1,1,0,0,0,0,0,0,0,0,0,0,2,0,0,0,0,0,0,0,0,0,0,0,0,0,0,0,0,0,0,0,0,0,0,0,0,0,0,0,0,0,0,0,0,0,0,0,0,0,0,0,0,0,0,0,0,0,0,0,0,0,0,0,0,0,0,0,0,1,0
O=CCO,8.92361111111111,8.92361111111111,0.36111111111111116,-0.36111111111111116,0.40121092342044906,6.25,60.052,56.02,60.021129368000004,24,0,2.0,2.25,2.25,1.370950594454669,2.2968352619191394,18.0,3.414213562373095,2.139918936339994,2.139918936339994,1.914213562373095,0.9601783168762168,0.9601783168762168,0.34924085250172204,0.34924085250172204,0.07453559924999299,0.07453559924999299,0.0,0.0,-0.37,3.63,2.6299999999999994,1.6299999999999992,24.059948994465934,9.901064578912528,6.286160523129555,0.0,0.0,0.0,0.0,0.0,0.0,0.0,0.0,0.0,0.0,0.0,6.606881964512918,9.901064578912528,6.286160523129555,0.0,0.0,0.0,0.0,6.606881964512918,0.0,0.0,0.0,0.0,0.0,0.0,0.0,17.99956988248318,4.794537184071822,0.0,0.0,0.0,0.0,0.0,0.0,37.3,0.0,0.0,0.0,6.606881964512918,6.286160523129555,0.0,0.0,0.0,0.0,0.0,9.901064578912528,0.0,0.0,8.92361111111111,7.506944444444445,0.0,0.0,0.0,0.4305555555555556,-0.36111111111111116,0.0,0.5,4,1,2,0,0,0,0,0,0,0,0,0,2,1,2,0,1,0,0,0,0,0,2.3867249999999993,0,-0.8224,13.1498,0,1,1,0,0,0,0,0,0,0,1,1,0,0,0,0,0,0,0,0,0,0,0,1,0,0,0,0,0,0,0,0,0,0,0,0,0,0,0,0,0,0,0,0,0,0,0,0,0,0,0,0,0,0,0,0,0,0,0,0,0,0,0,0,0,0,0,0,0,0,0,0,0,0,0,0,0,0,0,0,0,0,0,0,0
CCCCCN=NCCO,8.315204790249433,8.315204790249433,0.10841049382716061,0.10841049382716061,0.44655788263677165,11.0,144.21800000000002,128.09,144.126263132,60,0,1.1,1.8,2.4,1.9671544718900458,2.875473646773731,83.67529210449095,7.6568542494923815,6.584281473619161,6.584281473619161,4.914213562373096,3.8557900792370616,3.8557900792370616,2.160769886911103,2.160769886911103,1.1616672736016922,1.1616672736016922,0.6186567927809493,0.6186567927809493,-0.44,9.56,8.560000000000002,7.560000000000003,62.16991531089428,5.106527394840706,0.0,0.0,0.0,0.0,0.0,0.0,0.0,10.228500251258795,0.0,19.765380445542643,6.4208216229260096,0.0,19.696394776338067,5.106527394840706,0.0,0.0,0.0,10.228500251258795,26.186202068468653,19.696394776338067,0.0,0.0,0.0,0.0,0.0,0.0,0.0,24.80292217117877,0.0,0.0,26.186202068468653,10.228500251258795,0.0,0.0,0.0,44.95,0.0,0.0,0.0,6.606881964512918,6.544756405912575,12.965578028838586,12.841643245852019,0.0,0.0,17.152237450949418,5.106527394840706,0.0,0.0,0.0,15.915474064625851,0.0,0.0,0.0,3.554656320861678,3.529869614512472,0.0,1.0,10,1,3,0,0,0,0,0,0,0,0,0,3,1,3,0,6,0,0,0,0,0,8.183360000000004,0,1.6211,41.20080000000001,0,1,1,0,0,0,0,0,0,0,0,0,0,0,0,2,0,0,0,0,0,0,0,0,0,0,0,0,0,0,0,0,1,0,0,0,0,0,0,0,0,0,0,0,0,0,0,0,0,0,0,0,0,0,0,0,0,0,0,0,0,0,0,0,0,0,0,0,0,0,0,0,0,0,0,0,0,0,0,0,0,0,0,2,0
C#CCCOCCCC(O)CC,9.172720222348199,9.172720222348199,0.16552456013269534,-0.16552456013269534,0.4640641680590664,12.416666666666666,170.25199999999998,152.10799999999998,170.130679816,70,0,1.5,2.25,2.8333333333333335,2.103248680345871,2.9612858330434944,126.29049405545331,9.234204518682008,7.7528031114623595,7.7528031114623595,5.8080604124904465,4.501381046239147,4.501381046239147,2.7707969028446,2.7707969028446,1.6880093975729031,1.6880093975729031,0.8583006327597125,0.8583006327597125,-0.52,11.480000000000002,8.575419847328245,7.585485232067512,74.93073443096117,9.843390348640755,0.0,0.0,0.0,0.0,0.0,0.0,0.0,0.0,12.343784214475903,6.923737199690624,19.26246486877803,13.027703587438928,12.71084835226122,9.843390348640755,0.0,0.0,0.0,0.0,38.71099007914297,13.213763929025836,0.0,0.0,12.343784214475903,0.0,0.0,0.0,0.0,24.424257711614842,4.736862953800049,12.343784214475903,32.60702369139466,0.0,0.0,0.0,0.0,29.46,0.0,5.106527394840706,0.0,6.103966387748303,19.634585551951847,19.26246486877803,0.0,0.0,6.923737199690624,5.920434318855644,11.160212849420308,5.215334467120181,0.0,0.0,9.172720222348199,0.0,2.5041620212899973,0.0,8.120356873465639,3.320759749109316,0.0,0.8,12,1,2,0,0,0,0,0,0,0,1,0,2,1,2,0,7,0,0,0,0,1,8.203818320610688,0,1.5774,49.80080000000003,0,1,1,0,0,0,0,0,0,0,0,0,0,0,0,0,0,0,0,0,0,0,0,0,0,0,0,0,0,0,0,0,0,0,0,0,0,0,0,0,0,1,0,0,0,0,0,0,0,0,0,0,0,0,0,0,0,0,0,0,0,0,0,0,0,0,0,0,0,0,0,0,0,0,0,0,0,0,1,0,0,0,0,0,0
C#CCCOCCCC(C)(O)CCCCCCCC,10.23195279037541,10.23195279037541,0.5275459026203073,-0.5275459026203073,0.3982845480393983,14.0,268.4409999999999,236.18499999999995,268.240230264,112,0,1.0,1.631578947368421,2.3157894736842106,2.3759923342174476,3.391690508989833,227.9067889385816,14.399494936611669,12.91809352939202,12.91809352939202,9.121320343559644,7.857399154500786,7.857399154500786,5.684758269440733,5.684758269440733,3.4636793113353908,3.4636793113353908,2.1993846371198194,2.1993846371198194,-0.52,18.48,12.510594217625405,13.708832951945077,119.48532923173747,9.843390348640755,0.0,0.0,0.0,0.0,0.0,0.0,0.0,0.0,12.343784214475903,45.448666937246685,26.186202068468653,13.027703587438928,12.207932775496605,9.843390348640755,0.0,0.0,0.0,0.0,83.65674143962505,13.213763929025836,0.0,0.0,12.343784214475903,0.0,0.0,0.0,0.0,23.921342134850228,4.736862953800049,12.343784214475903,78.05569062864136,0.0,0.0,0.0,0.0,29.46,5.601050810983688,5.106527394840706,0.0,0.0,19.634585551951847,25.683286491704038,32.10410811463005,0.0,6.923737199690624,12.844171518546268,11.160212849420308,5.385773460931221,0.0,0.0,10.23195279037541,-0.5275459026203073,2.54926262140795,0.0,16.095336446095523,5.515220583810207,0.0,0.8823529411764706,19,1,2,0,0,0,0,0,0,0,1,0,2,1,2,0,13,0,0,0,0,1,12.168199007458815,0,4.308100000000004,82.11980000000007,0,1,0,0,0,0,0,0,0,0,0,0,0,0,0,0,0,0,0,0,0,0,0,0,0,0,0,0,0,0,0,0,0,0,0,0,0,0,0,0,0,1,0,0,0,0,0,0,0,0,0,0,0,0,0,0,0,0,0,0,0,0,0,0,0,0,0,0,0,0,0,0,0,0,0,0,0,0,1,0,0,0,0,5,0
CCC#CCCO,8.190382653061224,8.190382653061224,0.1875,0.1875,0.4804311703558446,7.142857142857143,98.14499999999998,88.06499999999998,98.07316494,40,0,1.4285714285714286,2.142857142857143,2.5714285714285716,1.690933805959686,2.908625128121578,75.91614696089364,5.535533905932738,4.5685339390596,4.5685339390596,3.414213562373095,2.480441328389933,2.480441328389933,1.1807135789365264,1.1807135789365264,0.5385800941716263,0.5385800941716263,0.2692900470858131,0.2692900470858131,-0.48,6.52,5.52,5.519999999999998,44.35742074386787,5.106527394840706,0.0,0.0,0.0,0.0,0.0,0.0,0.0,0.0,11.840868637711289,6.923737199690624,0.0,12.841643245852019,6.606881964512918,5.106527394840706,0.0,0.0,0.0,0.0,19.765380445542643,6.606881964512918,0.0,0.0,11.840868637711289,0.0,0.0,0.0,0.0,11.713409359353623,0.0,11.840868637711289,19.765380445542643,0.0,0.0,0.0,0.0,20.23,0.0,0.0,0.0,6.606881964512918,6.4208216229260096,6.4208216229260096,0.0,0.0,6.923737199690624,11.840868637711289,5.106527394840706,0.0,0.0,0.0,8.190382653061224,0.0,5.623888888888889,0.0,1.5077777777777777,2.177950680272109,0.0,0.6666666666666666,7,1,1,0,0,0,0,0,0,0,0,0,1,1,1,0,1,0,0,0,0,0,5.1414857142857135,0,0.7822,29.769799999999986,0,1,1,0,0,0,0,0,0,0,0,0,0,0,0,0,0,0,0,0,0,0,0,0,0,0,0,0,0,0,0,0,0,0,0,0,0,0,0,0,0,0,0,0,0,0,0,0,0,0,0,0,0,0,0,0,0,0,0,0,0,0,0,0,0,0,0,0,0,0,0,0,0,0,0,0,0,0,0,0,0,0,0,0,0
OCCC#CCCCCC1=COCC1,8.488647168578176,8.488647168578176,0.17780235010033008,0.17780235010033008,0.5369644867131504,14.214285714285714,194.27399999999997,176.12999999999997,194.130679816,78,0,1.2857142857142858,2.142857142857143,2.857142857142857,2.6919722502540946,1.918383347847041,232.44162173699897,10.0626316434282,8.589666404645829,8.589666404645829,6.931851652578137,5.293493857975075,5.293493857975075,3.4311572020900187,3.4311572020900187,2.202498517470073,2.202498517470073,1.4077765543392715,1.4077765543392715,-0.94,11.136569678407351,7.4625442677086005,4.935158948094299,85.96518447404092,9.843390348640755,0.0,0.0,0.0,0.0,0.0,0.0,0.0,0.0,11.840868637711289,0.0,24.835569398847298,19.26246486877803,19.475844377446627,9.843390348640755,0.0,0.0,0.0,0.0,38.524929737556064,13.213763929025836,11.835184978490059,0.0,11.840868637711289,0.0,0.0,0.0,0.0,18.32029132386654,4.736862953800049,11.840868637711289,38.524929737556064,11.835184978490059,0.0,0.0,0.0,29.46,0.0,0.0,0.0,6.606881964512918,6.4208216229260096,32.29016845621696,11.993926152995277,0.0,6.26208044842079,11.840868637711289,9.843390348640755,5.149436301533163,0.0,0.0,8.488647168578176,1.4382568289661546,5.975176917989418,0.0,8.070641852585846,1.0445075970139104,0.0,0.6666666666666666,14,1,2,0,1,1,0,0,0,0,0,0,2,1,2,1,5,0,0,0,0,0,5.9362245868240135,1,2.2367999999999997,56.59880000000004,0,1,1,0,0,0,0,0,0,0,0,0,0,0,0,0,0,0,0,0,0,0,0,0,0,0,0,0,0,0,0,0,0,0,0,0,0,0,0,0,0,1,0,0,0,0,0,0,0,0,0,0,0,0,0,0,0,0,0,0,0,0,0,0,0,0,0,0,0,0,0,0,0,0,0,0,0,0,0,0,0,0,0,2,0
O=CCC1=C=COC=COCOCC(O)CC=CCCCC1,10.63533190740036,10.63533190740036,0.05216237631416232,-0.5240519384215274,0.48249409228707363,21.863636363636363,308.3740000000001,284.182,308.16237386800003,122,0,1.3181818181818181,2.227272727272727,3.090909090909091,2.5096082614412927,2.535343879269028,418.76523442531715,15.882622599737113,12.778512891175176,12.778512891175176,10.82569850269549,7.520723369881007,7.520723369881007,4.906802002446754,4.906802002446754,3.02695421524875,3.02695421524875,1.8730695371150075,1.8730695371150075,-1.81,18.23952947003467,12.895131295719038,9.995003606519518,131.11047311666943,24.111653440312672,25.072401868391925,6.792942306099827,0.0,0.0,0.0,0.0,0.0,0.0,0.0,17.883258804409515,37.67721264469931,6.4208216229260096,12.71084835226122,24.111653440312672,6.286160523129555,0.0,0.0,0.0,44.628896125304365,13.399824270612745,42.242604679741156,0.0,0.0,0.0,0.0,0.0,0.0,30.896478576331305,19.005126045471968,0.0,38.524929737556064,42.242604679741156,0.0,0.0,0.0,64.99000000000001,6.103966387748303,9.901064578912528,0.0,13.399824270612745,12.841643245852019,37.542551544902864,18.786241345262372,0.0,6.076020106833881,11.807238697575634,14.210588861400147,15.274952648695436,0.0,10.63533190740036,9.671372405779769,3.9039079811982953,0.0,0.0,13.229402675964275,0.28503238096186845,0.0,0.5294117647058824,22,1,5,0,1,1,0,0,0,0,1,0,5,1,5,1,2,0,0,0,0,1,10.690960331283353,1,2.9741000000000017,82.63780000000004,0,1,1,0,0,0,0,0,0,0,1,1,0,0,0,0,0,0,0,0,0,0,0,1,0,0,2,0,0,0,0,0,0,0,0,0,0,0,0,0,0,3,0,0,0,0,0,0,0,0,0,0,0,0,0,0,0,0,0,0,0,0,0,0,0,0,0,0,0,0,0,0,0,0,0,0,0,0,0,0,0,0,0,0,0
CCCCCCC(O)CC,9.157253401360544,9.157253401360544,0.044577664399093386,-0.044577664399093386,0.5682059195571066,13.5,144.25799999999998,124.09799999999997,144.15141526,62,0,1.1,1.8,2.3,1.9755176176742362,2.8861627976234385,61.74860596185444,7.819990956308912,7.26720455180887,7.26720455180887,4.808060412490447,4.488909033047982,4.488909033047982,2.9114071031034205,2.9114071031034205,1.8621504463605854,1.8621504463605854,1.0108630680409088,1.0108630680409088,-0.04,9.96,7.071607142857144,6.08562814070352,64.45302169519842,5.106527394840706,0.0,0.0,0.0,0.0,0.0,0.0,0.0,0.0,0.0,39.53076089108528,12.841643245852019,0.0,6.103966387748303,5.106527394840706,0.0,0.0,0.0,0.0,58.476370524685606,0.0,0.0,0.0,0.0,0.0,0.0,0.0,0.0,11.210493782589008,0.0,0.0,52.372404136937305,0.0,0.0,0.0,0.0,20.23,0.0,0.0,0.0,6.103966387748303,0.0,12.841643245852019,25.683286491704038,0.0,6.923737199690624,6.923737199690624,5.106527394840706,0.0,0.0,0.0,9.157253401360544,0.0,0.0,0.0,6.939238000755858,4.236841931216931,0.0,1.0,10,1,1,0,0,0,0,0,0,0,1,0,1,1,1,0,6,0,0,0,0,1,7.0433207142857155,0,2.7277000000000013,45.05680000000002,0,1,1,0,0,0,0,0,0,0,0,0,0,0,0,0,0,0,0,0,0,0,0,0,0,0,0,0,0,0,0,0,0,0,0,0,0,0,0,0,0,0,0,0,0,0,0,0,0,0,0,0,0,0,0,0,0,0,0,0,0,0,0,0,0,0,0,0,0,0,0,0,0,0,0,0,0,0,0,0,0,0,0,3,0
CCC(C)O,8.36111111111111,8.36111111111111,0.11574074074074092,-0.11574074074074092,0.4869274292842043,15.0,74.12299999999999,64.04299999999999,74.07316494,32,0,1.8,2.0,2.0,1.3787834934861756,2.5395388613593908,17.609640474436812,4.284457050376173,3.731670645876131,3.731670645876131,2.270055610029662,1.9509042305871975,1.9509042305871975,1.2572696565099426,1.2572696565099426,0.5908224762989184,0.5908224762989184,0.0,0.0,-0.04,4.960000000000001,2.212525252525253,3.9600000000000004,32.62831112321538,5.106527394840706,0.0,0.0,0.0,0.0,0.0,0.0,0.0,0.0,0.0,6.923737199690624,13.344558822616634,0.0,6.103966387748303,5.106527394840706,0.0,0.0,0.0,0.0,26.37226241005556,0.0,0.0,0.0,0.0,0.0,0.0,0.0,0.0,11.210493782589008,0.0,0.0,20.268296022307258,0.0,0.0,0.0,0.0,20.23,0.0,0.0,0.0,6.103966387748303,0.0,6.4208216229260096,0.0,6.923737199690624,6.923737199690624,0.0,5.106527394840706,0.0,0.0,0.0,8.36111111111111,0.0,0.0,0.0,0.7453703703703702,3.726851851851852,0.0,1.0,5,1,1,0,0,0,0,0,0,0,1,0,1,1,1,0,1,0,0,0,0,1,2.1948250505050515,0,0.7771999999999999,21.971799999999995,0,1,1,0,0,0,0,0,0,0,0,0,0,0,0,0,0,0,0,0,0,0,0,0,0,0,0,0,0,0,0,0,0,0,0,0,0,0,0,0,0,0,0,0,0,0,0,0,0,0,0,0,0,0,0,0,0,0,0,0,0,0,0,0,0,0,0,0,0,0,0,0,0,0,0,0,0,0,0,0,0,0,0,0,0
CCCCCCCC=CCCO,8.48767265067184,8.48767265067184,0.28406221303948587,0.28406221303948587,0.43757982689483144,11.166666666666666,170.29599999999996,148.11999999999998,170.167065324,72,0,0.9166666666666666,1.5833333333333333,2.25,2.098390961316241,2.8966085510324353,97.17723487531201,9.071067811865477,8.258768383371592,8.258768383371592,5.914213562373096,5.173164461464445,5.173164461464445,3.186575150103731,3.186575150103731,1.9367769806987858,1.9367769806987858,1.1759799477339468,1.1759799477339468,-0.3,11.7,10.7,9.700000000000001,76.4933028918074,5.106527394840706,0.0,0.0,0.0,0.0,0.0,0.0,0.0,0.0,0.0,44.75906390506242,19.26246486877803,6.606881964512918,0.0,5.106527394840706,0.0,0.0,0.0,0.0,51.8694885601727,6.606881964512918,12.152040213667762,0.0,0.0,0.0,0.0,0.0,0.0,11.713409359353623,0.0,0.0,51.8694885601727,12.152040213667762,0.0,0.0,0.0,20.23,0.0,0.0,0.0,6.606881964512918,0.0,6.4208216229260096,38.524929737556064,0.0,0.0,19.075777413358384,5.106527394840706,0.0,0.0,0.0,8.48767265067184,0.0,0.0,0.0,12.991012156584397,2.5213151927437645,0.0,0.8181818181818182,12,1,1,0,0,0,0,0,0,0,0,0,1,1,1,0,8,0,0,0,0,0,10.4325,0,3.285500000000002,54.21880000000004,0,1,1,0,0,0,0,0,0,0,0,0,0,0,0,0,0,0,0,0,0,0,0,0,0,0,1,0,0,0,0,0,0,0,0,0,0,0,0,0,0,0,0,0,0,0,0,0,0,0,0,0,0,0,0,0,0,0,0,0,0,0,0,0,0,0,0,0,0,0,0,0,0,0,0,0,0,0,0,0,0,0,0,5,0
CCCC1CN1ONCCCCCCC=CCCO,8.605636970132348,8.605636970132348,0.2622027491938075,0.2622027491938075,0.23371093517432134,22.210526315789473,270.4169999999999,240.17699999999996,270.2307282,112,0,1.2105263157894737,2.0,2.789473684210526,3.1469408686060074,1.7244398616328853,234.18546385591588,13.76130225617747,12.312900882084683,12.312900882084683,9.380540057561882,7.804339419816431,7.804339419816431,5.214355523061038,5.214355523061038,3.330145028593688,3.330145028593688,2.092582986663003,2.092582986663003,-0.42,16.63382131324004,11.410303133331633,9.16327871978396,117.27855827813885,5.106527394840706,0.0,0.0,0.0,0.0,0.0,0.0,4.938314213673218,10.543314323086552,0.0,38.33824228213641,32.10410811463005,19.696394776338067,6.041840829147961,10.044841608513924,0.0,0.0,10.543314323086552,0.0,64.33215101224668,19.696394776338067,12.152040213667762,0.0,0.0,5.480096598121202,0.0,0.0,0.0,35.907980725292084,4.938314213673218,0.0,58.29031018309871,12.152040213667762,0.0,0.0,0.0,44.5,0.0,0.0,0.0,6.606881964512918,6.041840829147961,25.931156057677168,38.524929737556064,0.0,5.063217724965349,24.555874011479588,10.044841608513924,0.0,0.0,5.438617167556978,10.628904585665303,3.0386953805473826,0.0,0.6557480917245802,13.573412690929057,4.49795541691003,0.0,0.8666666666666667,19,2,4,0,1,1,0,0,0,0,2,0,4,2,4,1,13,0,1,1,0,2,9.98931281314428,1,2.7960000000000016,78.41750000000005,0,1,1,0,0,0,0,0,0,0,0,0,0,0,0,1,1,0,3,0,0,0,0,0,0,0,1,0,0,0,0,0,0,0,0,0,0,0,0,0,0,0,0,0,0,0,0,0,0,0,0,0,0,0,0,0,0,0,0,0,0,0,0,0,0,0,0,0,0,0,0,0,0,0,0,0,0,0,0,0,0,0,0,4,0
O=CCN[N+]=[N+]CCCCCC1CN1ONCCCCCCC=CCCO,10.057907785736184,10.057907785736184,0.22100432198365505,0.22100432198365505,0.07331533733747944,19.14814814814815,383.53700000000026,346.24100000000016,383.28854288418,154,2,1.0740740740740742,1.8888888888888888,2.740740740740741,3.4272459947796228,1.7582033570031075,406.8063608829276,19.418156505669845,16.521353757484277,16.521353757484277,13.380540057561882,10.334571143849352,10.334571143849352,6.768948543735167,6.768948543735167,4.319749704727398,4.319749704727398,2.676705025031496,2.676705025031496,-1.35,23.688986354775828,18.03387032428738,15.406503385323864,162.86662488410118,5.106527394840706,0.0,6.286160523129555,13.08951281182515,5.114250125629398,5.2232529187334515,4.794537184071822,4.938314213673218,10.543314323086552,0.0,31.41450508244579,44.94575136048208,25.122186173448455,6.041840829147961,14.839378792585746,6.286160523129555,0.0,26.306608764559783,0.0,70.25005705840807,32.78590758816322,12.152040213667762,0.0,0.0,21.243391039594435,0.0,0.0,0.0,55.28365406024678,9.73285139774504,0.0,64.20821622926012,12.152040213667762,0.0,0.0,0.0,101.80000000000001,0.0,4.794537184071822,0.0,13.151638370425493,12.586597235060536,57.90060307251076,25.683286491704038,0.0,5.063217724965349,33.395431253262196,10.044841608513924,0.0,0.0,15.60682495670547,18.31325238442113,5.613674856623788,0.0,0.5547150707465736,16.161300201312887,3.083565863523484,0.0,0.8421052631578947,27,3,8,0,1,1,0,0,0,0,2,0,7,3,8,1,20,0,1,1,0,2,15.822374371697798,1,1.3836,105.17920000000008,0,1,1,0,0,0,0,0,0,0,1,1,0,0,0,3,2,0,3,0,0,0,0,1,0,0,1,0,0,0,0,0,0,0,0,0,0,0,0,0,0,0,0,0,0,0,0,0,0,0,0,0,0,0,0,0,0,0,0,0,0,0,0,0,0,0,0,0,0,0,0,0,0,0,0,0,0,0,0,0,0,0,0,6,0
C#CCCCOCCN[N+]=[N+]CCCCCC1CN1ONCCCCCCC=CCCO,8.692457066762401,8.692457066762401,0.24754853833346835,0.24754853833346835,0.05215988753894234,17.875,451.6560000000003,406.2960000000002,451.35114314018,182,2,1.0,1.84375,2.71875,3.5541771546953846,1.7390697312496022,510.3533756714357,22.953690411602576,19.849780882230466,19.849780882230466,15.880540057561882,12.410199387367687,12.410199387367687,8.068207703357569,8.068207703357569,5.113121714453756,5.113121714453756,3.1447797279641803,3.1447797279641803,-1.5,28.5327868852459,22.685325443786983,19.205279572287814,194.6425839774066,9.843390348640755,0.0,6.544756405912575,6.544756405912575,5.114250125629398,5.2232529187334515,0.0,4.938314213673218,10.543314323086552,12.343784214475903,31.41450508244579,51.36657298340809,38.14988976088738,12.648722793660879,14.781704562313973,0.0,0.0,26.306608764559783,0.0,83.0917003042601,45.99967151718905,12.152040213667762,0.0,12.343784214475903,21.243391039594435,0.0,0.0,0.0,62.21125746614306,9.675177167473267,12.343784214475903,77.04985947511214,12.152040213667762,0.0,0.0,0.0,93.96000000000001,0.0,0.0,0.0,6.606881964512918,25.80036116408637,58.15919895529379,38.524929737556064,0.0,5.063217724965349,39.315865572117836,21.20505445793423,5.410321632536517,0.0,5.595056076023727,18.815134341480913,5.982457288033171,2.5950193059206526,0.5667910715698558,22.416827503770765,4.951726113997727,0.0,0.8333333333333334,32,3,8,0,1,1,0,0,0,0,2,0,7,3,8,1,24,0,1,1,0,2,20.227361134688138,1,2.6147000000000005,128.0012000000001,0,1,1,0,0,0,0,0,0,0,0,0,0,0,0,3,2,0,3,0,0,0,0,0,0,0,1,0,0,0,0,0,0,0,0,0,0,0,0,0,0,1,0,0,0,0,0,0,0,0,0,0,0,0,0,0,0,0,0,0,0,0,0,0,0,0,0,0,0,0,0,0,0,0,0,0,0,0,1,0,0,0,0,7,0
OCCC=CCCCCCCNON1CC1CCCCC[N+]=[N+]NCCOCCCCC1=C=CCNCCCC=N1,8.72747835124446,8.72747835124446,0.2468871203492229,0.2468871203492229,0.030889119188777233,19.29268292682927,575.8430000000002,518.3870000000003,575.4511915241801,232,2,1.048780487804878,1.951219512195122,2.902439024390244,3.744014273280234,1.2683895248913282,768.8104449717714,28.895001711471117,25.40987865285278,25.40987865285278,20.39817814776692,16.165608436979095,16.165608436979095,10.670818939556945,10.670818939556945,6.904561942584061,6.904561942584061,4.375208918724451,4.375208918724451,-1.91,35.28706222237183,26.955316880804393,22.37316141278425,248.25810083789406,15.160178952647087,0.0,6.544756405912575,6.544756405912575,5.114250125629398,5.2232529187334515,4.992404732635669,4.938314213673218,10.543314323086552,5.731218590741754,31.414505082445793,89.6706359878586,44.48842512340926,18.345762106716712,14.781704562313973,6.2146005795353165,0.0,31.623397368566113,4.992404732635669,102.35416517303814,59.089184329014195,29.65631822429923,0.0,0.0,26.560179643600765,0.0,0.0,0.0,81.51537085750353,9.675177167473267,0.0,96.31232434389018,34.6487229569349,0.0,0.0,0.0,118.35,0.0,0.0,0.0,6.606881964512918,19.193479199573453,102.81509791346573,38.524929737556064,0.0,17.353838411334547,49.43584318064595,14.781704562313973,5.688535333918509,0.0,10.191272253940884,22.395584285769278,10.421297519514958,0.0,0.5621317216832461,24.804393129409974,6.936785755763147,0.0,0.8064516129032258,41,4,10,0,2,2,0,0,0,0,2,0,9,4,10,2,26,0,1,1,0,2,23.199364487724253,2,3.8648000000000033,165.97689999999966,0,1,1,0,0,0,0,0,0,0,0,0,0,0,1,4,3,0,3,0,0,0,0,0,0,0,1,0,0,0,0,0,0,0,0,0,0,0,0,0,0,1,0,0,0,0,0,0,0,0,0,0,0,0,0,0,0,0,0,0,0,0,0,0,0,0,0,0,0,0,0,0,0,0,0,0,0,0,0,0,0,0,0,7,0
CCCC=CCCO,8.314336734693878,8.314336734693878,0.27799036281179146,0.27799036281179146,0.5516566771777973,10.75,114.18799999999999,100.07599999999998,114.104465068,48,0,1.25,1.875,2.375,1.8088121254443208,2.831978752333332,49.407165571558394,6.242640687119286,5.4303412586254005,5.4303412586254005,3.914213562373095,3.173164461464445,3.173164461464445,1.7723615877306362,1.7723615877306362,0.9177745794683934,0.9177745794683934,0.47690452631217545,0.47690452631217545,-0.3,7.7,6.7,5.699999999999999,51.03353443422095,5.106527394840706,0.0,0.0,0.0,0.0,0.0,0.0,0.0,0.0,0.0,25.496599036284394,12.841643245852019,6.606881964512918,0.0,5.106527394840706,0.0,0.0,0.0,0.0,26.186202068468653,6.606881964512918,12.152040213667762,0.0,0.0,0.0,0.0,0.0,0.0,11.713409359353623,0.0,0.0,26.186202068468653,12.152040213667762,0.0,0.0,0.0,20.23,0.0,0.0,0.0,6.606881964512918,0.0,12.841643245852019,6.4208216229260096,0.0,6.076020106833881,12.999757306524504,5.106527394840706,0.0,0.0,0.0,8.314336734693878,0.0,0.0,0.0,7.265524376417233,2.4201388888888893,0.0,0.7142857142857143,8,1,1,0,0,0,0,0,0,0,0,0,1,1,1,0,4,0,0,0,0,0,6.44875,0,1.7250999999999999,35.75079999999999,0,1,1,0,0,0,0,0,0,0,0,0,0,0,0,0,0,0,0,0,0,0,0,0,0,0,1,0,0,0,0,0,0,0,0,0,0,0,0,0,0,0,0,0,0,0,0,0,0,0,0,0,0,0,0,0,0,0,0,0,0,0,0,0,0,0,0,0,0,0,0,0,0,0,0,0,0,0,0,0,0,0,0,1,0
CCOCCCO,8.212882653061225,8.212882653061225,0.23611111111111116,0.23611111111111116,0.5231698368256404,9.428571428571429,104.149,92.05299999999998,104.083729624,44,0,1.5714285714285714,2.2857142857142856,2.7142857142857144,1.690933805959686,2.447472887876344,25.26112492884004,5.535533905932738,4.683889010710011,4.683889010710011,3.414213562373095,2.600684816393011,2.600684816393011,1.2740836134019287,1.2740836134019287,0.6509131628351633,0.6509131628351633,0.31094936235016246,0.31094936235016246,-0.08,6.92,5.92,5.920000000000001,44.10679846711887,9.843390348640755,0.0,0.0,0.0,0.0,0.0,0.0,0.0,0.0,0.0,0.0,13.344558822616634,19.820645893538753,0.0,9.843390348640755,0.0,0.0,0.0,0.0,13.344558822616634,19.820645893538753,0.0,0.0,0.0,0.0,0.0,0.0,0.0,24.927173288379457,4.736862953800049,0.0,13.344558822616634,0.0,0.0,0.0,0.0,29.46,0.0,0.0,0.0,6.606881964512918,6.606881964512918,13.027703587438928,0.0,0.0,6.923737199690624,0.0,9.843390348640755,4.913888888888889,0.0,0.0,8.212882653061225,0.0,0.0,0.0,0.7577777777777778,3.615450680272109,0.0,1.0,7,1,2,0,0,0,0,0,0,0,0,0,2,1,2,0,4,0,0,0,0,0,5.852342857142857,0,0.40530000000000005,28.195799999999988,0,1,1,0,0,0,0,0,0,0,0,0,0,0,0,0,0,0,0,0,0,0,0,0,0,0,0,0,0,0,0,0,0,0,0,0,0,0,0,0,0,1,0,0,0,0,0,0,0,0,0,0,0,0,0,0,0,0,0,0,0,0,0,0,0,0,0,0,0,0,0,0,0,0,0,0,0,0,0,0,0,0,0,0,0
C=NC=CCCCCCO,8.422419690098263,8.422419690098263,0.3089510109599396,0.3089510109599396,0.4433571955431316,10.5,141.21400000000003,126.09399999999997,141.1153641,58,0,1.3,2.1,2.7,1.9671544718900458,2.896179903666618,99.43071362054204,7.6568542494923815,6.291768416498453,6.291768416498453,4.914213562373096,3.6322360455780336,3.6322360455780336,2.14028974885517,2.14028974885517,1.239723205584909,1.239723205584909,0.6998399901667766,0.6998399901667766,-0.6300000000000001,9.37,8.369999999999997,7.369999999999997,62.293799034477686,5.106527394840706,0.0,0.0,0.0,0.0,0.0,4.992404732635669,0.0,0.0,0.0,12.49684172975989,25.97998102507796,12.806836854333365,0.0,5.106527394840706,6.717516156299933,0.0,0.0,4.992404732635669,25.683286491704038,6.606881964512918,12.27597499665433,0.0,0.0,0.0,0.0,0.0,0.0,18.430925515653556,0.0,0.0,25.683286491704038,17.268379729289997,0.0,0.0,0.0,32.59,0.0,0.0,0.0,0.0,6.606881964512918,25.683286491704038,0.0,6.199954889820448,6.076020106833881,11.709920888935603,5.106527394840706,0.0,0.0,3.5735404856387,8.422419690098263,0.0,0.0,0.0,7.877242772108844,3.626797052154195,0.0,0.625,10,1,2,0,0,0,0,0,0,0,0,0,2,1,2,0,6,0,0,0,0,0,7.8426899999999975,0,1.7534,44.24280000000002,0,1,1,0,0,0,0,0,0,0,0,0,0,0,1,1,0,0,0,0,0,0,0,0,0,0,1,0,0,0,0,0,0,0,0,0,0,0,0,0,0,0,0,0,0,0,0,0,0,0,0,0,0,0,0,0,0,0,0,0,0,0,0,0,0,0,0,0,0,0,0,0,0,0,0,0,0,0,0,0,0,0,0,3,0
CCCCCCO,8.292882653061223,8.292882653061223,0.36111111111111116,0.36111111111111116,0.5339278817039772,9.428571428571429,102.17699999999999,88.06499999999998,102.104465068,44,0,1.1428571428571428,1.8571428571428572,2.2857142857142856,1.690933805959686,2.447472887876344,23.360990398949916,5.535533905932738,4.982747501432696,4.982747501432696,3.414213562373095,3.0233345472033855,3.0233345472033855,1.7842669695298,1.7842669695298,1.0116672736016925,1.0116672736016925,0.5385800941716262,0.5385800941716262,-0.04,6.96,5.959999999999999,5.960000000000001,45.35819535200859,5.106527394840706,0.0,0.0,0.0,0.0,0.0,0.0,0.0,0.0,0.0,26.186202068468653,6.4208216229260096,6.606881964512918,0.0,5.106527394840706,0.0,0.0,0.0,0.0,32.60702369139466,6.606881964512918,0.0,0.0,0.0,0.0,0.0,0.0,0.0,11.713409359353623,0.0,0.0,32.60702369139466,0.0,0.0,0.0,0.0,20.23,0.0,0.0,0.0,0.0,6.606881964512918,6.4208216229260096,19.26246486877803,0.0,0.0,6.923737199690624,5.106527394840706,0.0,0.0,0.0,8.292882653061223,0.0,0.0,0.0,4.6819444444444445,2.5251729024943312,0.0,1.0,7,1,1,0,0,0,0,0,0,0,0,0,1,1,1,0,4,0,0,0,0,0,5.925942857142856,0,1.559,31.22779999999998,0,1,1,0,0,0,0,0,0,0,0,0,0,0,0,0,0,0,0,0,0,0,0,0,0,0,0,0,0,0,0,0,0,0,0,0,0,0,0,0,0,0,0,0,0,0,0,0,0,0,0,0,0,0,0,0,0,0,0,0,0,0,0,0,0,0,0,0,0,0,0,0,0,0,0,0,0,0,0,0,0,0,0,3,0
CCCCCCCCCCCO,8.53892265067184,8.53892265067184,0.3708677685950412,0.3708677685950412,0.5276216187512563,10.5,172.31199999999998,148.11999999999998,172.182715388,74,0,0.6666666666666666,1.0833333333333333,1.5,2.098390961316241,2.72724281291869,61.404364101390854,9.071067811865477,8.518281407365436,8.518281407365436,5.914213562373096,5.523334547203385,5.523334547203385,3.5520339224961677,3.5520339224961677,2.2616672736016925,2.2616672736016925,1.4224635706548099,1.4224635706548099,-0.04,11.96,10.96,9.96,77.18290592399167,5.106527394840706,0.0,0.0,0.0,0.0,0.0,0.0,0.0,0.0,0.0,58.29031018309871,6.4208216229260096,6.606881964512918,0.0,5.106527394840706,0.0,0.0,0.0,0.0,64.71113180602472,6.606881964512918,0.0,0.0,0.0,0.0,0.0,0.0,0.0,11.713409359353623,0.0,0.0,64.71113180602472,0.0,0.0,0.0,0.0,20.23,0.0,0.0,0.0,0.0,6.606881964512918,6.4208216229260096,51.36657298340809,0.0,0.0,6.923737199690624,5.106527394840706,0.0,0.0,0.0,8.53892265067184,0.0,0.0,0.0,11.838971261522667,2.6221060878054923,0.0,1.0,12,1,1,0,0,0,0,0,0,0,0,0,1,1,1,0,9,0,0,0,0,0,10.923466666666668,0,3.5095000000000023,54.31280000000004,0,1,1,0,0,0,0,0,0,0,0,0,0,0,0,0,0,0,0,0,0,0,0,0,0,0,0,0,0,0,0,0,0,0,0,0,0,0,0,0,0,0,0,0,0,0,0,0,0,0,0,0,0,0,0,0,0,0,0,0,0,0,0,0,0,0,0,0,0,0,0,0,0,0,0,0,0,0,0,0,0,0,0,8,0
OCCCCCCCCCCCCCCC1=CC1,8.658320123541658,8.658320123541658,0.3723061342592593,0.3723061342592593,0.32489002657397115,13.722222222222221,252.44199999999992,220.18599999999995,252.24531564400002,106,0,0.6666666666666666,1.0555555555555556,1.4444444444444444,3.1896510397436386,1.6154180423129736,207.65563170332842,12.891058768174391,12.1311655824878,12.1311655824878,8.931851652578137,8.220257972262061,8.220257972262061,5.782744065796989,5.782744065796989,3.8988041207258437,3.8988041207258437,2.5079253533379577,2.5079253533379577,-0.30000000000000004,15.756497175141241,11.771520489576481,10.828985923585178,113.67712442465783,5.106527394840706,0.0,0.0,0.0,0.0,0.0,0.0,0.0,0.0,0.0,75.85734086616327,25.683286491704038,6.606881964512918,0.0,5.106527394840706,0.0,0.0,0.0,0.0,89.89150272096417,6.606881964512918,11.64912463690315,0.0,0.0,0.0,0.0,0.0,0.0,11.713409359353623,0.0,0.0,89.89150272096417,11.64912463690315,0.0,0.0,0.0,20.23,0.0,0.0,0.0,0.0,6.606881964512918,6.4208216229260096,83.47068109803816,5.573104530069267,0.0,6.076020106833881,5.106527394840706,0.0,0.0,0.0,8.658320123541658,1.704812963907498,0.0,0.0,21.431227444958253,0.3723061342592593,0.0,0.8823529411764706,18,1,1,1,0,1,0,0,0,0,0,0,1,1,1,0,14,0,0,0,0,0,10.304329407840505,1,5.380100000000006,79.80680000000007,0,1,1,0,0,0,0,0,0,0,0,0,0,0,0,0,0,0,0,0,0,0,0,0,0,0,2,0,0,0,0,0,0,0,0,0,0,0,0,0,0,0,0,0,0,0,0,0,0,0,0,0,0,0,0,0,0,0,0,0,0,0,0,0,0,0,0,0,0,0,0,0,0,0,0,0,0,0,0,0,0,0,0,11,0
CC1CC=C(CCCCCCCCCCCCCCO)CCOC1,8.727200163553968,8.727200163553968,0.3652626564940209,0.3652626564940209,0.2922363272703312,18.916666666666668,338.5760000000001,296.24,338.318480584,142,0,0.875,1.4166666666666667,2.0,2.572391974296604,1.837578504626625,298.3450401437983,17.296836162110207,16.238084485700934,16.238084485700934,11.82569850269549,10.691455091569038,10.691455091569038,7.744408853613645,7.744408853613645,5.18478286232345,5.18478286232345,3.484430010891701,3.484430010891701,-0.33999999999999997,21.70226542688081,16.145946385645004,13.007648615079502,150.61538022614778,9.843390348640755,0.0,0.0,0.0,0.0,0.0,0.0,0.0,0.0,0.0,82.78107806585389,38.02201416079144,13.213763929025836,6.606881964512918,9.843390348640755,0.0,0.0,0.0,5.917906046161393,103.2360615435808,19.820645893538753,11.64912463690315,0.0,0.0,0.0,0.0,0.0,0.0,24.92717328837946,4.736862953800049,5.917906046161393,103.2360615435808,11.64912463690315,0.0,0.0,0.0,29.46,0.0,0.0,0.0,0.0,12.52478801067431,26.055407174877857,83.47068109803816,5.573104530069267,0.0,12.999757306524504,9.843390348640755,5.683935187938902,0.0,0.0,8.727200163553968,1.6414333342778684,0.6897944557569808,0.0,22.2423944318736,4.515242426598681,0.0,0.9090909090909091,24,1,2,0,1,1,0,0,0,0,1,0,2,1,2,1,14,0,0,0,0,1,14.600150584560614,1,6.422900000000007,104.40680000000009,0,1,1,0,0,0,0,0,0,0,0,0,0,0,0,0,0,0,0,0,0,0,0,0,0,0,1,0,0,0,0,0,0,0,0,0,0,0,0,0,0,1,0,0,0,0,0,0,0,0,0,0,0,0,0,0,0,0,0,0,0,0,0,0,0,0,0,0,0,0,0,0,0,0,0,0,0,0,0,0,0,0,0,11,0
CC1C=NCCNCCCC=C(CCCCCCCCCCCCCCO)CCOC1,8.786511141598211,8.786511141598211,0.358683214169889,0.358683214169889,0.24213944998415096,19.548387096774192,436.7250000000004,384.3090000000002,436.4028789039999,182,0,0.9354838709677419,1.5806451612903225,2.2580645161290325,2.7784973364195786,2.0736492368385866,436.9523706545687,22.24658363041603,20.591075475136698,20.591075475136698,15.32569850269549,13.398073571389055,13.398073571389055,9.328299469161408,9.328299469161408,6.122521071076386,6.122521071076386,4.132614103895598,4.132614103895598,-0.7100000000000001,28.323014196104324,22.482736812110673,19.683342646130868,192.885275467599,15.160178952647087,0.0,0.0,0.0,0.0,0.0,4.992404732635669,0.0,0.0,0.0,82.78107806585389,45.069686143468644,25.284144996122205,19.75852033493841,9.843390348640755,6.2146005795353165,0.0,5.316788604006331,10.910310778797061,109.65688316650682,39.45491511127648,11.64912463690315,0.0,0.0,5.316788604006331,0.0,0.0,0.0,50.776043085652496,4.736862953800049,5.917906046161393,109.65688316650682,16.641529369538816,0.0,0.0,0.0,53.85000000000001,0.0,0.0,0.0,0.0,12.52478801067431,45.689676392615574,89.89150272096417,5.573104530069267,0.0,29.52355122270182,9.843390348640755,5.9123039521112375,0.0,4.4893092525458895,12.28339717462688,1.6086945304229932,0.406314534933619,0.0,25.181058774113573,7.118921781245806,0.0,0.8888888888888888,31,2,4,0,1,1,0,0,0,0,1,0,4,2,4,1,14,0,0,0,0,1,20.54125399666735,1,6.473400000000009,135.25250000000003,0,1,1,0,0,0,0,0,0,0,0,0,0,0,1,1,1,0,0,0,0,0,0,0,0,0,1,0,0,0,0,0,0,0,0,0,0,0,0,0,0,1,0,0,0,0,0,0,0,0,0,0,0,0,0,0,0,0,0,0,0,0,0,0,0,0,0,0,0,0,0,0,0,0,0,0,0,0,0,0,0,0,0,11,0
CC1=CCCCCC=C(CCCCCCCCCCCCCCO)CCOCC(C)C=NCCNCCCC1,8.84240720105899,8.84240720105899,0.35715989512061563,0.35715989512061563,0.16847939774037493,20.025641025641026,546.9250000000002,480.39700000000033,546.512429352,228,0,0.7948717948717948,1.435897435897436,2.128205128205128,2.9304222614547326,2.305508871707378,613.7653491262529,28.066574586724933,26.20395965025906,26.20395965025906,19.21954535281284,16.948550387041003,16.948550387041003,11.97811159118799,11.97811159118799,7.890558758729107,7.890558758729107,5.298589718932351,5.298589718932351,-0.9700000000000002,36.05629503023928,28.554805239016837,25.72262027978271,243.1152093505876,15.160178952647087,0.0,0.0,0.0,0.0,0.0,4.992404732635669,0.0,0.0,0.0,94.43020270275704,84.09753145778933,25.284144996122205,19.75852033493841,9.843390348640755,6.2146005795353165,0.0,5.316788604006331,10.910310778797061,148.68472848082752,39.45491511127648,23.2982492738063,0.0,0.0,5.316788604006331,0.0,0.0,0.0,50.776043085652496,4.736862953800049,5.917906046161393,148.68472848082752,28.29065400644197,0.0,0.0,0.0,53.85,0.0,0.0,0.0,0.0,12.52478801067431,45.689676392615574,121.99561083559423,11.146209060138535,0.0,42.52330852922633,9.843390348640755,6.052672664487526,0.0,4.596138392004449,12.368284177220104,3.190563346737055,0.3854744845986191,0.0,34.14521212882141,9.428321472797501,0.0,0.8571428571428571,39,2,4,0,1,1,0,0,0,0,1,0,4,2,4,1,14,0,0,0,0,1,26.399499544333676,1,9.370200000000004,172.0944999999996,0,1,1,0,0,0,0,0,0,0,0,0,0,0,1,1,1,0,0,0,0,0,0,0,0,0,3,0,0,0,0,0,0,0,0,0,0,0,0,0,0,1,0,0,0,0,0,0,0,0,0,0,0,0,0,0,0,0,0,0,0,0,0,0,0,0,0,0,0,0,0,0,0,0,0,0,0,0,0,0,0,0,0,11,0
C=CCCO,7.995,7.995,0.22569444444444442,0.22569444444444442,0.4722860342641728,7.4,72.10699999999999,64.04299999999999,72.057514876,30,0,1.8,2.4,2.4,1.4056390622295665,2.4017152226171965,24.828921423310437,4.121320343559642,3.145884208249226,3.145884208249226,2.414213562373095,1.6327243469445638,1.6327243469445638,0.8009570669396047,0.8009570669396047,0.33322359010551206,0.33322359010551206,0.09128709291752767,0.09128709291752767,-0.3,4.7,3.7,3.7000000000000015,31.938708091031135,5.106527394840706,0.0,0.0,0.0,0.0,0.0,0.0,0.0,0.0,6.578935683598497,6.076020106833881,6.4208216229260096,6.606881964512918,0.0,5.106527394840706,0.0,0.0,0.0,0.0,6.4208216229260096,6.606881964512918,12.654955790432378,0.0,0.0,0.0,0.0,0.0,0.0,11.713409359353623,0.0,0.0,6.4208216229260096,12.654955790432378,0.0,0.0,0.0,20.23,0.0,0.0,0.0,6.606881964512918,6.4208216229260096,0.0,0.0,6.076020106833881,0.0,6.578935683598497,5.106527394840706,0.0,0.0,0.0,7.995,0.0,0.0,0.0,2.388888888888889,3.6161111111111115,0.0,0.5,5,1,1,0,0,0,0,0,0,0,0,0,1,1,1,0,2,0,0,0,0,0,3.478,0,0.5548,21.899799999999995,0,1,1,0,0,0,0,0,0,0,0,0,0,0,0,0,0,0,0,0,0,0,0,0,0,0,0,0,0,0,0,0,0,0,0,0,0,0,0,0,0,0,0,0,0,0,0,0,0,0,0,0,0,0,0,0,0,0,0,0,0,0,0,0,0,0,0,0,0,0,0,0,0,0,0,0,0,0,0,0,0,0,0,0,0
CCC=CCCO,8.241632653061224,8.241632653061224,0.2743055555555556,0.2743055555555556,0.5304015629545966,10.571428571428571,100.161,88.06499999999998,100.088815004,42,0,1.4285714285714286,2.142857142857143,2.5714285714285716,1.690933805959686,2.7771492902446893,48.14170945007629,5.535533905932738,4.723234477438853,4.723234477438853,3.414213562373095,2.673164461464445,2.673164461464445,1.3919347435996865,1.3919347435996865,0.6981350386024296,0.6981350386024296,0.35905339611441756,0.35905339611441756,-0.3,6.7,5.699999999999999,5.7,44.66859231982434,5.106527394840706,0.0,0.0,0.0,0.0,0.0,0.0,0.0,0.0,0.0,19.075777413358384,12.841643245852019,6.606881964512918,0.0,5.106527394840706,0.0,0.0,0.0,0.0,19.765380445542643,6.606881964512918,12.152040213667762,0.0,0.0,0.0,0.0,0.0,0.0,11.713409359353623,0.0,0.0,19.765380445542643,12.152040213667762,0.0,0.0,0.0,20.23,0.0,0.0,0.0,6.606881964512918,0.0,12.841643245852019,0.0,0.0,6.076020106833881,12.999757306524504,5.106527394840706,0.0,0.0,0.0,8.241632653061224,0.0,0.0,0.0,5.906805555555555,2.3515617913832196,0.0,0.6666666666666666,7,1,1,0,0,0,0,0,0,0,0,0,1,1,1,0,3,0,0,0,0,0,5.4557142857142855,0,1.335,31.133799999999983,0,1,1,0,0,0,0,0,0,0,0,0,0,0,0,0,0,0,0,0,0,0,0,0,0,0,1,0,0,0,0,0,0,0,0,0,0,0,0,0,0,0,0,0,0,0,0,0,0,0,0,0,0,0,0,0,0,0,0,0,0,0,0,0,0,0,0,0,0,0,0,0,0,0,0,0,0,0,0,0,0,0,0,0,0
OCCC1=CC=CCCNC1,8.68794855442177,8.68794855442177,0.2513425925925925,0.2513425925925925,0.6159859940226706,18.818181818181817,153.22499999999997,138.105,153.1153641,62,0,1.5454545454545454,2.4545454545454546,3.272727272727273,1.943867796751531,2.439358928999355,160.9456683028857,7.9413112998685556,6.714798309001573,6.714798309001573,5.431851652578137,4.094031420115276,4.094031420115276,2.6921259348973496,2.6921259348973496,1.7407707320941161,1.7407707320941161,1.108943985013039,1.108943985013039,-0.6000000000000001,8.496153846153845,5.103601108033241,3.347710718002081,67.61784666090871,10.423315998847038,0.0,0.0,0.0,0.0,0.0,0.0,0.0,0.0,0.0,23.80116485057091,19.386399651764595,13.151638370425493,0.0,5.106527394840706,0.0,0.0,5.316788604006331,0.0,12.841643245852019,19.696394776338067,23.80116485057091,0.0,0.0,5.316788604006331,0.0,0.0,0.0,24.802922171178775,0.0,0.0,12.841643245852019,23.80116485057091,0.0,0.0,0.0,32.26,0.0,0.0,0.0,6.606881964512918,0.0,25.93115605767717,5.573104530069267,0.0,0.0,23.544848924507974,5.106527394840706,0.0,0.0,0.0,11.97943003590325,1.2809722222222224,0.0,0.0,8.192452995086924,2.2138114134542706,0.0,0.5555555555555556,11,2,2,0,1,1,0,0,0,0,0,0,2,2,2,1,2,0,0,0,0,0,3.9419072893865135,1,0.8446999999999998,46.41250000000002,0,1,1,0,0,0,0,0,0,0,0,0,0,0,0,0,1,0,0,0,0,0,0,0,0,0,2,0,0,0,0,0,0,0,0,0,0,0,0,0,0,0,0,0,0,0,0,0,0,0,0,0,0,0,0,0,0,0,0,0,0,0,0,0,0,0,0,0,0,0,0,0,0,0,0,0,0,0,0,0,0,0,0,0,0
OCCC1=CC=CCCCCCCCCCCCCNC1,9.122879549757048,9.122879549757048,0.2513425925925925,0.2513425925925925,0.7700671214899475,21.285714285714285,293.49499999999995,258.215,293.27186474,122,0,0.8571428571428571,1.4761904761904763,2.142857142857143,2.490313353713883,2.338409484876495,283.290940840325,15.012379111734035,13.785866120867052,13.785866120867052,10.431851652578137,9.094031420115273,9.094031420115273,6.2276598408300865,6.2276598408300865,4.227334005325278,4.227334005325278,2.8499508389319987,2.8499508389319987,-0.6000000000000001,18.449019607843134,14.342003668442658,11.705883290816326,131.26726780487482,10.423315998847038,0.0,0.0,0.0,0.0,0.0,0.0,0.0,0.0,0.0,75.167737833979,32.22804289761661,13.151638370425493,0.0,5.106527394840706,0.0,0.0,5.316788604006331,0.0,77.04985947511214,19.696394776338067,23.80116485057091,0.0,0.0,5.316788604006331,0.0,0.0,0.0,24.802922171178775,0.0,0.0,77.04985947511214,23.80116485057091,0.0,0.0,0.0,32.26,0.0,0.0,0.0,6.606881964512918,0.0,19.51033443475116,76.20214238225539,0.0,0.0,23.544848924507974,5.106527394840706,0.0,0.0,0.0,12.6340353824605,1.3146910955740323,0.0,0.0,22.44141619014385,2.276523998488284,0.0,0.7894736842105263,21,2,2,0,1,1,0,0,0,0,0,0,2,2,2,1,2,0,0,0,0,0,12.599805090231273,1,4.745700000000004,92.58250000000007,0,1,1,0,0,0,0,0,0,0,0,0,0,0,0,0,1,0,0,0,0,0,0,0,0,0,3,0,0,0,0,0,0,0,0,0,0,0,0,0,0,0,0,0,0,0,0,0,0,0,0,0,0,0,0,0,0,0,0,0,0,0,0,0,0,0,0,0,0,0,0,0,0,0,0,0,0,0,0,0,0,0,0,0,0
CC1CCCCCCCCCCCC=CC=C(CCO)CNCCCCCCC1,9.28920950395273,9.28920950395273,0.24977776547831487,0.24977776547831487,0.4925139656095662,24.20689655172414,405.71100000000035,354.3030000000001,405.397065252,170,0,0.7931034482758621,1.3448275862068966,1.9655172413793103,2.714901238344539,2.3103612917690204,401.3419773219984,20.832370068042938,19.60585707717596,19.60585707717596,14.32569850269549,12.987878270232624,12.987878270232624,9.324395387915343,9.324395387915343,6.371180855442629,6.371180855442629,4.333440356476167,4.333440356476167,-0.6000000000000001,26.435211267605634,20.663850415512464,17.929108685950748,182.18680472004772,10.423315998847038,0.0,0.0,0.0,0.0,0.0,0.0,0.0,0.0,0.0,120.6164047712257,38.14594894377801,13.151638370425493,0.0,5.106527394840706,0.0,0.0,5.316788604006331,5.917906046161393,122.49852641235884,19.696394776338067,23.801164850570913,0.0,0.0,5.316788604006331,0.0,0.0,0.0,24.802922171178775,0.0,5.917906046161393,122.49852641235884,23.801164850570913,0.0,0.0,0.0,32.26,0.0,5.106527394840706,0.0,6.606881964512918,0.0,25.428240480912553,114.72707211981148,0.0,0.0,30.468586124198595,0.0,0.0,0.0,0.0,12.859675083860257,1.3224623802334288,0.9273031379615765,0.0,31.16045816407467,4.730101233870069,0.0,0.8518518518518519,29,2,2,0,1,1,0,0,0,0,1,0,2,2,2,1,2,0,0,0,0,1,18.836319011595602,1,7.722400000000009,129.44850000000008,0,1,1,0,0,0,0,0,0,0,0,0,0,0,0,0,1,0,0,0,0,0,0,0,0,0,3,0,0,0,0,0,0,0,0,0,0,0,0,0,0,0,0,0,0,0,0,0,0,0,0,0,0,0,0,0,0,0,0,0,0,0,0,0,0,0,0,0,0,0,0,0,0,0,0,0,0,0,0,0,0,0,0,0,0
CC(CCCCCCCCCCCC=CC=CCCO)CCCCCCCC1C=CCO1,8.692330125864679,8.692330125864679,0.2496143552367136,0.2496143552367136,0.09627570459192204,17.25,446.7600000000004,392.3280000000002,446.412380968,186,0,0.75,1.28125,1.84375,3.314801260944404,1.7222000430701312,465.452051036125,22.953690411602576,21.323506444398326,21.323506444398326,15.82569850269549,14.034111839646638,14.034111839646638,9.878143728812057,9.878143728812057,6.6895815656398945,6.6895815656398945,4.5511369200694345,4.5511369200694345,-0.8600000000000001,29.172113037893386,23.303295089794798,19.797515883630208,200.15571107695212,9.843390348640755,0.0,0.0,0.0,0.0,0.0,0.0,0.0,0.0,0.0,139.69218218458408,31.60119253786543,6.606881964512918,12.71084835226122,9.843390348640755,0.0,0.0,0.0,5.917906046161393,135.02331442303316,13.213763929025836,36.45612064100329,0.0,0.0,0.0,0.0,0.0,0.0,24.424257711614846,4.736862953800049,5.917906046161393,128.91934803528486,36.45612064100329,0.0,0.0,0.0,29.46,0.0,0.0,0.0,6.606881964512918,6.103966387748303,18.94560963360032,115.57478921266822,0.0,12.152040213667762,31.227817627026145,9.843390348640755,5.599377163669047,0.0,0.0,8.692330125864679,0.0,0.9224484101739379,0.0,38.91306423606888,3.539446730890113,0.0,0.8,32,1,2,0,1,1,0,0,0,0,2,0,2,1,2,1,23,0,0,0,0,2,21.243948703589993,1,9.094100000000003,141.13279999999992,0,1,1,0,0,0,0,0,0,0,0,0,0,0,0,0,0,0,0,0,0,0,0,0,0,0,3,0,0,0,0,0,0,0,0,0,0,0,0,0,0,1,0,0,0,0,0,0,0,0,0,0,0,0,0,0,0,0,0,0,0,0,0,0,0,0,0,0,0,0,0,0,0,0,0,0,0,0,0,0,0,0,0,13,0
CCNCO,7.955138888888889,7.955138888888889,0.09375,0.09375,0.43543021245537417,8.4,75.11099999999999,66.03899999999999,75.068413908,32,0,1.8,2.4,2.4,1.4056390622295665,2.19060968716425,14.364527976600282,4.121320343559642,3.361427157873053,3.361427157873053,2.414213562373095,1.730441328389933,1.730441328389933,0.7616672736016927,0.7616672736016927,0.3618033988749894,0.3618033988749894,0.11180339887498945,0.11180339887498945,-0.08,4.920000000000001,3.9200000000000004,3.92,31.81323119242682,5.106527394840706,0.0,0.0,0.0,0.0,0.0,5.316788604006331,0.0,0.0,0.0,6.923737199690624,6.544756405912575,0.0,6.730816747499484,5.106527394840706,0.0,0.0,5.316788604006331,0.0,6.923737199690624,13.27557315341206,0.0,0.0,0.0,5.316788604006331,0.0,0.0,0.0,18.382100548252765,0.0,0.0,6.923737199690624,0.0,0.0,0.0,0.0,32.26,0.0,0.0,0.0,6.730816747499484,0.0,6.544756405912575,0.0,0.0,6.923737199690624,5.316788604006331,5.106527394840706,0.0,0.0,0.0,10.621805555555556,0.0,0.0,0.0,0.0,2.8781944444444445,0.0,1.0,5,2,2,0,0,0,0,0,0,0,0,0,2,2,2,0,2,0,0,0,0,0,3.8572800000000007,0,-0.45430000000000004,20.7625,0,1,1,0,0,0,0,0,0,0,0,0,0,0,0,0,1,0,0,0,0,0,0,0,0,0,0,0,0,0,0,0,0,0,0,0,0,0,0,0,0,0,0,0,0,0,0,0,0,0,0,0,0,0,0,0,0,0,0,0,0,0,0,0,0,0,0,0,0,0,0,0,0,0,0,0,0,0,0,0,0,0,0,0,0
OCCl,7.334876543209877,7.334876543209877,0.2777777777777777,-0.2777777777777777,0.399964857947167,6.0,66.487,63.463,65.987242396,20,0,2.0,2.0,2.0,0.9182958340544894,1.6329931618554523,4.754887502163468,2.7071067811865475,1.5322848496957326,2.288213795714187,1.4142135623730951,0.5834890079292623,1.1180114917541109,0.11952286093343933,0.35856858280031806,0.0,0.0,0.0,0.0,0.24999999999999997,3.25,2.25,2.2500000000000004,23.83675100690724,5.106527394840706,6.066063786557248,0.0,0.0,0.0,0.0,0.0,0.0,0.0,0.0,11.600939890232516,0.0,0.0,0.0,5.106527394840706,11.600939890232516,0.0,0.0,0.0,0.0,6.066063786557248,0.0,0.0,0.0,0.0,0.0,0.0,11.600939890232516,11.172591181397955,0.0,0.0,0.0,0.0,0.0,0.0,0.0,20.23,0.0,0.0,0.0,6.066063786557248,0.0,0.0,0.0,0.0,0.0,11.600939890232516,5.106527394840706,0.0,4.554012345679012,0.0,7.334876543209877,0.0,0.0,-0.2777777777777777,0.0,0.0,0.0,1.0,3,1,1,0,0,0,0,0,0,0,0,0,1,1,2,0,0,0,0,0,0,0,2.4375,0,0.175,12.9388,0,1,1,0,0,0,0,0,0,0,0,0,0,0,0,0,0,0,0,0,0,0,0,0,0,1,0,0,0,0,0,0,0,0,0,0,0,0,0,0,0,0,0,0,1,0,0,0,0,0,0,0,0,0,0,0,0,0,0,0,0,0,0,0,0,0,0,0,0,0,0,0,0,0,0,0,0,0,0,0,0,0,0,0,0
CC(O)C(C)NO,8.59837962962963,8.59837962962963,0.23611111111111138,-0.4953703703703707,0.42376484091493727,18.857142857142858,105.137,94.04899999999999,105.078978592,44,0,1.4285714285714286,1.8571428571428572,1.8571428571428572,1.6457113704075785,3.1442082073698243,46.954453363209694,5.861807319565799,4.549127729379167,4.549127729379167,3.1807392125526213,2.2585146938045386,2.2585146938045386,1.658378001048874,1.658378001048874,0.9272418418735527,0.9272418418735527,0.10786893258332635,0.10786893258332635,-0.12,6.880000000000001,2.9582855597620337,2.5602721088435376,42.92644555849741,10.313780419617995,0.0,0.0,0.0,0.0,0.0,0.0,5.480096598121202,0.0,0.0,0.0,13.847474399381248,0.0,12.145807216896262,10.313780419617995,0.0,0.0,5.480096598121202,0.0,25.99328161627751,0.0,0.0,0.0,0.0,5.480096598121202,0.0,0.0,0.0,22.45958763651426,0.0,0.0,13.847474399381248,0.0,0.0,0.0,0.0,52.489999999999995,6.103966387748303,0.0,0.0,6.041840829147961,0.0,0.0,0.0,13.847474399381248,5.480096598121202,0.0,10.313780419617995,0.0,0.0,0.0,16.693564814814813,1.9143518518518519,0.0,-0.23611111111111138,-0.4953703703703707,3.2902314814814817,0.0,1.0,7,3,3,0,0,0,0,0,0,0,2,0,3,3,3,0,2,0,0,0,0,2,2.9075720930232563,0,-0.2655000000000002,26.064999999999994,0,1,1,0,0,0,0,0,0,0,0,0,0,0,0,0,1,0,1,0,0,0,0,0,0,0,0,0,0,0,0,0,0,0,0,0,0,0,0,0,0,0,0,0,0,0,0,0,0,0,0,0,0,0,0,0,0,0,0,0,0,0,0,0,0,0,0,0,0,0,0,0,0,0,0,0,0,0,0,0,0,0,0,0,0
CCNCCCO,8.252882653061224,8.252882653061224,0.29861111111111116,0.29861111111111116,0.4899531462974346,9.428571428571429,103.16499999999999,90.06099999999998,103.099714036,44,0,1.5714285714285714,2.2857142857142856,2.7142857142857144,1.690933805959686,2.447472887876344,27.26112492884004,5.535533905932738,4.775640720246148,4.775640720246148,3.414213562373095,2.730441328389933,2.730441328389933,1.4307135789365264,1.4307135789365264,0.7616672736016925,0.7616672736016925,0.38083363680084625,0.38083363680084625,-0.08,6.92,5.92,5.920000000000001,44.54311542122004,10.423315998847038,0.0,0.0,0.0,0.0,0.0,0.0,0.0,0.0,0.0,6.923737199690624,19.510334434751158,6.606881964512918,0.0,5.106527394840706,0.0,0.0,5.316788604006331,0.0,13.344558822616634,19.696394776338067,0.0,0.0,0.0,5.316788604006331,0.0,0.0,0.0,24.80292217117877,0.0,0.0,13.344558822616634,0.0,0.0,0.0,0.0,32.26,0.0,0.0,0.0,0.0,6.606881964512918,19.510334434751158,0.0,0.0,0.0,12.240525803696954,5.106527394840706,0.0,0.0,0.0,11.342049319727892,0.0,0.0,0.0,0.8688888888888889,4.2890617913832205,0.0,1.0,7,2,2,0,0,0,0,0,0,0,0,0,2,2,2,0,4,0,0,0,0,0,5.852342857142857,0,-0.021700000000000164,30.246499999999987,0,1,1,0,0,0,0,0,0,0,0,0,0,0,0,0,1,0,0,0,0,0,0,0,0,0,0,0,0,0,0,0,0,0,0,0,0,0,0,0,0,0,0,0,0,0,0,0,0,0,0,0,0,0,0,0,0,0,0,0,0,0,0,0,0,0,0,0,0,0,0,0,0,0,0,0,0,0,0,0,0,0,0,0,0
C=[N+]CCNCCCCC=CO,8.323400956456963,8.323400956456963,0.7882368827160494,0.7882368827160494,0.3221892073162114,10.666666666666666,170.25600000000003,152.11199999999997,170.14136461609,69,1,1.3333333333333333,2.1666666666666665,2.8333333333333335,2.098390961316241,2.855641532579825,123.69694286392861,9.071067811865477,7.498875197685001,7.498875197685001,5.914213562373096,4.339342826764581,4.339342826764581,2.5777689701768196,2.5777689701768196,1.5264474350108632,1.5264474350108632,0.8698381797535761,0.8698381797535761,-0.8300000000000001,11.17,10.17,9.17,74.20860333248234,10.423315998847038,0.0,6.717516156299933,6.544756405912575,0.0,0.0,0.0,0.0,0.0,0.0,6.076020106833881,25.807221274690605,4.992404732635669,12.806836854333365,5.106527394840706,6.717516156299933,0.0,10.309193336642,0.0,19.26246486877803,19.634269217737724,12.338100555254671,0.0,0.0,10.309193336642,0.0,0.0,0.0,31.458312768878365,0.0,0.0,19.26246486877803,12.338100555254671,0.0,0.0,0.0,46.36,0.0,0.0,0.0,0.0,0.0,45.15881453493654,0.0,6.076020106833881,0.0,17.026709492941933,5.106527394840706,0.0,0.0,3.726185368813886,11.566278649200727,0.0,0.0,0.0,6.088597467147251,6.118938514838135,0.0,0.6666666666666666,12,2,3,0,0,0,0,0,0,0,0,0,3,2,3,0,8,0,0,0,0,0,9.466575,0,0.8544,52.61150000000003,0,1,1,0,0,0,0,0,0,0,0,0,0,0,1,1,1,0,0,0,0,0,0,0,0,0,1,0,0,0,0,0,0,0,0,0,0,0,0,0,0,0,0,0,0,0,0,0,0,0,0,0,0,0,0,0,0,0,0,0,0,0,0,0,0,0,0,0,0,0,0,0,0,0,0,0,0,0,0,0,0,0,0,2,0
C=[N+]CC(C)CCCCCCCNCCCCC=CO,8.481011159886174,8.481011159886174,0.7035600125979191,0.7035600125979191,0.27230012340933063,12.85,282.4719999999999,248.19999999999993,282.26656512809,117,1,1.05,1.7,2.4,2.4401647582695776,3.0395866562227125,229.02989363110697,14.891058768174391,13.318866153993916,13.318866153993916,9.808060412490446,8.233189676881933,8.233189676881933,5.6983501613456164,5.6983501613456164,3.571003349064984,3.571003349064984,2.296527293170448,2.296527293170448,-0.8300000000000001,19.169999999999998,16.225035773252614,15.228241118229471,125.12814024765524,10.423315998847038,0.0,6.717516156299933,6.544756405912575,0.0,0.0,0.0,0.0,0.0,0.0,38.68304379822854,45.19362092645521,10.910310778797061,6.26208044842079,5.106527394840706,6.717516156299933,0.0,10.309193336642,5.917906046161393,64.71113180602472,19.634269217737724,12.338100555254671,0.0,0.0,10.309193336642,0.0,0.0,0.0,31.458312768878365,0.0,5.917906046161393,64.71113180602472,12.338100555254671,0.0,0.0,0.0,46.36,0.0,0.0,0.0,0.0,5.917906046161393,38.73799291201053,44.94575136048208,0.0,6.076020106833881,23.950446692632557,5.106527394840706,0.0,0.0,3.9415216792292793,11.963248632226911,0.0,0.7035600125979191,0.0,14.26021823346791,8.964784775811314,0.0,0.8235294117647058,20,2,3,0,0,0,0,0,0,0,1,0,3,2,3,0,15,0,0,0,0,1,15.55169678866263,0,3.831100000000002,89.47750000000006,0,1,1,0,0,0,0,0,0,0,0,0,0,0,1,1,1,0,0,0,0,0,0,0,0,0,1,0,0,0,0,0,0,0,0,0,0,0,0,0,0,0,0,0,0,0,0,0,0,0,0,0,0,0,0,0,0,0,0,0,0,0,0,0,0,0,0,0,0,0,0,0,0,0,0,0,0,0,0,0,0,0,0,6,0
C=[N+]C=CC=CCCCCCC(C)CCCCCCCNCCCCC=CO,8.54897343588946,8.54897343588946,0.8884129760259185,0.8884129760259185,0.09736525674211984,13.178571428571429,390.6560000000002,344.28800000000007,390.36046551208995,161,1,0.7857142857142857,1.3571428571428572,2.0714285714285716,2.699132740027972,3.2218375950101077,401.3520240949573,20.547913017666765,18.456694355498605,18.456694355498605,13.808060412490448,11.583409091076119,11.583409091076119,7.88242744292034,7.88242744292034,5.13661393696044,5.13661393696044,3.3462968288195545,3.3462968288195545,-1.3499999999999999,26.649999999999995,23.688986354775828,22.690567951318457,174.66847109845958,10.423315998847038,0.0,0.0,12.917471046120381,0.0,0.0,0.0,0.0,0.0,0.0,76.51837050360037,57.5323485955426,11.06842483946955,6.26208044842079,5.106527394840706,6.717516156299933,0.0,10.309193336642,5.917906046161393,96.81523992065479,13.08951281182515,36.766115765576764,0.0,0.0,10.309193336642,0.0,0.0,0.0,24.913556362965792,0.0,5.917906046161393,96.81523992065479,36.766115765576764,0.0,0.0,0.0,46.36,0.0,0.0,0.0,0.0,0.0,38.11114255225935,77.04985947511214,6.199954889820448,12.152040213667762,36.10248690630032,5.106527394840706,0.0,0.0,3.676225396263176,12.069857089045126,0.0,0.8884129760259185,0.0,29.0972839675435,8.101553904455617,0.0,0.72,28,2,3,0,0,0,0,0,0,0,1,0,3,2,3,0,21,0,0,0,0,1,22.546838798384847,0,6.851500000000007,125.97550000000012,0,1,1,0,0,0,0,0,0,0,0,0,0,0,1,1,1,0,0,0,0,0,0,0,0,0,4,0,0,0,0,0,0,0,0,0,0,0,0,0,0,0,0,0,0,0,0,0,0,0,0,0,0,0,0,0,0,0,0,0,0,0,0,0,0,0,0,0,0,0,0,0,0,0,0,0,0,0,0,0,0,0,0,9,0
CNCC#CCCC=[N+]C=CC=CCCCCCC(C)CCCCCCCNCCCCC=CO,8.580035371862628,8.580035371862628,0.7576777418588343,0.7576777418588343,0.044436568608467404,12.857142857142858,485.80100000000044,430.3610000000003,485.43396480009,199,1,0.7714285714285715,1.4285714285714286,2.2,2.8622019064080746,3.3570415586571496,598.0848381461259,25.497660485972588,22.94825818706132,22.94825818706132,17.30806041249045,14.244288677050125,14.244288677050125,9.45405725249832,9.45405725249832,6.011282288658769,6.011282288658769,3.8465180289516736,3.8465180289516736,-1.8299999999999998,33.17,30.201084861672364,30.13894713282815,217.40721136030652,15.740104602853368,0.0,0.0,12.414555469355765,0.0,0.0,0.0,0.0,0.0,5.920434318855644,82.438804822456,64.5800205782198,23.91006808532157,12.806836854333365,5.106527394840706,6.2146005795353165,0.0,15.62598194064833,5.917906046161393,109.65688316650682,26.681941200414915,36.766115765576764,0.0,11.840868637711289,15.62598194064833,0.0,0.0,0.0,38.00306917479094,0.0,17.75877468387268,109.65688316650682,36.766115765576764,0.0,0.0,0.0,58.39,0.0,0.0,0.0,0.0,0.0,57.49754220402396,77.04985947511214,0.0,31.614267665700716,46.54262799171801,5.106527394840706,0.0,0.0,4.271301375729037,15.119373486953991,0.0,7.034655242379781,0.0,33.05440857419885,5.445763625142928,1.9078310289287486,0.7096774193548387,35,3,4,0,0,0,0,0,0,0,1,0,4,3,4,0,24,0,0,0,0,1,28.621999567476355,0,7.224700000000008,155.8551999999998,0,1,1,0,0,0,0,0,0,0,0,0,0,0,1,1,2,0,0,0,0,0,0,0,0,0,4,0,0,0,0,0,0,0,0,0,0,0,0,0,0,0,0,0,0,0,0,0,0,0,0,0,0,0,0,0,0,0,0,0,0,0,0,0,0,0,0,0,0,0,0,0,0,0,0,0,0,0,0,0,0,0,0,10,0
CCCNOCCC=NCO,8.252654648291823,8.252654648291823,0.1365192743764172,-0.1365192743764172,0.3203703556627284,11.090909090909092,160.21699999999998,144.089,160.121177752,66,0,1.6363636363636365,2.4545454545454546,3.090909090909091,2.0339309928768716,2.8452531812362967,96.4413633679148,8.36396103067893,6.915559656586144,6.915559656586144,5.414213562373096,3.8523621638512657,3.8523621638512657,2.0380441423289772,2.0380441423289772,1.0138858958855888,1.0138858958855888,0.5070519525182143,0.5070519525182143,-0.45,10.55,9.550000000000002,9.550000000000002,67.23590586485824,9.94411597857734,6.730816747499484,0.0,0.0,0.0,0.0,4.992404732635669,5.480096598121202,0.0,0.0,6.923737199690624,6.4208216229260096,19.1801786083739,6.606881964512918,9.94411597857734,6.2146005795353165,0.0,5.480096598121202,4.992404732635669,19.765380445542643,19.882455117924977,0.0,0.0,0.0,5.480096598121202,0.0,0.0,0.0,31.203583092301002,4.8375885837366335,0.0,19.765380445542643,4.992404732635669,0.0,0.0,0.0,53.849999999999994,0.0,0.0,0.0,6.730816747499484,6.606881964512918,19.386399651764595,0.0,6.2146005795353165,0.0,17.396238530447494,9.94411597857734,0.0,0.0,8.610097237969262,8.252654648291823,2.7878039965986394,0.0,0.0,3.440108418367347,3.409335698772928,0.0,0.8571428571428571,11,2,4,0,0,0,0,0,0,0,0,0,4,2,4,0,7,0,0,0,0,0,9.159318181818184,0,0.32829999999999965,44.440500000000014,0,1,1,0,0,0,0,0,0,0,0,0,0,0,1,1,1,0,1,0,0,0,0,0,0,0,0,0,0,0,0,0,0,0,0,0,0,0,0,0,0,0,0,0,0,0,0,0,0,0,0,0,0,0,0,0,0,0,0,0,0,0,0,0,0,0,0,0,0,0,0,0,0,0,0,0,0,0,0,0,0,0,0,0,0
CCCC=[N+]=CCCCCO,8.454699007702255,8.454699007702255,0.29812925170068016,0.29812925170068016,0.34932296349900144,8.909090909090908,156.249,138.105,156.13829061609,64,0,1.1818181818181819,1.9090909090909092,2.5454545454545454,2.0339309928768716,3.1429354683368986,125.52442279202945,8.36396103067893,7.291768416498455,7.291768416498455,5.414213562373096,4.356228907625434,4.356228907625434,2.5222834182962486,2.5222834182962486,1.3699305632602163,1.3699305632602163,0.700134301713483,0.700134301713483,-0.5900000000000001,10.41,9.410000000000002,9.409999999999998,68.69380448331063,5.106527394840706,0.0,0.0,0.0,12.429201159070633,0.0,0.0,0.0,0.0,4.668020861265006,6.923737199690624,19.26246486877803,19.448525210364938,0.0,5.106527394840706,12.429201159070633,0.0,4.668020861265006,0.0,39.02784531432067,6.606881964512918,0.0,0.0,0.0,4.668020861265006,0.0,0.0,0.0,24.142610518424256,0.0,0.0,39.02784531432067,0.0,0.0,0.0,0.0,34.33,0.0,0.0,0.0,0.0,6.606881964512918,32.10410811463005,0.0,0.0,12.429201159070633,11.59175806095563,5.106527394840706,4.101275510204082,0.0,0.0,8.454699007702255,0.0,0.0,0.0,9.009209104938272,2.4348163771553923,0.0,0.7777777777777778,11,1,2,0,0,0,0,0,0,0,0,0,1,1,2,0,6,0,0,0,0,0,8.90528181818182,0,1.1579,50.106800000000035,0,1,1,0,0,0,0,0,0,0,0,0,0,0,0,1,0,0,0,0,0,0,0,0,0,0,0,0,0,0,0,0,0,0,0,0,0,0,0,0,0,0,0,0,0,0,0,0,0,0,0,0,0,0,0,0,0,0,0,0,0,0,0,0,0,0,0,0,0,0,0,0,0,0,0,0,0,0,0,0,0,0,0,3,0
NCCCCCCCCCO,8.490483715869267,8.490483715869267,0.3500000000000001,0.3500000000000001,0.5291127018219951,10.363636363636363,159.273,138.10499999999996,159.162314292,68,0,0.7272727272727273,1.1818181818181819,1.6363636363636365,2.0339309928768716,2.6909155266923976,58.583072817991095,8.36396103067893,7.388524895368512,7.388524895368512,5.414213562373096,4.7244760564807,4.7244760564807,2.9871556664977073,2.9871556664977073,1.8622380282403501,1.8622380282403501,1.1400244426555797,1.1400244426555797,-0.08,10.92,9.92,9.920000000000002,69.79291239221115,10.84019487200289,0.0,0.0,0.0,0.0,0.0,0.0,0.0,0.0,0.0,32.10410811463005,19.386399651764595,6.606881964512918,0.0,5.106527394840706,0.0,0.0,0.0,5.733667477162185,44.94575136048208,13.151638370425493,0.0,0.0,0.0,5.733667477162185,0.0,0.0,0.0,18.2581657652662,0.0,0.0,44.94575136048208,0.0,0.0,0.0,0.0,46.25,0.0,0.0,0.0,0.0,6.606881964512918,12.965578028838586,38.524929737556064,0.0,0.0,0.0,10.84019487200289,0.0,0.0,0.0,8.490483715869267,5.357890402296517,0.0,0.0,8.471625881834216,1.1800000000000002,0.0,1.0,11,3,2,0,0,0,0,0,0,0,0,0,2,2,2,0,8,0,0,0,0,0,9.847854545454545,0,1.6681000000000001,48.45920000000003,0,1,1,0,0,0,0,0,0,0,0,0,0,0,0,0,0,1,0,0,0,0,0,0,0,0,0,0,0,0,0,0,0,0,0,0,0,0,0,0,0,0,0,0,0,0,0,0,0,0,0,0,0,0,0,0,0,0,0,0,0,0,0,0,0,0,0,0,0,0,0,0,0,0,0,0,0,0,0,0,0,0,0,6,0
CC(C)N=CO,7.945,7.945,0.21759259259259256,0.21759259259259256,0.37501703575193257,11.166666666666666,87.12199999999999,78.05,87.068413908,36,0,1.6666666666666667,2.1666666666666665,2.1666666666666665,1.3485878960124225,3.0323549467429833,49.50977500432694,4.99156383156272,4.049127729379167,4.049127729379167,2.770055610029662,1.9292972076207353,1.9292972076207353,1.3582893010218593,1.3582893010218593,0.3648090636666387,0.3648090636666387,0.13333333333333336,0.13333333333333336,-0.53,5.469999999999999,2.693713646532438,3.4699999999999998,37.52363360907551,5.106527394840706,0.0,6.400660921122227,0.0,0.0,0.0,4.992404732635669,0.0,0.0,0.0,0.0,13.847474399381248,6.041840829147961,0.0,5.106527394840706,6.400660921122227,0.0,0.0,4.992404732635669,19.88931522852921,0.0,0.0,0.0,0.0,0.0,0.0,0.0,0.0,17.549029145110893,0.0,0.0,13.847474399381248,4.992404732635669,0.0,0.0,0.0,32.59,0.0,0.0,0.0,6.041840829147961,0.0,6.400660921122227,0.0,0.0,13.847474399381248,4.992404732635669,5.106527394840706,0.0,0.0,3.5555555555555554,7.945,0.0,0.0,0.21759259259259256,0.824074074074074,3.7911111111111113,0.0,0.75,6,1,2,0,0,0,0,0,0,0,0,0,1,1,2,0,1,0,0,0,0,0,2.455768941088739,0,0.9811000000000001,26.256799999999988,0,1,1,0,0,0,0,0,0,0,0,0,0,0,1,1,0,0,0,0,0,0,0,0,0,0,0,0,0,0,0,0,0,0,0,0,0,0,0,0,0,0,0,0,0,0,0,0,0,0,0,0,0,0,0,0,0,0,0,0,0,0,0,0,0,0,0,0,0,0,0,0,0,0,0,0,0,0,0,0,0,0,0,0,0
C#CO,7.097222222222222,7.097222222222222,1.25,1.25,0.376646863153411,2.3333333333333335,42.037,40.021,42.010564684,16,0,2.0,2.0,2.0,0.9182958340544894,2.475534205527556,24.264662506490403,2.7071067811865475,1.5245638646895836,1.5245638646895836,1.4142135623730951,0.5122819323447919,0.5122819323447919,0.12909944487358058,0.12909944487358058,0.0,0.0,0.0,0.0,-0.64,2.36,1.3599999999999992,1.36,18.89765228628144,5.106527394840706,6.106494660442553,0.0,0.0,0.0,0.0,0.0,0.0,0.0,0.0,6.423349895620259,0.0,0.0,0.0,5.106527394840706,0.0,0.0,0.0,0.0,0.0,0.0,0.0,0.0,12.529844556062812,0.0,0.0,0.0,0.0,5.106527394840706,0.0,12.529844556062812,0.0,0.0,0.0,0.0,0.0,20.23,0.0,0.0,0.0,0.0,0.0,0.0,6.106494660442553,0.0,0.0,6.423349895620259,5.106527394840706,0.0,0.0,0.0,7.097222222222222,0.0,0.0,0.0,5.402777777777778,0.0,0.0,0.0,3,1,1,0,0,0,0,0,0,0,0,0,1,1,1,0,0,0,0,0,0,0,1.0698666666666659,0,-0.050399999999999986,10.7688,0,1,1,0,0,0,0,0,0,0,0,0,0,0,0,0,0,0,0,0,0,0,0,0,0,0,0,0,0,0,0,0,0,0,0,0,0,0,0,0,0,0,0,0,0,0,0,0,0,0,0,0,0,0,0,0,0,0,0,0,0,0,0,0,0,0,0,0,0,0,0,0,0,0,0,0,0,0,1,0,0,0,0,0,0
CCCO,7.875,7.875,0.3194444444444444,0.3194444444444444,0.46378398302396845,7.5,60.096,52.032000000000004,60.057514876,26,0,1.75,2.0,2.0,1.370950594454669,1.9747448713915894,5.245112497836532,3.414213562373095,2.861427157873053,2.861427157873053,1.914213562373095,1.5233345472033855,1.5233345472033855,0.7236067977499788,0.7236067977499788,0.2236067977499789,0.2236067977499789,0.0,0.0,-0.04,3.9600000000000004,2.9600000000000004,1.96,26.26336900881878,5.106527394840706,0.0,0.0,0.0,0.0,0.0,0.0,0.0,0.0,0.0,6.923737199690624,6.4208216229260096,6.606881964512918,0.0,5.106527394840706,0.0,0.0,0.0,0.0,13.344558822616634,6.606881964512918,0.0,0.0,0.0,0.0,0.0,0.0,0.0,11.713409359353623,0.0,0.0,13.344558822616634,0.0,0.0,0.0,0.0,20.23,0.0,0.0,0.0,0.0,6.606881964512918,6.4208216229260096,0.0,0.0,6.923737199690624,0.0,5.106527394840706,0.0,0.0,0.0,7.875,0.0,0.0,0.0,0.875,2.25,0.0,1.0,4,1,1,0,0,0,0,0,0,0,0,0,1,1,1,0,1,0,0,0,0,0,2.9304000000000006,0,0.3887,17.376800000000003,0,1,1,0,0,0,0,0,0,0,0,0,0,0,0,0,0,0,0,0,0,0,0,0,0,0,0,0,0,0,0,0,0,0,0,0,0,0,0,0,0,0,0,0,0,0,0,0,0,0,0,0,0,0,0,0,0,0,0,0,0,0,0,0,0,0,0,0,0,0,0,0,0,0,0,0,0,0,0,0,0,0,0,0,0
N=CCNCCCCCO,8.412373787477954,8.412373787477954,0.29619984567901225,0.29619984567901225,0.3573783768069365,9.7,144.21800000000002,128.08999999999997,144.126263132,60,0,1.3,2.1,2.7,1.9671544718900458,2.7037899012453233,76.00635839221763,7.6568542494923815,6.26720455180887,6.26720455180887,4.914213562373096,3.7202579722620612,3.7202579722620612,2.192515259993663,2.192515259993663,1.2580669135150646,1.2580669135150646,0.712810950436295,0.712810950436295,-0.41,9.59,8.59,7.589999999999999,61.95835064927804,15.832599604638558,0.0,0.0,0.0,0.0,0.0,0.0,0.0,0.0,0.0,0.0,25.807221274690605,19.36623894996081,0.0,5.106527394840706,6.2146005795353165,5.409283605791522,5.316788604006331,0.0,19.26246486877803,19.696394776338067,0.0,0.0,0.0,5.316788604006331,0.0,0.0,0.0,31.017522750714093,0.0,5.409283605791522,19.26246486877803,0.0,0.0,0.0,0.0,56.11,0.0,0.0,0.0,0.0,13.151638370425493,25.807221274690605,6.2146005795353165,0.0,0.0,5.316788604006331,10.515811000632228,0.0,0.0,0.0,18.17332671957672,0.0,0.0,0.0,4.410924823633157,1.9157484567901233,0.0,0.8571428571428571,10,3,3,0,0,0,0,0,0,0,0,0,3,3,3,0,7,0,0,0,0,0,8.23781,0,0.3881699999999995,42.59020000000002,0,1,1,0,0,0,0,0,0,0,0,0,0,0,0,0,2,0,0,0,0,0,0,0,0,0,0,0,0,0,0,0,0,0,0,0,0,0,0,0,0,0,0,0,0,0,0,0,0,0,0,0,0,0,0,0,0,0,0,0,0,0,0,0,0,0,0,0,0,0,0,0,0,0,0,0,0,0,0,0,0,0,0,2,0
CCCCO,8.06625,8.06625,0.34375,0.34375,0.5128217987135145,8.4,74.12299999999999,64.04299999999999,74.07316494,32,0,1.6,2.2,2.2,1.4056390622295665,2.19060968716425,11.119415478763749,4.121320343559642,3.5685339390596003,3.5685339390596003,2.414213562373095,2.0233345472033855,2.0233345472033855,1.0771601883432524,1.0771601883432524,0.5116672736016926,0.5116672736016926,0.15811388300841892,0.15811388300841892,-0.04,4.960000000000001,3.9600000000000004,3.9600000000000004,32.62831112321538,5.106527394840706,0.0,0.0,0.0,0.0,0.0,0.0,0.0,0.0,0.0,13.344558822616634,6.4208216229260096,6.606881964512918,0.0,5.106527394840706,0.0,0.0,0.0,0.0,19.765380445542643,6.606881964512918,0.0,0.0,0.0,0.0,0.0,0.0,0.0,11.713409359353623,0.0,0.0,19.765380445542643,0.0,0.0,0.0,0.0,20.23,0.0,0.0,0.0,0.0,6.606881964512918,12.841643245852019,0.0,0.0,0.0,6.923737199690624,5.106527394840706,0.0,0.0,0.0,8.06625,0.0,0.0,0.0,2.0381944444444446,2.3955555555555557,0.0,1.0,5,1,1,0,0,0,0,0,0,0,0,0,1,1,1,0,2,0,0,0,0,0,3.9283200000000007,0,0.7787999999999999,21.993799999999997,0,1,1,0,0,0,0,0,0,0,0,0,0,0,0,0,0,0,0,0,0,0,0,0,0,0,0,0,0,0,0,0,0,0,0,0,0,0,0,0,0,0,0,0,0,0,0,0,0,0,0,0,0,0,0,0,0,0,0,0,0,0,0,0,0,0,0,0,0,0,0,0,0,0,0,0,0,0,0,0,0,0,0,1,0
C=S(C)CCCCCCCO,8.502384145530641,8.502384145530641,0.35464891975308643,0.35464891975308643,0.46583085930732215,13.272727272727273,176.325,156.16499999999996,176.12348626,68,0,1.0909090909090908,1.6363636363636365,2.1818181818181817,1.9585031169241844,2.849761282233442,101.73585546369786,8.52709773749546,7.512316135456203,8.32881271638393,5.2700556100296625,4.301826325670326,6.273023444977303,2.9769723103698356,4.948169429676813,1.6509131628351632,2.6365117224886516,0.9905951972942376,1.687518622352913,0.17999999999999997,11.180000000000001,8.278231827111984,10.18,72.74788866633037,5.106527394840706,0.0,0.0,0.0,0.0,0.0,0.0,0.0,10.484065045802941,0.0,25.132863341058883,24.850266036110213,6.606881964512918,0.0,5.106527394840706,16.354463518083797,0.0,0.0,0.0,32.10410811463005,18.615504754771113,0.0,0.0,0.0,0.0,0.0,0.0,10.484065045802941,29.592430621892674,0.0,0.0,32.10410811463005,0.0,0.0,0.0,0.0,20.23,0.0,0.0,0.0,0.0,17.09094701031586,6.4208216229260096,31.436140098450828,0.0,0.0,12.126167655792258,5.106527394840706,0.0,0.0,0.0,8.502384145530641,0.0,5.2371168745275885,0.0,8.250229985512725,0.35464891975308643,0.3778422968981827,0.8888888888888888,11,1,1,0,0,0,0,0,0,0,1,0,1,1,2,0,7,0,0,0,0,1,8.413693802464728,0,2.2599000000000005,55.67380000000004,0,1,1,0,0,0,0,0,0,0,0,0,0,0,0,0,0,0,0,0,0,0,0,0,0,0,0,0,0,0,0,0,0,0,0,0,0,0,0,0,0,0,0,0,0,0,0,0,0,0,0,0,0,0,0,0,0,0,0,0,0,0,0,0,0,0,0,0,0,0,0,0,0,0,0,0,0,0,0,0,0,0,0,4,0
OCCCCCCCCCC1CCCONC1,8.658073847183175,8.658073847183175,0.357887902695595,0.357887902695595,0.6116209794194072,21.352941176470587,243.39099999999996,214.15899999999996,243.219829168,102,0,1.0,1.7058823529411764,2.4705882352941178,2.610486870572968,1.8244948774260408,156.30119944437254,12.183951986987843,11.125200310578567,11.125200310578567,8.431851652578137,7.387325307828445,7.387325307828445,5.19233302052891,5.19233302052891,3.6033289348574926,3.6033289348574926,2.47028402030192,2.47028402030192,-0.12,14.939241706161136,10.998192874194855,8.58272999856363,105.88934702624516,9.94411597857734,0.0,0.0,0.0,0.0,0.0,0.0,5.480096598121202,0.0,0.0,38.524929737556064,31.60119253786543,13.151638370425493,6.606881964512918,9.94411597857734,0.0,0.0,5.480096598121202,5.917906046161393,64.20821622926012,19.75852033493841,0.0,0.0,0.0,5.480096598121202,0.0,0.0,0.0,24.865047729779118,4.8375885837366335,5.917906046161393,64.20821622926012,0.0,0.0,0.0,0.0,41.49,0.0,0.0,0.0,0.0,6.606881964512918,25.490366039512896,57.787394606334104,0.0,0.0,5.480096598121202,9.94411597857734,0.0,0.0,5.236671383216505,8.658073847183175,3.0488962088789346,0.8258230702111472,0.0,12.791440104821444,2.2724287190221255,0.0,1.0,17,2,3,0,1,1,0,0,0,0,1,0,3,2,3,1,9,0,1,1,0,1,9.664980098739765,1,3.0307000000000013,70.70050000000006,0,1,1,0,0,0,0,0,0,0,0,0,0,0,0,0,1,0,1,0,0,0,0,0,0,0,0,0,0,0,0,0,0,0,0,0,0,0,0,0,0,0,0,0,0,0,0,0,0,0,0,0,0,0,0,0,0,0,0,0,0,0,0,0,0,0,0,0,0,0,0,0,0,0,0,0,0,0,0,0,0,0,0,6,0
CC=CCO,7.979444444444445,7.979444444444445,0.16319444444444442,0.16319444444444442,0.4484722864844442,10.0,72.107,64.04299999999999,72.057514876,30,0,1.8,2.4,2.4,1.4056390622295665,2.622415807990217,30.62919048309069,4.121320343559642,3.309020915065757,3.309020915065757,2.414213562373095,1.6351596590036603,1.6351596590036603,0.7516097795639047,0.7516097795639047,0.3411115157344619,0.3411115157344619,0.105409255338946,0.105409255338946,-0.3,4.7,3.7,3.7000000000000015,31.938708091031128,5.106527394840706,0.0,0.0,0.0,0.0,0.0,0.0,0.0,0.0,0.0,12.152040213667762,6.923737199690624,0.0,6.606881964512918,5.106527394840706,0.0,0.0,0.0,0.0,6.923737199690624,6.606881964512918,12.152040213667762,0.0,0.0,0.0,0.0,0.0,0.0,11.713409359353623,0.0,0.0,6.923737199690624,12.152040213667762,0.0,0.0,0.0,20.23,0.0,0.0,0.0,6.606881964512918,0.0,0.0,0.0,12.152040213667762,6.923737199690624,0.0,5.106527394840706,0.0,0.0,0.0,7.979444444444445,0.0,0.0,0.0,3.486111111111111,2.0344444444444445,0.0,0.5,5,1,1,0,0,0,0,0,0,0,0,0,1,1,1,0,1,0,0,0,0,0,3.478,0,0.5548,21.899799999999995,0,1,1,0,0,0,0,0,0,0,0,0,0,0,0,0,0,0,0,0,0,0,0,0,0,0,1,0,0,0,0,0,0,0,0,0,0,0,0,0,0,0,0,0,0,0,0,0,0,0,0,0,0,0,0,0,0,0,0,0,0,0,0,0,0,0,0,0,0,0,0,0,0,0,0,0,0,0,0,0,0,0,0,0,0
N#COCO[SH]=CCCO,8.294109111237088,8.294109111237088,0.027793524817334436,-0.027793524817334436,0.19712789979010903,10.4,163.19799999999998,154.12599999999998,163.030314148,58,0,1.7,2.5,3.1,1.9671544718900458,2.9641517791045353,131.3449779679464,7.6568542494923815,5.356807980176869,6.251235171176786,4.914213562373096,2.6703303442344537,3.551876495398887,1.282840608805066,2.11700638090023,0.5834500034522894,1.2452005455383686,0.24627794089989077,0.6861291950301993,-0.5700000000000001,9.430000000000001,8.43,7.43,63.148750863320885,9.843390348640755,0.0,0.0,6.792942306099827,6.255281654379183,0.0,4.183085432649707,0.0,5.261891554738487,0.0,11.631842967040871,11.78830451844225,6.606881964512918,0.0,14.026475781290463,16.99932586255711,5.261891554738487,0.0,0.0,6.4208216229260096,13.399824270612745,0.0,0.0,6.255281654379183,0.0,0.0,0.0,11.631842967040871,23.87383456096969,8.919948386449757,11.517173209117669,6.4208216229260096,0.0,0.0,0.0,0.0,62.480000000000004,0.0,0.0,0.0,13.399824270612745,18.05266458996688,0.0,6.255281654379183,5.36748289551624,0.0,4.736862953800049,14.5515043822289,8.944531604308391,0.6222222222222222,0.0,17.89439074703956,0.0,0.0,0.0,2.0572569444444446,0.09270959309649784,0.0,0.6,10,1,4,0,0,0,0,0,0,0,0,0,4,2,5,0,5,0,0,0,0,0,7.949490000000002,0,0.023279999999999967,39.40280000000001,0,1,1,0,0,0,0,0,0,0,0,0,0,0,0,1,0,0,0,0,0,0,1,0,0,0,0,0,0,0,0,0,0,0,0,0,0,0,0,0,0,1,0,0,0,0,0,0,0,0,0,0,0,0,0,0,0,1,0,0,0,0,0,0,0,0,0,0,0,0,0,0,0,0,0,0,0,0,0,0,0,0,0,0,0
OCCC=[SH]OCOC1=NC=CCCN1,8.498672888742785,8.498672888742785,0.1490830778668979,0.1490830778668979,0.277879449560784,16.466666666666665,232.305,216.17699999999996,232.088163372,86,0,1.6666666666666667,2.6,3.466666666666667,2.5152927744264844,2.085148858036663,253.74201176232037,10.769738424614747,8.425722080929216,9.320149271929132,7.431851652578136,4.773664248372085,5.655210399536519,2.7260308139565534,3.5601965860517177,1.540047950913181,2.2017984929992602,0.8670550160855593,1.3069062702158682,-0.8500000000000001,12.220671378091874,8.457714929908832,6.268020876266428,92.96569012319328,15.160178952647087,0.0,0.0,6.792942306099827,6.021680127344178,0.0,4.183085432649707,4.992404732635669,0.0,0.0,17.70786307387475,18.20912614136826,19.35159326024594,0.0,14.026475781290461,23.02100598990129,0.0,5.316788604006331,4.992404732635669,12.841643245852019,19.94458067652532,12.27597499665433,0.0,0.0,5.316788604006331,0.0,0.0,11.631842967040871,36.44027109422644,8.919948386449757,0.0,12.841643245852019,17.268379729289997,0.0,0.0,0.0,63.08,0.0,0.0,0.0,13.399824270612745,24.074344717311057,12.965578028838586,0.0,6.199954889820448,11.44350300235012,10.309193336642,14.026475781290461,10.336793509070295,0.7041883188460573,4.02663887314185,13.339310250168838,0.0,0.0,0.48713721445368297,5.255616141314194,1.1280934707828643,0.0,0.5555555555555556,15,2,5,0,1,1,0,0,0,0,0,0,5,3,6,1,5,0,0,0,0,0,6.890596984533145,1,0.40520000000000006,62.98450000000004,0,1,1,0,0,0,0,0,0,0,0,0,0,0,1,1,1,0,0,0,0,0,1,0,0,0,0,0,1,0,0,0,0,0,0,0,0,0,0,0,0,1,0,0,0,0,0,0,0,0,0,0,0,0,0,0,0,0,0,0,0,0,0,0,0,0,0,0,0,0,0,0,0,0,0,0,0,0,0,0,0,0,0,0,0
OCCC=[SH]OCOC1=NC=CCCCCC=CCNCN1,8.643706131884715,8.643706131884715,0.11414706160241872,0.11414706160241872,0.2029941229766872,18.136363636363637,329.466,302.25,329.17731272400005,126,0,1.2727272727272727,2.1363636363636362,3.0,2.535301441823414,2.358677729162887,384.22896177541236,15.719485892920583,12.90884974405466,13.803276935054576,10.931851652578136,7.630600943819692,8.512147094984126,4.574118091057513,5.408283863152677,2.7378690525564533,3.3996195946425325,1.6237970014379577,2.0636482555682663,-1.1500000000000001,18.89796163069544,14.77339594384429,11.503113014666098,136.0156019609967,15.160178952647087,0.0,0.0,6.792942306099827,6.021680127344178,0.0,9.499874036656038,4.992404732635669,0.0,0.0,29.85990328754251,37.471591010146284,19.35159326024594,6.6686911888991425,14.026475781290461,23.02100598990129,0.0,10.633577208012662,4.992404732635669,32.10410811463005,26.613271865424462,24.42801521032209,0.0,0.0,10.633577208012662,0.0,0.0,11.631842967040871,43.10896228312558,8.919948386449757,0.0,32.10410811463005,29.420419942957757,0.0,0.0,0.0,75.11,0.0,0.0,0.0,13.399824270612745,30.7430359062102,25.807221274690605,6.4208216229260096,6.199954889820448,11.44350300235012,27.77802215431609,14.026475781290461,10.695542688532408,0.6870049461176506,4.256617614638448,16.778990780508835,0.0,0.0,0.4325437242798358,13.282065053759247,1.6450129699413514,0.0,0.6,22,3,6,0,1,1,0,0,0,0,0,0,6,4,7,1,5,0,0,0,0,0,12.690321350083684,1,1.6787999999999998,93.97820000000004,0,1,1,0,0,0,0,0,0,0,0,0,0,0,1,1,2,0,0,0,0,0,1,0,0,0,2,0,1,0,0,0,0,0,0,0,0,0,0,0,0,1,0,0,0,0,0,0,0,0,0,0,0,0,0,0,0,0,0,0,0,0,0,0,0,0,0,0,0,0,0,0,0,0,0,0,0,0,0,0,0,0,0,0,0
CCCCCCSCNCCO,8.46716339141258,8.46716339141258,0.24642332415059687,0.24642332415059687,0.4307106541832442,10.5,191.33999999999997,170.17199999999997,191.134385292,74,0,1.25,2.0833333333333335,2.75,2.098390961316241,2.72724281291869,70.92878689342031,9.071067811865477,8.012316135456203,8.82881271638393,5.914213562373096,4.807791597579559,5.962492135958811,2.8368528272910694,3.9420245428136074,1.634932764591644,2.620531324245133,0.9264641329788874,1.7677251253349693,0.27,12.27,11.27,10.27,80.12599390417172,10.423315998847038,0.0,0.0,0.0,0.0,0.0,0.0,0.0,0.0,11.761884949391115,26.186202068468653,12.1736752296728,12.421544795645932,6.606881964512918,5.106527394840706,11.761884949391115,0.0,5.316788604006331,0.0,32.60702369139466,24.78128036690564,0.0,0.0,0.0,5.316788604006331,0.0,0.0,11.761884949391115,29.887807761746345,0.0,0.0,32.60702369139466,0.0,0.0,0.0,0.0,32.26,0.0,0.0,0.0,6.606881964512918,0.0,12.421544795645932,31.436140098450828,0.0,11.761884949391115,12.240525803696954,5.106527394840706,0.0,1.921413454270597,0.0,11.606082357147022,0.0,2.227295209750567,0.0,5.375862402238214,3.2026799099269336,0.0,1.0,12,2,2,0,0,0,0,0,0,0,0,0,3,2,3,0,9,0,0,0,0,0,11.523575,0,1.8393000000000002,56.555500000000045,0,1,1,0,0,0,0,0,0,0,0,0,0,0,0,0,1,0,0,0,0,0,0,0,0,0,0,0,0,0,0,0,0,0,0,0,0,0,0,0,0,0,0,0,0,0,0,0,0,0,0,0,0,0,0,0,0,0,0,0,0,0,0,0,0,0,0,0,0,0,0,0,0,0,0,1,0,0,0,0,0,0,0,3,0
CCCCC=CC=NCCCSCNCCO,8.546077938184172,8.546077938184172,0.21747945840985627,0.21747945840985627,0.3210020492492081,11.882352941176471,258.4309999999999,232.22299999999998,258.176584452,100,0,1.3529411764705883,2.235294117647059,3.0,2.34985075765385,3.107071864375449,195.8584837221295,12.606601717798217,10.898687319711588,11.715183900639314,8.414213562373096,6.457133210474089,7.611833748853339,3.7553791035030195,4.860550819025558,2.1204952197815294,3.1060937794350183,1.1679142238552598,1.9341505158529908,-0.32000000000000006,16.680000000000003,15.68,15.680000000000001,109.79148181543401,10.423315998847038,0.0,0.0,0.0,0.0,0.0,4.992404732635669,0.0,0.0,11.761884949391115,25.841400552376523,24.67051695943269,25.180901781093823,6.606881964512918,5.106527394840706,17.976485528926432,0.0,5.316788604006331,4.992404732635669,32.60702369139466,31.326036772818213,12.152040213667762,0.0,0.0,5.316788604006331,0.0,0.0,11.761884949391115,42.64716474719423,0.0,0.0,32.60702369139466,17.14444494630343,0.0,0.0,0.0,44.620000000000005,0.0,0.0,0.0,6.606881964512918,6.544756405912575,31.01604164824474,12.841643245852019,0.0,24.052505635760312,23.308950643166504,5.106527394840706,0.0,1.853966371915055,4.317425122826909,11.675249246446494,0.0,2.0382067290258057,0.0,10.931564482784314,4.016921380334757,0.0,0.7692307692307693,17,2,3,0,0,0,0,0,0,0,0,0,4,2,4,0,12,0,0,0,0,0,15.384847058823532,0,2.466300000000001,79.05450000000005,0,1,1,0,0,0,0,0,0,0,0,0,0,0,1,1,1,0,0,0,0,0,0,0,0,0,2,0,0,0,0,0,0,0,0,0,0,0,0,0,0,0,0,0,0,0,0,0,0,0,0,0,0,0,0,0,0,0,0,0,0,0,0,0,0,0,0,0,0,0,0,0,0,0,0,1,0,0,0,0,0,0,0,2,0
CCC(CCC=CC=NCCCSCNCCO)C(C)O,9.53416914431585,9.53416914431585,0.20179322394875165,-0.20700456910349807,0.26160835227862717,15.047619047619047,316.51099999999997,284.25500000000005,316.21844926399996,124,0,1.380952380952381,2.1904761904761907,2.857142857142857,2.471026498329535,3.4027916891170995,271.00259099518127,15.76130225617747,13.500601453590798,14.317098034518525,10.218744015013408,7.9425122836719355,9.097212822051187,5.0994322149347475,6.204603930457287,3.3068755889808426,4.29247414863433,1.9426780952362568,2.708914387233987,-0.36000000000000004,20.64,16.018207439456763,14.345617901568417,133.68054191081984,15.529843393687743,0.0,0.0,0.0,0.0,0.0,4.992404732635669,0.0,0.0,11.761884949391115,19.420578929450514,43.932981828210714,25.180901781093823,12.71084835226122,10.213054789681411,17.976485528926432,0.0,5.316788604006331,10.910310778797061,45.63472727883358,31.326036772818213,12.152040213667762,0.0,0.0,5.316788604006331,0.0,0.0,11.761884949391115,53.85765852978324,0.0,5.917906046161393,39.53076089108528,17.14444494630343,0.0,0.0,0.0,64.85000000000001,0.0,5.106527394840706,0.0,12.71084835226122,12.462662452073968,43.857684894096764,0.0,0.0,30.976242835450936,23.308950643166504,5.106527394840706,0.0,1.8356610078929079,4.342334971025448,21.251017013328045,0.0,2.3898372208201613,0.0,9.94852653492506,5.732623252008377,0.0,0.8125,21,3,4,0,0,0,0,0,0,0,2,0,5,3,5,0,14,0,0,0,0,2,15.743609597637503,0,2.4633000000000007,94.22530000000006,0,2,2,0,0,0,0,0,0,0,0,0,0,0,1,1,1,0,0,0,0,0,0,0,0,0,2,0,0,0,0,0,0,0,0,0,0,0,0,0,0,0,0,0,0,0,0,0,0,0,0,0,0,0,0,0,0,0,0,0,0,0,0,0,0,0,0,0,0,0,0,0,0,0,0,1,0,0,0,0,0,0,0,0,0
OCCCl,7.743055555555555,7.743055555555555,0.08487654320987659,0.08487654320987659,0.44689761011841245,7.5,80.51400000000001,75.474,80.00289246,26,0,1.75,2.0,2.0,1.370950594454669,1.9747448713915894,8.0,3.414213562373095,2.23939163088228,2.9953205769007347,1.914213562373095,1.083489007929262,1.6180114917541109,0.4125890342545925,0.7905535072638197,0.08451542547285162,0.25354627641855493,0.0,0.0,0.24999999999999997,4.25,3.25,2.25,30.201693121303844,5.106527394840706,0.0,0.0,0.0,0.0,0.0,0.0,0.0,0.0,11.600939890232516,0.0,0.0,5.880003444970339,6.606881964512918,5.106527394840706,11.600939890232516,0.0,0.0,0.0,0.0,12.486885409483257,0.0,0.0,0.0,0.0,0.0,0.0,11.600939890232516,17.59341280432396,0.0,0.0,0.0,0.0,0.0,0.0,0.0,20.23,0.0,0.0,0.0,6.606881964512918,5.880003444970339,0.0,0.0,0.0,0.0,0.0,16.70746728507322,0.0,4.9359567901234565,0.0,7.743055555555555,0.0,0.3472222222222223,0.0,0.0,0.08487654320987659,0.0,1.0,4,1,1,0,0,0,0,0,0,0,0,0,1,1,2,0,1,0,0,0,0,0,3.453125,0,0.21749999999999997,17.805799999999998,0,1,1,0,0,0,0,0,0,0,0,0,0,0,0,0,0,0,0,0,0,0,0,0,0,1,0,0,0,0,0,0,0,0,0,0,0,0,0,0,0,0,0,0,1,0,0,0,0,0,0,0,0,0,0,0,0,0,0,0,0,0,0,0,0,0,0,0,0,0,0,0,0,0,0,0,0,0,0,0,0,0,0,0,0
CCCC(C)CCCO,8.483364512471656,8.483364512471656,0.35521258503401354,0.35521258503401354,0.6045431522728564,13.666666666666666,130.23100000000002,112.08699999999997,130.135765196,56,0,1.3333333333333333,2.0,2.4444444444444446,1.8457237685811982,2.9548225727898005,52.52932501298081,7.112884175122364,6.560097770622322,6.560097770622322,4.308060412490447,3.9171813973207374,3.9171813973207374,2.759682173055417,2.759682173055417,1.636511722488652,1.636511722488652,1.0768856525710164,1.0768856525710164,-0.04,8.960000000000003,6.08562814070352,5.836965253005683,58.08807958080182,5.106527394840706,0.0,0.0,0.0,0.0,0.0,0.0,0.0,0.0,0.0,26.689117645233267,18.75954929201341,6.606881964512918,0.0,5.106527394840706,0.0,0.0,0.0,5.917906046161393,39.53076089108529,6.606881964512918,0.0,0.0,0.0,0.0,0.0,0.0,0.0,11.713409359353623,0.0,5.917906046161393,39.53076089108529,0.0,0.0,0.0,0.0,20.23,0.0,0.0,0.0,0.0,6.606881964512918,12.338727669087403,19.26246486877803,0.0,0.0,13.847474399381248,5.106527394840706,0.0,0.0,0.0,8.483364512471656,0.0,0.807546296296296,0.0,4.734228080120937,4.808194444444444,0.0,1.0,9,1,1,0,0,0,0,0,0,0,1,0,1,1,1,0,5,0,0,0,0,1,6.058580904522618,0,2.1951000000000005,40.3918,0,1,1,0,0,0,0,0,0,0,0,0,0,0,0,0,0,0,0,0,0,0,0,0,0,0,0,0,0,0,0,0,0,0,0,0,0,0,0,0,0,0,0,0,0,0,0,0,0,0,0,0,0,0,0,0,0,0,0,0,0,0,0,0,0,0,0,0,0,0,0,0,0,0,0,0,0,0,0,0,0,0,0,0,0
[N+]COCCC=[N+]CCCCO,8.439274124594741,8.439274124594741,0.22385674931129484,-0.22385674931129484,0.39961896815551484,11.166666666666666,172.22799999999998,156.1,172.12008059218,68,4,1.4166666666666667,2.25,2.9166666666666665,2.098390961316241,2.9324990563116615,95.23098268032226,9.071067811865477,7.276986814459196,7.276986814459196,5.914213562373096,4.192480747451164,4.192480747451164,2.345491618288872,2.345491618288872,1.3070018910502714,1.3070018910502714,0.6980557599421585,0.6980557599421585,-0.45,11.550000000000002,10.55,9.550000000000002,73.43683799318154,9.843390348640755,0.0,0.0,12.75935698544789,0.0,12.46448422466167,0.0,0.0,0.0,0.0,0.0,6.4208216229260096,18.0201083200746,13.027703587438928,9.843390348640755,6.2146005795353165,0.0,10.726072209797854,0.0,19.26246486877803,26.489337082437896,0.0,0.0,0.0,10.726072209797854,0.0,0.0,0.0,37.81046505681392,4.736862953800049,0.0,19.26246486877803,0.0,0.0,0.0,0.0,65.86,0.0,0.0,0.0,13.337698712012402,6.606881964512918,25.807221274690605,0.0,6.2146005795353165,0.0,9.729267686435719,10.84019487200289,4.685507684555304,0.0,4.082942176870748,8.439274124594741,8.24442151688499,0.0,0.0,4.255016298185941,1.2928381989082747,0.0,0.875,12,1,4,0,0,0,0,0,0,0,0,0,3,1,4,0,8,0,0,0,0,0,10.154375000000003,0,-0.40160000000000035,46.95480000000003,0,1,1,0,0,0,0,0,0,0,0,0,0,0,1,2,0,0,0,0,0,0,0,0,0,0,0,0,0,0,0,0,0,0,0,0,0,0,0,0,0,1,0,0,0,0,0,0,0,0,0,0,0,0,0,0,0,0,0,0,0,0,0,0,0,0,0,0,0,0,0,0,0,0,0,0,0,0,0,0,0,0,0,1,0
COCCC1OCCCCCCCC1NCCO,8.957652982489293,8.957652982489293,0.18799382716049395,0.18799382716049395,0.7623022508569287,27.0,259.38999999999993,230.15799999999996,259.214743788,108,0,1.2222222222222223,2.0,2.7777777777777777,2.404989386641943,2.465342973580687,169.8779174104862,13.054195474990921,11.696585307858962,11.696585307858962,8.880540057561882,7.329587025514988,7.329587025514988,5.031383019707498,5.031383019707498,3.5650002111888783,3.5650002111888783,2.535373281152317,2.535373281152317,-0.16,15.89605381165919,10.734185744016647,6.686991636021236,111.04885375627406,19.897041906447136,0.0,0.0,0.0,0.0,0.0,0.0,0.0,0.0,0.0,25.683286491704038,19.26246486877803,32.910158705363905,12.71084835226122,14.580253302440804,0.0,0.0,5.316788604006331,0.0,57.091558577378336,33.47519984072886,0.0,0.0,0.0,5.316788604006331,0.0,0.0,0.0,50.727534452465825,9.473725907600098,0.0,44.94575136048208,0.0,0.0,0.0,0.0,50.72,0.0,0.0,0.0,12.71084835226122,12.586597235060536,32.47622879780387,25.683286491704038,7.109797541277533,0.0,5.316788604006331,14.580253302440804,11.174329805996472,0.0,0.0,12.373311523683547,0.0,0.0,0.3522222222222221,8.605088577097506,2.429230363441673,1.7324841742252457,1.0,18,2,4,0,1,1,0,0,0,0,2,0,4,2,4,1,6,0,1,1,0,2,9.479510789512977,1,1.7127999999999999,72.81150000000005,0,1,1,0,0,0,0,0,0,0,0,0,0,0,0,0,1,0,0,0,0,0,0,0,0,0,0,0,0,0,0,0,0,0,0,0,0,0,0,0,0,2,0,0,0,0,0,0,0,0,0,0,0,0,0,1,0,0,0,0,0,0,0,0,0,0,0,0,0,0,0,0,0,0,0,0,0,0,0,0,0,0,0,0,0
CNC=[N+]OCO,7.929132653061225,7.929132653061225,0.3768055555555556,-0.3768055555555556,0.19715770410094827,9.428571428571429,104.109,96.04499999999999,104.05802891609,41,1,2.0,2.7142857142857144,3.142857142857143,1.690933805959686,2.7771492902446893,54.89659695223976,5.535533905932738,4.087132531839952,4.087132531839952,3.414213562373095,1.8343511107886803,1.8343511107886803,0.7813827245545005,0.7813827245545005,0.3140746987120092,0.3140746987120092,0.12330576062780284,0.12330576062780284,-0.77,6.23,5.23,5.230000000000002,41.7761374072718,5.106527394840706,5.15571272675054,0.0,6.792942306099827,0.0,6.338535362521884,10.154377187742964,0.0,0.0,0.0,0.0,0.0,0.0,7.04767198267719,9.94411597857734,6.338535362521884,0.0,10.47250133075687,0.0,0.0,13.840614288777017,0.0,0.0,0.0,10.47250133075687,0.0,0.0,0.0,25.285677046139604,4.8375885837366335,0.0,0.0,0.0,0.0,0.0,0.0,55.59,0.0,0.0,0.0,6.792942306099827,0.0,0.0,6.338535362521884,7.04767198267719,0.0,15.310089914493503,5.106527394840706,0.0,0.0,4.136388888888889,13.72607709750567,0.0,0.0,0.0,1.3295833333333333,-0.3768055555555556,1.6847562358276644,0.6666666666666666,7,2,4,0,0,0,0,0,0,0,0,0,3,2,4,0,3,0,0,0,0,0,4.6547,0,-1.5487,25.428499999999993,0,1,1,0,0,0,0,0,0,0,0,0,0,0,0,1,1,0,0,0,0,0,0,0,0,0,0,0,0,0,0,0,0,0,0,0,0,0,0,0,0,0,0,0,0,0,0,0,0,0,0,0,0,0,0,0,0,0,0,0,0,0,0,1,0,0,0,0,0,0,0,0,0,0,0,0,0,0,0,0,0,0,0,0,0
CCCC(C)O,8.55236111111111,8.55236111111111,0.10185185185185208,-0.10185185185185208,0.536831757483578,14.5,88.14999999999999,76.05399999999999,88.088815004,38,0,1.6666666666666667,2.1666666666666665,2.1666666666666665,1.3485878960124225,2.6272148478988635,25.11941547876375,4.99156383156272,4.4387774270626785,4.4387774270626785,2.770055610029662,2.4509042305871973,2.4509042305871973,1.6376965006408923,1.6376965006408923,0.7064497140632062,0.7064497140632062,0.4177745794683934,0.4177745794683934,-0.04,5.959999999999999,3.1616129032258065,3.9600000000000004,38.99325323761199,5.106527394840706,0.0,0.0,0.0,0.0,0.0,0.0,0.0,0.0,0.0,13.344558822616634,13.344558822616634,0.0,6.103966387748303,5.106527394840706,0.0,0.0,0.0,0.0,32.79308403298157,0.0,0.0,0.0,0.0,0.0,0.0,0.0,0.0,11.210493782589008,0.0,0.0,26.689117645233267,0.0,0.0,0.0,0.0,20.23,0.0,0.0,0.0,6.103966387748303,0.0,12.841643245852019,0.0,0.0,6.923737199690624,6.923737199690624,5.106527394840706,0.0,0.0,0.0,8.55236111111111,0.0,0.0,0.0,1.9097222222222223,3.87125,0.0,1.0,6,1,1,0,0,0,0,0,0,0,1,0,1,1,1,0,2,0,0,0,0,1,3.1405354838709676,0,1.1673,26.58879999999999,0,1,1,0,0,0,0,0,0,0,0,0,0,0,0,0,0,0,0,0,0,0,0,0,0,0,0,0,0,0,0,0,0,0,0,0,0,0,0,0,0,0,0,0,0,0,0,0,0,0,0,0,0,0,0,0,0,0,0,0,0,0,0,0,0,0,0,0,0,0,0,0,0,0,0,0,0,0,0,0,0,0,0,0,0
CCCCC1=C(CCC(C)O)CCC1,9.252443074452003,9.252443074452003,0.12914338729318886,-0.12914338729318886,0.6402735310296734,19.071428571428573,196.33399999999995,172.14199999999997,196.182715388,82,0,1.2142857142857142,1.8571428571428572,2.4285714285714284,2.5843461535792294,2.369246672803802,191.41224379301332,10.38890505706126,9.681418114181966,9.681418114181966,6.736382105218448,6.115117792960294,6.115117792960294,4.551910063013988,4.551910063013988,3.1531024044355314,3.1531024044355314,2.2455550130753235,2.2455550130753235,-0.3,11.772992700729928,6.233651260353543,3.830629986559523,88.21735596707138,5.106527394840706,0.0,0.0,0.0,0.0,0.0,0.0,0.0,0.0,0.0,24.490767882755165,51.8694885601727,0.0,6.103966387748303,5.106527394840706,0.0,0.0,0.0,0.0,71.31801377053763,0.0,11.146209060138535,0.0,0.0,0.0,0.0,0.0,0.0,11.210493782589008,0.0,0.0,65.21404738278933,11.146209060138535,0.0,0.0,0.0,20.23,0.0,5.106527394840706,0.0,6.103966387748303,0.0,12.841643245852019,38.524929737556064,11.146209060138535,6.923737199690624,6.923737199690624,0.0,0.0,0.0,0.0,9.252443074452003,3.381342592592593,0.0,0.0,9.887831921348786,4.145049078273285,0.0,0.8461538461538461,14,1,1,1,0,1,0,0,0,0,1,0,1,1,1,0,6,0,0,0,0,1,5.242052199074156,1,3.818100000000003,61.31680000000005,0,1,1,0,0,0,0,0,0,0,0,0,0,0,0,0,0,0,0,0,0,0,0,0,0,0,2,0,0,0,0,0,0,0,0,0,0,0,0,0,0,0,0,0,0,0,0,0,0,0,0,0,0,0,0,0,0,0,0,0,0,0,0,0,0,0,0,0,0,0,0,0,0,0,0,0,0,0,0,0,0,0,0,1,0
CCCCNC=CO,8.122531179138322,8.122531179138322,0.9519444444444445,0.9519444444444445,0.4285609264345345,10.125,115.17599999999996,102.07199999999999,115.099714036,48,0,1.625,2.375,2.875,1.8088121254443208,2.7185047751704623,61.548875021634686,6.242640687119286,5.223234477438853,5.223234477438853,3.914213562373095,2.9408675294551285,2.9408675294551285,1.6234154009918578,1.6234154009918578,0.8670543826350678,0.8670543826350678,0.4148767289154089,0.4148767289154089,-0.66,7.339999999999999,6.339999999999999,5.34,50.21845450343239,10.423315998847038,0.0,0.0,0.0,0.0,0.0,0.0,0.0,0.0,0.0,13.344558822616634,6.4208216229260096,12.744711295733023,6.26208044842079,5.106527394840706,0.0,0.0,5.316788604006331,0.0,19.765380445542643,6.544756405912575,12.46203533824124,0.0,0.0,5.316788604006331,0.0,0.0,0.0,11.65128380075328,0.0,0.0,19.765380445542643,12.46203533824124,0.0,0.0,0.0,32.26,0.0,0.0,0.0,0.0,0.0,19.227658477259375,12.620776512746458,0.0,0.0,12.240525803696954,5.106527394840706,0.0,0.0,0.0,11.027947845804988,0.0,0.0,0.0,4.890802154195011,3.0812500000000003,0.0,0.6666666666666666,8,2,2,0,0,0,0,0,0,0,0,0,2,2,2,0,4,0,0,0,0,0,5.8169499999999985,0,1.4053,34.67949999999998,0,1,1,0,0,0,0,0,0,0,0,0,0,0,0,0,1,0,0,0,0,0,0,0,0,0,0,0,0,0,0,0,0,0,0,0,0,0,0,0,0,0,0,0,0,0,0,0,0,0,0,0,0,0,0,0,0,0,0,0,0,0,0,0,0,0,0,0,0,0,0,0,0,0,0,0,0,0,0,0,0,0,0,1,0
OC=CNCCCCCCOC1=CCC1,8.354908025972898,8.354908025972898,0.8708379787100026,0.8708379787100026,0.4549409522444758,14.8,211.30499999999995,190.13699999999997,211.157228912,86,0,1.3333333333333333,2.1333333333333333,2.8,2.181302714842719,1.727066575083282,211.6676589040965,10.769738424614747,9.244366943025081,9.244366943025081,7.431851652578137,5.777036843747275,5.777036843747275,3.7416494078548572,3.7416494078548572,2.4580417130433907,2.4580417130433907,1.4152616754670433,1.4152616754670433,-1.12,11.952046109510087,8.209994797086367,6.046062851740699,91.82621823360545,15.160178952647087,0.0,0.0,0.0,0.0,0.0,0.0,0.0,0.0,0.0,12.841643245852019,25.33848497561191,19.165532918659032,18.628127284589883,9.843390348640755,0.0,0.0,5.316788604006331,0.0,38.524929737556064,13.151638370425493,24.297220316731295,0.0,0.0,5.316788604006331,0.0,0.0,0.0,18.2581657652662,4.736862953800049,0.0,38.524929737556064,24.297220316731295,0.0,0.0,0.0,41.489999999999995,0.0,0.0,0.0,0.0,0.0,38.67618368762432,25.021629740434204,6.199954889820448,0.0,11.392808710840212,9.843390348640755,5.524298688024338,0.0,0.0,11.346438162336188,0.0,1.1849533811713646,0.0,11.806537344683782,1.8044390904509953,0.0,0.6666666666666666,15,2,3,1,0,1,0,0,0,0,0,0,3,2,3,0,9,0,0,0,0,0,6.541749091574277,1,2.8599000000000014,61.50850000000004,0,1,1,0,0,0,0,0,0,0,0,0,0,0,0,0,1,0,0,0,0,0,0,0,0,0,2,0,0,0,0,0,0,0,0,0,0,0,0,0,0,1,0,0,0,0,0,0,0,0,0,0,0,0,0,0,0,0,0,0,0,0,0,0,0,0,0,0,0,0,0,0,0,0,0,0,0,0,0,0,0,0,0,3,0
CC1(CCO)CCO1,8.486875000000001,8.486875000000001,0.02256944444444442,0.02256944444444442,0.5704948760873484,36.75,116.16,104.06399999999998,116.083729624,48,0,1.75,2.375,2.5,1.6364527976600283,2.195041843758375,76.59772060569361,6.035533905932739,5.183889010710011,5.183889010710011,3.7677669529663693,3.0161338270301297,3.0161338270301297,2.521974571292609,2.521974571292609,1.722066792461464,1.722066792461464,0.8841964556319695,0.8841964556319695,-0.08,6.046262626262625,2.0337812126823116,1.0085545696139813,49.465909427986254,9.843390348640755,0.0,0.0,0.0,0.0,0.0,0.0,0.0,0.0,0.0,0.0,19.765380445542643,6.606881964512918,12.207932775496605,9.843390348640755,0.0,0.0,0.0,0.0,25.36643125652633,13.213763929025836,0.0,0.0,0.0,0.0,0.0,0.0,0.0,23.92134213485023,4.736862953800049,0.0,19.765380445542643,0.0,0.0,0.0,0.0,29.46,0.0,0.0,0.0,12.207932775496605,0.0,19.448525210364938,0.0,0.0,6.923737199690624,0.0,9.843390348640755,5.198611111111111,0.0,0.0,8.486875000000001,0.02256944444444442,0.0,0.0,1.8894444444444445,3.1525,0.0,1.0,8,1,2,0,1,1,0,0,0,0,1,0,2,1,2,1,2,0,1,1,0,1,1.5370969170295175,1,0.5478000000000001,30.676799999999986,0,1,1,0,0,0,0,0,0,0,0,0,0,0,0,0,0,0,0,0,0,0,0,0,0,0,0,0,0,0,0,0,0,0,0,0,0,0,0,0,0,1,0,0,0,0,0,0,0,0,0,0,0,0,0,0,0,0,0,0,0,0,0,0,0,0,0,0,0,0,0,0,0,0,0,0,0,0,0,0,0,0,0,0,0
CC(C#CNI)CO,8.428674414210128,8.428674414210128,0.08080185185185162,0.08080185185185162,0.2948045586722835,11.375,225.029,216.96499999999997,224.965061876,46,0,1.875,2.5,2.875,1.8266332986704337,3.3476007885895314,104.7316348366857,6.405777393935816,4.609635118885359,6.767133410061682,3.808060412490447,2.2794836967697534,3.3582328423579146,1.4474504416753762,1.9868250144694568,0.6396752614408119,0.9093625478378522,0.19612060269494902,0.35182463009329995,0.04999999999999997,8.050000000000002,5.191843971631208,4.215289256198349,63.16062444500628,5.106527394840706,0.0,0.0,0.0,0.0,0.0,3.530193479806785,0.0,0.0,0.0,5.920434318855644,6.923737199690624,11.962275148003602,29.47145878901883,5.106527394840706,22.86457682450591,0.0,3.530193479806785,5.917906046161393,6.923737199690624,6.606881964512918,0.0,0.0,11.964803420697855,3.530193479806785,0.0,0.0,22.86457682450591,11.713409359353623,0.0,17.882709466859247,6.923737199690624,0.0,0.0,0.0,0.0,32.26,0.0,0.0,0.0,12.52478801067431,0.0,0.0,0.0,0.0,29.788314024196534,15.49499690050464,5.106527394840706,2.6306944444444444,1.9318663265306124,0.0,8.428674414210128,0.0,2.844135185185185,2.625601851851852,0.0,1.992361111111111,0.0,0.6,8,2,2,0,0,0,0,0,0,0,1,0,2,2,3,0,1,0,0,0,0,1,5.224292996453904,0,0.5152999999999999,41.181500000000014,0,1,1,0,0,0,0,0,0,0,0,0,0,0,0,0,1,0,0,0,0,0,0,0,0,0,0,0,0,0,0,0,0,0,0,0,0,0,0,0,0,0,0,0,1,0,0,0,0,0,0,0,0,0,0,0,0,0,0,0,0,0,0,0,0,0,0,0,0,0,0,0,0,0,0,0,0,0,0,0,0,0,0,0,0
CCC(O)CC(C)C#CNI,9.237609126984127,9.237609126984127,0.200452569916856,-0.200452569916856,0.3527640278347407,14.545454545454545,267.11,252.998,267.012012068,64,0,1.6363636363636365,2.272727272727273,2.727272727272727,2.0033322826948847,3.5891976890266895,149.90638535044312,8.69023444431199,6.894092169261532,9.051590460437854,5.201907262607799,3.74505818261435,4.823807328202511,2.562650312964623,3.102024885758704,1.4626926157169837,1.732379902114024,0.78418317101015,0.9398871984085009,0.050000000000000044,11.05,6.741222538441064,6.448009950248758,82.2554507881961,5.106527394840706,0.0,0.0,0.0,0.0,0.0,3.530193479806785,0.0,0.0,0.0,19.767908718236892,12.841643245852019,11.962275148003602,28.96854321225421,5.106527394840706,22.86457682450591,0.0,3.530193479806785,5.917906046161393,32.79308403298157,0.0,0.0,0.0,11.964803420697855,3.530193479806785,0.0,0.0,22.86457682450591,11.210493782589008,0.0,17.882709466859247,26.689117645233267,0.0,0.0,0.0,0.0,32.26,0.0,5.106527394840706,0.0,12.021872433909696,0.0,12.841643245852019,0.0,0.0,36.71205122388716,15.49499690050464,0.0,2.7171161659108085,1.977648403250189,0.0,9.237609126984127,0.0,3.239459259259259,2.753028155706727,1.3744517668178378,3.9873537887377175,0.0,0.75,11,2,2,0,0,0,0,0,0,0,2,0,2,2,3,0,3,0,0,0,0,2,6.7718644590703425,0,1.684,55.01050000000003,0,1,1,0,0,0,0,0,0,0,0,0,0,0,0,0,1,0,0,0,0,0,0,0,0,0,0,0,0,0,0,0,0,0,0,0,0,0,0,0,0,0,0,0,1,0,0,0,0,0,0,0,0,0,0,0,0,0,0,0,0,0,0,0,0,0,0,0,0,0,0,0,0,0,0,0,0,0,0,0,0,0,0,0,0
CC=[N+]CCC=CCC#CC(O)CC(C)C#CNI,9.684695464618354,9.684695464618354,0.13334584457344434,-0.6003679447623356,0.14262210286298782,13.473684210526315,372.25,351.08199999999994,372.06931271209,103,1,1.368421052631579,2.1578947368421053,2.8421052631578947,2.390916480976398,3.818445019010321,395.83931187957495,14.347088693804373,11.487570134703464,13.645068425879787,9.2019072626078,6.3235384753667105,7.402287620954872,3.96607422872042,4.5054488015145004,2.205321238216202,2.475008524613242,1.3182373319488818,1.4739413593472328,-0.98,18.020000000000003,13.451632875544622,13.255017626321976,130.01499043450747,5.106527394840706,6.103966387748303,0.0,12.75935698544789,0.0,0.0,3.530193479806785,0.0,0.0,0.0,36.83708036992532,6.4208216229260096,36.720060326181915,22.86457682450591,5.106527394840706,29.079177404041225,0.0,8.522598212442453,5.917906046161393,39.21390565590758,6.544756405912575,12.152040213667762,0.0,23.805672058409144,8.522598212442453,0.0,0.0,22.86457682450591,23.9698507680369,0.0,29.723578104570535,33.10993926815928,12.152040213667762,0.0,0.0,0.0,46.36,6.103966387748303,5.106527394840706,0.0,5.917906046161393,12.841643245852019,12.965578028838586,0.0,0.0,49.00267191025635,38.40429037768548,0.0,2.724859344084624,1.9676804007763002,4.104148640515134,9.684695464618354,0.0,8.87668276985509,2.7588677058055597,7.459196883080398,4.710535457931205,0.0,0.5333333333333333,19,2,3,0,0,0,0,0,0,0,2,0,3,2,4,0,6,0,0,0,0,2,12.757811811437586,0,2.0403,89.60850000000003,0,1,1,0,0,0,0,0,0,0,0,0,0,0,1,1,1,0,0,0,0,0,0,0,0,0,1,0,0,0,0,0,0,0,0,0,0,0,0,0,0,0,0,0,1,0,0,0,0,0,0,0,0,0,0,0,0,0,0,0,0,0,0,0,0,0,0,0,0,0,0,0,0,0,0,0,0,0,0,0,0,0,0,0,0
CCCCCCCC(CC)CCC=[N+]CCC=CCC#CC(O)CC(C)C#CNI,9.874053046475755,9.874053046475755,0.1281204047483926,-0.6066679981519363,0.047955983386514384,14.033333333333333,526.5470000000001,483.2030000000001,526.24146341609,169,1,1.0333333333333334,1.8333333333333333,2.566666666666667,2.738042178263743,3.7672684994424674,565.0533450646988,22.288399993672922,19.428881434572023,21.586379725748344,14.633758915185938,11.793394930405633,12.872144075993793,7.94496218521415,8.48433675800823,5.149136994737531,5.418824281134571,3.271101882802628,3.4268059102009794,-0.98,29.019999999999996,22.699560284260855,20.299182743372064,200.02935369287022,5.106527394840706,6.103966387748303,0.0,12.75935698544789,0.0,0.0,3.530193479806785,0.0,0.0,0.0,95.63030612978862,18.75954929201341,36.2171447494173,22.86457682450591,5.106527394840706,29.079177404041225,0.0,8.522598212442453,11.835812092322787,103.9250374619323,6.544756405912575,12.152040213667762,0.0,23.805672058409144,8.522598212442453,0.0,0.0,22.86457682450591,23.9698507680369,0.0,35.64148415073193,97.821071074184,12.152040213667762,0.0,0.0,0.0,46.36,6.103966387748303,5.106527394840706,0.0,5.917906046161393,12.841643245852019,25.304305697925987,51.36657298340809,0.0,29.788314024196534,64.5423854634359,0.0,2.751923825625312,1.9829801395068531,4.530771761411794,9.874053046475755,0.0,9.894911847488125,2.788953155191316,19.86668090562966,7.42972531867118,0.0,0.7307692307692307,30,2,3,0,0,0,0,0,0,0,3,0,3,2,4,0,16,0,0,0,0,3,21.958041314974995,0,6.187300000000008,140.32549999999998,0,1,1,0,0,0,0,0,0,0,0,0,0,0,1,1,1,0,0,0,0,0,0,0,0,0,1,0,0,0,0,0,0,0,0,0,0,0,0,0,0,0,0,0,1,0,0,0,0,0,0,0,0,0,0,0,0,0,0,0,0,0,0,0,0,0,0,0,0,0,0,0,0,0,0,0,0,0,0,0,0,0,0,4,0
CCCCCCCC(CCC=[N+]CCC=CCC#CC(O)CC(C)C#CNI)OC1=CC1,9.895878005626082,9.895878005626082,0.11888929082497257,-0.6186458066364411,0.04540963680651098,15.3125,552.5409999999999,511.2130000000002,552.22072797209,177,1,1.1875,2.0,2.75,3.5919628018740566,2.0988916197081573,693.9155839016278,23.27996382523564,19.91447999422551,22.07197828540183,15.651397005390978,12.16834308003462,13.247092225622781,8.28510922228271,8.82448379507679,5.0880728891221345,5.357760175519175,3.2218586267129687,3.37756265411132,-1.44,28.592722513089,20.1870736882716,18.16222961676954,209.81240685106025,9.843390348640755,6.103966387748303,0.0,12.75935698544789,0.0,0.0,3.530193479806785,0.0,0.0,0.0,69.44410406131996,31.75930659853792,42.637966372343314,34.727708083910386,9.843390348640755,29.079177404041225,0.0,8.522598212442453,5.917906046161393,103.10526664998999,6.544756405912575,23.98722519215782,0.0,23.805672058409144,8.522598212442453,0.0,0.0,22.86457682450591,30.0738171557852,4.736862953800049,29.723578104570535,90.89733387449338,23.98722519215782,0.0,0.0,0.0,55.59,6.103966387748303,5.106527394840706,0.0,5.917906046161393,18.94560963360032,38.64886452054263,37.863272986286226,0.0,35.86433413103042,57.618648263745285,4.736862953800049,8.804209114101383,1.9802649230254028,4.521081426944674,9.895878005626082,0.0,10.18922897065898,2.7874536767193074,21.06067813904048,5.047872410550359,0.0,0.6666666666666666,32,2,4,1,0,1,0,0,0,0,3,0,4,2,5,0,17,0,0,0,0,3,18.037606135000935,1,5.833900000000007,144.11749999999992,0,1,1,0,0,0,0,0,0,0,0,0,0,0,1,1,1,0,0,0,0,0,0,0,0,0,3,0,0,0,0,0,0,0,0,0,0,0,0,0,0,1,0,0,1,0,0,0,0,0,0,0,0,0,0,0,0,0,0,0,0,0,0,0,0,0,0,0,0,0,0,0,0,0,0,0,0,0,0,0,0,0,0,4,0
C=CCCCCC=C=CO,8.18542083963215,8.18542083963215,0.9379972915091963,0.9379972915091963,0.26783852717405165,8.0,138.20999999999998,124.09799999999997,138.104465068,56,0,1.3,2.0,2.6,1.9671544718900458,3.044503416020624,129.66369253840435,7.6568542494923815,6.214798309001574,6.214798309001574,4.914213562373096,3.560294030328376,3.560294030328376,2.073022441743165,2.073022441743165,1.1990967324409516,1.1990967324409516,0.6711127355109914,0.6711127355109914,-0.94,9.059999999999999,8.06,7.0600000000000005,62.38421259864566,5.106527394840706,6.26208044842079,0.0,0.0,0.0,0.0,0.0,0.0,0.0,6.578935683598497,11.807238697575634,31.75930659853792,0.0,0.0,5.106527394840706,0.0,0.0,0.0,0.0,25.683286491704038,0.0,30.724274936428802,0.0,0.0,0.0,0.0,0.0,0.0,5.106527394840706,0.0,0.0,25.683286491704038,30.724274936428802,0.0,0.0,0.0,20.23,0.0,0.0,0.0,0.0,0.0,25.524545317198818,6.4208216229260096,0.0,12.152040213667762,12.310154274340253,5.106527394840706,0.0,0.0,0.0,8.18542083963215,2.604891581632653,0.0,0.0,9.087037903124212,3.622649675610985,0.0,0.4444444444444444,10,1,1,0,0,0,0,0,0,0,0,0,1,1,1,0,5,0,0,0,0,0,7.302359999999998,0,2.959600000000001,43.94680000000001,0,1,1,0,0,0,0,0,0,0,0,0,0,0,0,0,0,0,0,0,0,0,0,0,0,0,2,0,0,0,0,0,0,0,0,0,0,0,0,0,0,0,0,0,0,0,0,0,0,0,0,0,0,0,0,0,0,0,0,0,0,0,0,0,0,0,0,0,0,0,0,0,0,0,0,0,0,0,0,0,0,0,0,3,0
CC=CC(CCC)CCCC=C=CO,8.364696264333709,8.364696264333709,0.7328760393046105,0.7328760393046105,0.2758998833976479,12.428571428571429,194.318,172.14199999999997,194.167065324,80,0,1.3571428571428572,2.142857142857143,2.7142857142857144,2.179914138497992,3.6482015241806147,197.2811025515948,10.648418081055103,9.369498847380827,9.369498847380827,6.846065214951232,5.511417747371217,5.511417747371217,3.5053321295989446,3.5053321295989446,2.239844962306814,2.239844962306814,1.5978838572134828,1.5978838572134828,-0.94,13.060000000000002,10.142918739635157,7.695847847550529,87.8439810562321,5.106527394840706,6.26208044842079,0.0,0.0,0.0,0.0,0.0,0.0,0.0,0.0,31.227817627026152,44.60094984438993,0.0,0.0,5.106527394840706,0.0,0.0,0.0,5.917906046161393,45.95158251401131,0.0,30.221359359664188,0.0,0.0,0.0,0.0,0.0,0.0,5.106527394840706,0.0,5.917906046161393,45.95158251401131,30.221359359664188,0.0,0.0,0.0,20.23,0.0,0.0,0.0,0.0,0.0,18.600808117508194,25.683286491704038,0.0,6.076020106833881,31.730733203790763,5.106527394840706,0.0,0.0,0.0,8.364696264333709,2.6735250535399344,0.7328760393046105,0.0,13.254733638825899,4.307502337329177,0.0,0.6153846153846154,14,1,1,0,0,0,0,0,0,0,1,0,1,1,1,0,7,0,0,0,0,1,9.461894195688227,0,4.375900000000003,62.34480000000004,0,1,1,0,0,0,0,0,0,0,0,0,0,0,0,0,0,0,0,0,0,0,0,0,0,0,3,0,0,0,0,0,0,0,0,0,0,0,0,0,0,0,0,0,0,0,0,0,0,0,0,0,0,0,0,0,0,0,0,0,0,0,0,0,0,0,0,0,0,0,0,0,0,0,0,0,0,0,0,0,0,0,0,1,0
NC#CO,7.388888888888889,7.388888888888889,1.4583333333333333,1.4583333333333333,0.2832490197909798,3.0,57.05200000000001,54.028,57.021463716,22,0,1.75,2.0,2.0,1.370950594454669,2.8258401285415227,42.793987519471216,3.414213562373095,2.0245638646895836,2.0245638646895836,1.914213562373095,0.7622819323447918,0.7622819323447918,0.25614096617239596,0.25614096617239596,0.06454972243679029,0.06454972243679029,0.0,0.0,-0.8400000000000001,3.16,2.1600000000000006,1.1600000000000035,24.237542983294155,10.84019487200289,6.106494660442553,0.0,0.0,0.0,0.0,0.0,0.0,0.0,0.0,0.0,0.0,6.04436910184221,0.0,5.106527394840706,0.0,0.0,0.0,5.733667477162185,0.0,0.0,0.0,0.0,12.150863762284763,5.733667477162185,0.0,0.0,0.0,5.106527394840706,0.0,12.150863762284763,0.0,0.0,0.0,0.0,0.0,46.25,0.0,0.0,0.0,0.0,0.0,0.0,6.106494660442553,6.04436910184221,0.0,5.733667477162185,5.106527394840706,0.0,0.0,0.0,7.388888888888889,4.416666666666667,0.0,1.7361111111111112,1.4583333333333333,0.0,0.0,0.0,4,3,2,0,0,0,0,0,0,0,0,0,2,2,2,0,0,0,0,0,0,0,1.7064000000000006,0,-0.764,13.8992,0,1,1,0,0,0,0,0,0,0,0,0,0,0,0,0,0,1,0,0,0,0,0,0,0,0,0,0,0,0,0,0,0,0,0,0,0,0,0,0,0,0,0,0,0,0,0,0,0,0,0,0,0,0,0,0,0,0,0,0,0,0,0,0,0,0,0,0,0,0,0,0,0,0,0,0,0,0,0,0,0,0,0,0,0
CCCOCC=CCO,8.28042083963215,8.28042083963215,0.10663194444444457,0.10663194444444457,0.4434515126499252,10.88888888888889,130.18699999999998,116.07499999999999,130.099379688,54,0,1.4444444444444444,2.2222222222222223,2.7777777777777777,1.88523483624215,2.8164790976838736,69.31640245632484,6.949747468305834,5.838589549089264,5.838589549089264,4.414213562373095,3.250514730654071,3.250514730654071,1.7288936637566168,1.7288936637566168,0.8346138095976461,0.8346138095976461,0.4382892633686871,0.4382892633686871,-0.34,8.66,7.659999999999999,7.66,56.14707966372783,9.843390348640755,0.0,0.0,0.0,0.0,0.0,0.0,0.0,0.0,0.0,19.075777413358384,6.4208216229260096,6.606881964512918,13.213763929025836,9.843390348640755,0.0,0.0,0.0,0.0,13.344558822616634,19.820645893538753,12.152040213667762,0.0,0.0,0.0,0.0,0.0,0.0,24.927173288379457,4.736862953800049,0.0,13.344558822616634,12.152040213667762,0.0,0.0,0.0,29.46,0.0,0.0,0.0,6.606881964512918,6.606881964512918,13.027703587438928,0.0,6.076020106833881,6.076020106833881,6.923737199690624,9.843390348640755,5.086944444444445,0.0,0.0,8.28042083963215,0.0,0.0,0.0,4.539965277777778,3.592669438145629,0.0,0.7142857142857143,9,1,2,0,0,0,0,0,0,0,0,0,2,1,2,0,5,0,0,0,0,0,7.370622222222222,0,0.9614999999999998,37.3358,0,1,1,0,0,0,0,0,0,0,0,0,0,0,0,0,0,0,0,0,0,0,0,0,0,0,0,0,0,0,0,0,0,0,0,0,0,0,0,0,0,1,0,0,0,0,0,0,0,0,0,0,0,0,0,0,0,0,0,0,0,0,0,0,0,0,0,0,0,0,0,0,0,0,0,0,0,0,0,0,0,0,0,0,0
OC1CC=[SH]CC[N+]CCCC(CCCCBr)CCC1,9.954082671176828,9.954082671176828,0.11984153229192929,-0.11984153229192929,0.3383369331796026,27.5,365.40100000000007,334.153,364.13042413209,118,2,1.15,2.0,2.85,2.442414774884224,2.326202647353929,250.6313713864834,14.468409037364017,12.6440442225031,15.12446795261772,9.82569850269549,8.181832062240439,10.45215428151484,5.773023070371866,7.743531678769397,3.968121379498016,5.456072123543431,2.7400320510385616,3.9684200828857064,0.6199999999999999,18.668496605237635,13.29453510543239,10.361716322724826,136.74601874086326,5.106527394840706,0.0,13.08951281182515,0.0,0.0,0.0,0.0,0.0,11.350969244424817,0.0,46.98071328516963,31.60119253786543,17.503764876734227,11.420754991754634,5.106527394840706,32.64839603789041,0.0,5.316788604006331,5.917906046161393,63.891360994082405,24.172456065633366,0.0,0.0,0.0,5.316788604006331,0.0,0.0,27.280913142374168,40.750432743738614,0.0,5.917906046161393,57.787394606334104,0.0,0.0,0.0,0.0,34.33,0.0,5.106527394840706,0.0,6.103966387748303,0.0,42.93200535764679,56.296720604906895,0.0,0.0,26.614215397471916,0.0,0.0,4.858637964946888,0.0,17.915357656479593,0.0,1.974994094860166,0.0,10.741591948771482,2.0371961127196516,0.0,0.9375,20,1,2,0,1,1,0,0,0,0,2,0,1,2,4,1,4,0,0,0,0,2,12.409449174198857,1,3.7550000000000026,96.62880000000006,0,1,1,0,0,0,0,0,0,0,0,0,0,0,0,1,0,0,0,0,0,0,1,0,0,1,0,0,0,0,0,0,0,0,0,0,0,0,0,0,0,0,0,0,1,0,0,0,0,0,0,0,0,0,0,0,0,0,0,0,0,0,0,0,0,0,0,0,0,0,0,0,0,0,0,0,0,0,0,0,0,0,0,1,0
C=CC#CO,7.6338888888888885,7.6338888888888885,1.3194444444444444,1.3194444444444444,0.4098328126873447,4.0,68.07499999999999,64.04299999999999,68.026214748,26,0,1.8,2.4,2.4,1.4056390622295665,3.1559504541874945,73.38407798525415,4.121320343559642,2.731670645876131,2.731670645876131,2.414213562373095,1.170530222808655,1.170530222808655,0.46026511140432746,0.46026511140432746,0.16661179505275603,0.16661179505275603,0.04564354645876384,0.04564354645876384,-0.8999999999999999,4.099999999999999,3.0999999999999988,3.099999999999997,30.937933482890404,5.106527394840706,6.106494660442553,0.0,0.0,0.0,0.0,0.0,0.0,0.0,0.0,6.578935683598497,11.996454425689524,0.0,0.0,5.106527394840706,0.0,0.0,0.0,0.0,0.0,0.0,12.654955790432378,0.0,12.026928979298198,0.0,0.0,0.0,0.0,5.106527394840706,0.0,12.026928979298198,0.0,12.654955790432378,0.0,0.0,0.0,20.23,0.0,0.0,0.0,0.0,0.0,0.0,6.076020106833881,6.106494660442553,0.0,12.499370002454143,5.106527394840706,0.0,0.0,0.0,7.6338888888888885,0.0,2.1805555555555554,0.0,2.96875,3.2168055555555557,0.0,0.0,5,1,1,0,0,0,0,0,0,0,0,0,1,1,1,0,0,0,0,0,0,0,2.541999999999998,0,0.5057999999999999,19.9088,0,1,1,0,0,0,0,0,0,0,0,0,0,0,0,0,0,0,0,0,0,0,0,0,0,0,1,0,0,0,0,0,0,0,0,0,0,0,0,0,0,0,0,0,0,0,0,0,0,0,0,0,0,0,0,0,0,0,0,0,0,0,0,0,0,0,0,0,0,0,0,0,0,0,0,0,0,0,0,0,0,0,0,0,0
CCNCCCCC=[SH]CO,8.451071283464412,8.451071283464412,0.2710416666666666,0.2710416666666666,0.30765844258739605,11.818181818181818,177.313,158.16099999999997,177.118735228,68,0,1.4545454545454546,2.272727272727273,2.909090909090909,2.0339309928768716,2.8452531812362967,96.09284782231803,8.36396103067893,7.2144181473088285,8.108845338308743,5.414213562373096,4.213116274617795,5.361969586145793,2.355905034282055,3.3690444900968948,1.3975260836651386,2.0772231793450064,0.8114234753480611,1.2920419008560968,0.13999999999999996,11.14,10.14,10.14,72.96476537357826,10.423315998847038,0.0,0.0,0.0,0.0,0.0,0.0,0.0,11.350969244424817,0.0,12.291220095206864,32.35197768060318,0.0,5.938913948333699,5.106527394840706,16.718452139941057,0.0,5.316788604006331,0.0,26.186202068468653,19.02842676015885,0.0,0.0,0.0,5.316788604006331,0.0,0.0,11.350969244424817,29.502437050515795,0.0,0.0,26.186202068468653,0.0,0.0,0.0,0.0,32.26,0.0,0.0,0.0,5.938913948333699,0.0,30.861303679175975,12.841643245852019,0.0,0.0,17.608008699213194,5.106527394840706,0.0,1.0596277574815935,0.0,13.855581078123016,0.0,0.2710416666666666,0.0,3.6099190602166793,4.314941548623157,0.0,0.875,11,2,2,0,0,0,0,0,0,0,0,0,2,3,3,0,7,0,0,0,0,0,10.269054545454546,0,0.9836999999999998,54.53050000000004,0,1,1,0,0,0,0,0,0,0,0,0,0,0,0,0,1,0,0,0,0,0,1,0,0,0,0,0,0,0,0,0,0,0,0,0,0,0,0,0,0,0,0,0,0,0,0,0,0,0,0,0,0,0,0,0,0,0,0,0,0,0,0,0,0,0,0,0,0,0,0,0,0,0,0,0,0,0,0,0,0,0,0,2,0
C=COCC1CC=C(O)CC[SH]=CCC#CCC1,9.757217025699168,9.757217025699168,0.4043830309901737,0.4043830309901737,0.3545410843966293,21.77777777777778,266.40599999999995,244.22999999999996,266.134050944,100,0,1.5555555555555556,2.4444444444444446,3.2777777777777777,2.3947272321025097,2.561607391105482,360.4252286891899,13.054195474990921,10.768930807714664,11.663357998714579,8.825698502695488,6.371235897662121,7.520089209190119,4.232297122365925,5.409807461206103,2.7586658372935466,3.681244600372903,1.6955465576567579,2.456706171030082,-1.1400000000000001,14.919311981020165,9.84594544385206,7.237470085158039,113.69723139421488,9.843390348640755,0.0,0.0,0.0,0.0,0.0,0.0,11.350969244424817,0.0,5.920434318855644,17.866852897970382,30.588423005594084,19.26246486877803,18.628127284589883,9.843390348640755,16.718452139941057,0.0,0.0,5.917906046161393,32.10410811463005,12.359735571259707,24.676201110509343,0.0,11.840868637711289,0.0,0.0,0.0,11.350969244424817,22.833745861616652,4.736862953800049,17.75877468387268,32.10410811463005,24.676201110509343,0.0,0.0,0.0,29.46,0.0,5.106527394840706,0.0,0.0,18.283952882330485,37.856961721376834,17.613049692845607,0.0,6.076020106833881,23.787287216826027,4.736862953800049,5.25454221606338,1.2578221134302785,0.0,11.920389401513589,0.0,8.223582608969513,0.0,7.747398825270849,4.2073759458635,0.0,0.5333333333333333,18,1,2,0,1,1,0,0,0,0,1,0,2,2,3,1,3,0,0,0,0,1,8.160818434718497,1,3.4398000000000017,81.12880000000004,0,1,1,0,0,0,0,0,0,0,0,0,0,0,0,0,0,0,0,0,0,0,1,0,0,0,2,0,0,0,0,0,0,0,0,0,0,0,0,0,0,1,0,0,0,0,0,0,0,0,0,0,0,0,0,0,0,0,0,0,0,0,0,0,0,0,0,0,0,0,0,0,0,0,0,0,0,0,0,0,0,0,0,0,0
CC(O)BCC=O,9.598194444444445,9.598194444444445,0.3285185185185189,-0.3285185185185189,0.3786220555679761,12.857142857142858,99.92599999999999,90.85399999999998,100.069559928,40,0,2.0,2.5714285714285716,2.7142857142857144,1.6121972227029933,2.8099823316091586,53.65148445440323,5.698670612749268,4.424375986716168,4.424375986716168,3.270055610029662,2.3877480002600286,2.3877480002600286,1.593038301902372,1.593038301902372,0.702292376332818,0.702292376332818,0.30924364766063683,0.30924364766063683,-0.30506493506493515,6.694935064935065,3.8705296921955603,5.694935064935064,43.77712484233189,9.901064578912528,6.286160523129555,7.279513422127114,0.0,0.0,0.0,0.0,0.0,0.0,0.0,0.0,13.24391059133447,6.003318156466141,0.0,9.901064578912528,13.56567394525667,0.0,0.0,0.0,19.247228747800612,0.0,0.0,0.0,0.0,0.0,0.0,0.0,0.0,24.675519496563517,4.794537184071822,0.0,6.923737199690624,0.0,6.320173391643847,0.0,0.0,37.3,0.0,4.794537184071822,0.0,6.003318156466141,13.599686813770962,6.286160523129555,0.0,6.923737199690624,0.0,0.0,5.106527394840706,0.0,0.0,9.598194444444445,8.524583333333334,0.0,0.0,-0.3285185185185189,1.2821296296296296,1.6701388888888888,0.5868055555555556,0.75,7,1,2,0,0,0,0,0,0,0,1,0,2,1,3,0,3,0,0,0,0,1,3.7018492794503404,0,-0.6216000000000002,29.70079999999999,0,1,1,0,0,0,0,0,0,0,1,1,0,0,0,0,0,0,0,0,0,0,0,1,0,0,0,0,0,0,0,0,0,0,0,0,0,0,0,0,0,0,0,0,0,0,0,0,0,0,0,0,0,0,0,0,0,0,0,0,0,0,0,0,0,0,0,0,0,0,0,0,0,0,0,0,0,0,0,0,0,0,0,0,0
O=COCO,9.022638888888888,9.022638888888888,0.18055555555555558,-0.5243055555555554,0.3425417110888822,6.6,76.05099999999999,72.01899999999999,76.01604398799999,30,0,2.0,2.6,2.6,1.4056390622295665,2.4017152226171965,26.07403392114697,4.121320343559642,2.5481672268038573,2.5481672268038573,2.414213562373095,1.0763074214026824,1.0763074214026824,0.3919911564051849,0.3919911564051849,0.14257698099397018,0.14257698099397018,0.030429030972509236,0.030429030972509236,-0.5700000000000001,4.43,3.4299999999999993,3.429999999999999,29.173494223972817,9.843390348640755,0.0,6.792942306099827,0.0,6.472220864716464,0.0,4.794537184071822,0.0,0.0,0.0,0.0,0.0,0.0,0.0,14.637927532712576,6.472220864716464,0.0,0.0,0.0,0.0,6.792942306099827,0.0,0.0,0.0,0.0,0.0,0.0,0.0,18.371690565656998,9.53140013787187,0.0,0.0,0.0,0.0,0.0,0.0,46.53,6.792942306099827,0.0,0.0,6.472220864716464,0.0,0.0,0.0,0.0,0.0,4.736862953800049,9.901064578912528,3.7083333333333335,0.0,9.022638888888888,7.612777777777778,0.0,0.0,0.0,0.0,-0.3437499999999998,0.0,0.5,5,1,3,0,0,0,0,0,0,0,0,0,3,1,3,0,2,0,0,0,0,0,3.038979999999999,0,-0.8908,14.2348,0,1,1,0,0,0,0,0,0,0,1,1,0,0,0,0,0,0,0,0,0,0,0,0,0,0,0,0,0,0,0,0,0,0,0,0,0,0,0,0,0,1,0,0,0,0,0,0,0,0,0,0,0,0,0,0,0,0,0,0,0,0,0,0,0,0,0,0,0,0,0,0,0,0,0,0,0,0,0,0,0,0,0,0,0
C=CCNCCO,8.196085600907029,8.196085600907029,0.2022222222222223,0.2022222222222223,0.3779823363718095,8.714285714285714,101.14899999999999,90.06099999999999,101.084063972,42,0,1.7142857142857142,2.4285714285714284,2.857142857142857,1.690933805959686,2.558780869327957,45.34481288877288,5.535533905932738,4.3529909894357735,4.3529909894357735,3.414213562373095,2.3398311281311113,2.3398311281311113,1.2164060775767231,1.2164060775767231,0.5772552287664392,0.5772552287664392,0.28318108673614095,0.28318108673614095,-0.33999999999999997,6.66,5.66,5.66,43.85351238903578,10.423315998847038,0.0,0.0,0.0,0.0,0.0,0.0,0.0,0.0,6.578935683598497,6.076020106833881,0.0,13.08951281182515,6.606881964512918,5.106527394840706,0.0,0.0,5.316788604006331,0.0,0.0,19.696394776338067,12.654955790432378,0.0,0.0,5.316788604006331,0.0,0.0,0.0,24.80292217117877,0.0,0.0,0.0,12.654955790432378,0.0,0.0,0.0,32.26,0.0,0.0,0.0,6.606881964512918,6.544756405912575,6.544756405912575,0.0,6.076020106833881,0.0,11.895724287604828,5.106527394840706,0.0,0.0,0.0,11.112752267573697,0.0,0.0,0.0,1.7595833333333333,5.12766439909297,0.0,0.6,7,2,2,0,0,0,0,0,0,0,0,0,2,2,2,0,4,0,0,0,0,0,5.385085714285714,0,-0.24569999999999992,30.152499999999986,0,1,1,0,0,0,0,0,0,0,0,0,0,0,0,0,1,0,0,0,0,0,0,0,0,0,0,0,0,0,0,0,0,0,0,0,0,0,0,0,0,0,0,0,0,0,0,0,0,0,0,0,0,0,0,0,0,0,0,0,0,0,0,0,0,0,0,0,0,0,0,0,0,0,0,0,0,0,0,0,0,0,0,0,0
CCNC=NC=CCO,8.24167934303351,8.24167934303351,0.04510416666666672,0.04510416666666672,0.41729229262105255,11.333333333333334,128.17499999999998,116.07899999999998,128.094963004,52,0,1.6666666666666667,2.4444444444444446,3.0,1.88523483624215,3.1295869131633727,99.23098268032228,6.949747468305834,5.540691560941889,5.540691560941889,4.414213562373095,2.923542475682991,2.923542475682991,1.4031958239293292,1.4031958239293292,0.6668316446597312,0.6668316446597312,0.29502338290231583,0.29502338290231583,-0.8300000000000001,8.17,7.169999999999999,7.17,55.113776989292504,10.423315998847038,0.0,0.0,0.0,0.0,0.0,0.0,4.992404732635669,0.0,0.0,0.0,12.999757306524504,12.744711295733023,12.945417327034802,5.106527394840706,6.338535362521884,0.0,5.316788604006331,4.992404732635669,6.923737199690624,13.151638370425493,12.27597499665433,0.0,0.0,5.316788604006331,0.0,0.0,0.0,24.59670112778808,0.0,0.0,6.923737199690624,17.268379729289997,0.0,0.0,0.0,44.620000000000005,0.0,0.0,0.0,6.606881964512918,0.0,6.544756405912575,0.0,18.61451035917621,6.923737199690624,10.309193336642,5.106527394840706,0.0,0.0,3.774166666666667,11.124278549382717,0.0,0.0,0.0,4.6970833333333335,2.904471450617284,0.0,0.5,9,2,3,0,0,0,0,0,0,0,0,0,2,2,3,0,4,0,0,0,0,0,6.5087666666666655,0,0.13019999999999998,38.39450000000001,0,1,1,0,0,0,0,0,0,0,0,0,0,0,1,1,1,0,0,0,0,0,0,0,0,0,0,0,0,0,0,0,0,0,0,0,0,0,0,0,0,0,0,0,0,0,0,0,0,0,0,0,0,0,0,0,0,0,0,0,0,0,0,0,0,0,0,0,0,0,0,0,0,0,0,0,0,0,0,0,0,0,0,0,0
CCCCCC=NC=CO,8.174649234693877,8.174649234693877,0.9407943594104309,0.9407943594104309,0.35611086835575073,11.7,141.214,126.09399999999998,141.1153641,58,0,1.4,2.2,2.8,1.9671544718900458,3.021846226108329,107.82521876648653,7.6568542494923815,6.454905123314985,6.454905123314985,4.914213562373096,3.723285074225227,3.723285074225227,2.1255696971163736,2.1255696971163736,1.1949191992867854,1.1949191992867854,0.6595083393559205,0.6595083393559205,-0.79,9.210000000000003,8.210000000000003,7.210000000000004,62.29379903447767,5.106527394840706,0.0,0.0,0.0,0.0,0.0,4.992404732635669,0.0,0.0,0.0,19.765380445542643,12.841643245852019,6.2146005795353165,12.46203533824124,5.106527394840706,6.2146005795353165,0.0,0.0,4.992404732635669,32.60702369139466,0.0,12.46203533824124,0.0,0.0,0.0,0.0,0.0,0.0,11.321127974376022,0.0,0.0,32.60702369139466,17.454440070876906,0.0,0.0,0.0,32.59,0.0,0.0,0.0,0.0,0.0,12.682902071346799,25.46241975859848,0.0,6.2146005795353165,11.916141932326294,5.106527394840706,0.0,0.0,3.8061026077097506,8.174649234693877,0.0,0.0,0.0,8.847850765306122,2.1713973922902494,0.0,0.625,10,1,2,0,0,0,0,0,0,0,0,0,2,1,2,0,5,0,0,0,0,0,7.561410000000005,0,2.6667000000000005,44.40280000000001,0,1,1,0,0,0,0,0,0,0,0,0,0,0,1,1,0,0,0,0,0,0,0,0,0,0,0,0,0,0,0,0,0,0,0,0,0,0,0,0,0,0,0,0,0,0,0,0,0,0,0,0,0,0,0,0,0,0,0,0,0,0,0,0,0,0,0,0,0,0,0,0,0,0,0,0,0,0,0,0,0,0,0,3,0
C=CNCCO,8.087083333333332,8.087083333333332,0.1726388888888888,0.1726388888888888,0.4635654282010991,7.5,87.122,78.04999999999998,87.068413908,36,0,1.8333333333333333,2.5,2.6666666666666665,1.6143308351592656,2.488403771876112,36.529325012980806,4.82842712474619,3.645884208249226,3.645884208249226,2.914213562373095,1.8667045816687877,1.8667045816687877,0.8818550882138418,0.8818550882138418,0.40047853346980233,0.40047853346980233,0.16661179505275603,0.16661179505275603,-0.5,5.5,4.5,3.5,37.48857027463917,10.423315998847038,0.0,0.0,0.0,0.0,0.0,0.0,0.0,0.0,0.0,6.578935683598497,6.199954889820448,6.544756405912575,6.606881964512918,5.106527394840706,0.0,0.0,5.316788604006331,0.0,0.0,13.151638370425493,12.778890573418945,0.0,0.0,5.316788604006331,0.0,0.0,0.0,18.2581657652662,0.0,0.0,0.0,12.778890573418945,0.0,0.0,0.0,32.26,0.0,0.0,0.0,6.606881964512918,6.544756405912575,0.0,0.0,6.199954889820448,0.0,11.895724287604828,5.106527394840706,0.0,0.0,0.0,10.798888888888888,0.0,0.0,0.0,1.5518055555555557,4.149305555555555,0.0,0.5,6,2,2,0,0,0,0,0,0,0,0,0,2,2,2,0,3,0,0,0,0,0,4.125,0,-0.28819999999999996,25.285499999999992,0,1,1,0,0,0,0,0,0,0,0,0,0,0,0,0,1,0,0,0,0,0,0,0,0,0,0,0,0,0,0,0,0,0,0,0,0,0,0,0,0,0,0,0,0,0,0,0,0,0,0,0,0,0,0,0,0,0,0,0,0,0,0,0,0,0,0,0,0,0,0,0,0,0,0,0,0,0,0,0,0,0,0,0,0
C=COCO,7.772777777777778,7.772777777777778,0.2743055555555556,-0.2743055555555556,0.37146326729933804,6.6,74.079,68.03099999999999,74.036779432,30,0,2.0,2.6,2.6,1.4056390622295665,2.4017152226171965,26.07403392114697,4.121320343559642,2.8470257175265417,2.8470257175265417,2.414213562373095,1.2488534514710299,1.2488534514710299,0.462432778206914,0.462432778206914,0.19238672944775093,0.19238672944775093,0.05270462766947299,0.05270462766947299,-0.5,4.5,3.5,3.5,30.687311206141402,9.843390348640755,0.0,6.792942306099827,0.0,0.0,0.0,0.0,0.0,0.0,0.0,6.578935683598497,0.0,0.0,6.26208044842079,9.843390348640755,0.0,0.0,0.0,0.0,0.0,6.792942306099827,12.841016132019288,0.0,0.0,0.0,0.0,0.0,0.0,11.899469700940532,4.736862953800049,0.0,0.0,12.841016132019288,0.0,0.0,0.0,29.46,0.0,0.0,0.0,6.792942306099827,0.0,0.0,6.26208044842079,0.0,0.0,11.315798637398547,5.106527394840706,4.152777777777778,0.0,0.0,7.772777777777778,0.0,0.0,0.0,1.1805555555555556,2.893888888888889,0.0,0.3333333333333333,5,1,2,0,0,0,0,0,0,0,0,0,2,1,2,0,2,0,0,0,0,0,3.15,0,0.0963,18.367800000000003,0,1,1,0,0,0,0,0,0,0,0,0,0,0,0,0,0,0,0,0,0,0,0,0,0,0,0,0,0,0,0,0,0,0,0,0,0,0,0,0,0,1,0,0,0,0,0,0,0,0,0,0,0,0,0,0,0,0,0,0,0,0,0,0,0,0,0,0,0,0,0,0,0,0,0,0,0,0,0,0,0,0,0,0,0
OC1C=CN=C=[N+]=C1,8.753055555555555,8.753055555555555,0.6030092592592597,-0.6030092592592597,0.4060222124075346,23.875,109.10799999999999,104.068,109.03963920009,40,0,1.75,2.625,3.5,1.9408784574722446,2.8704293956384848,194.47420950418575,5.819990956308912,4.151041863258377,4.151041863258377,3.893846850117352,2.2218102647414417,2.2218102647414417,1.3393838632068558,1.3393838632068558,0.7005179198628503,0.7005179198628503,0.3572704468616862,0.3572704468616862,-1.1400000000000001,5.0057725947521865,2.240397412738185,1.1721030242992831,46.43392432587083,5.106527394840706,6.103966387748303,6.199954889820448,6.2146005795353165,0.0,6.008379536144625,0.0,0.0,4.668020861265006,0.0,0.0,6.076020106833881,4.992404732635669,0.0,5.106527394840706,12.222980115679942,0.0,4.668020861265006,4.992404732635669,6.103966387748303,0.0,12.27597499665433,0.0,0.0,4.668020861265006,0.0,0.0,0.0,23.43347389826895,0.0,0.0,0.0,17.26837972929,0.0,0.0,0.0,46.690000000000005,6.103966387748303,0.0,0.0,0.0,0.0,0.0,18.49057557618965,0.0,0.0,15.6688051300453,5.106527394840706,3.497685185185185,0.0,3.5327777777777776,8.753055555555555,0.0,0.0,2.3252777777777776,3.724537037037037,0.0,0.0,0.2,8,1,3,0,1,1,0,0,0,0,1,0,2,1,3,1,0,0,0,0,0,1,1.4018649962548138,1,-0.8135000000000001,30.77979999999999,0,1,1,0,0,0,0,0,0,0,0,0,0,0,1,2,0,0,0,0,0,0,0,0,0,0,0,0,0,0,0,0,0,0,0,0,0,0,0,0,0,0,0,0,0,0,0,0,0,0,0,0,0,0,0,0,0,0,0,0,0,0,0,0,0,0,0,0,0,0,0,0,0,0,0,0,0,0,0,0,0,0,0,0,0
C=C(CC)CCCO,8.369549319727891,8.369549319727891,0.29069444444444437,0.29069444444444437,0.5516566771777973,9.25,114.18799999999999,100.07599999999998,114.104465068,48,0,1.625,2.25,2.625,1.8266332986704337,2.988598647973156,66.78707744334402,6.405777393935816,5.482747501432696,5.482747501432696,3.808060412490447,3.0839947189832064,3.0839947189832064,1.9307135789365262,1.9307135789365262,1.1884439688983295,1.1884439688983295,0.5058336368008463,0.5058336368008463,-0.3,7.7,4.849253731343284,3.8754385964912283,51.033534434220954,5.106527394840706,0.0,0.0,0.0,0.0,0.0,0.0,0.0,0.0,0.0,19.075777413358388,19.26246486877803,6.606881964512918,0.0,5.106527394840706,0.0,0.0,0.0,0.0,26.186202068468653,6.606881964512918,12.152040213667764,0.0,0.0,0.0,0.0,0.0,0.0,11.713409359353623,0.0,0.0,26.186202068468653,12.152040213667764,0.0,0.0,0.0,20.23,0.0,0.0,0.0,0.0,6.606881964512918,19.26246486877803,5.573104530069267,0.0,0.0,13.502672883289122,5.106527394840706,0.0,0.0,0.0,8.369549319727891,1.2352314814814815,0.0,0.0,2.8885648148148144,6.173321050642478,0.0,0.7142857142857143,8,1,1,0,0,0,0,0,0,0,0,0,1,1,1,0,4,0,0,0,0,0,4.6674067164179105,0,1.7250999999999999,35.75079999999999,0,1,1,0,0,0,0,0,0,0,0,0,0,0,0,0,0,0,0,0,0,0,0,0,0,0,1,0,0,0,0,0,0,0,0,0,0,0,0,0,0,0,0,0,0,0,0,0,0,0,0,0,0,0,0,0,0,0,0,0,0,0,0,0,0,0,0,0,0,0,0,0,0,0,0,0,0,0,0,0,0,0,0,0,0
CNCCCCCCO,8.40715695074326,8.40715695074326,0.34677933673469385,0.34677933673469385,0.52150301410065,10.0,131.21900000000002,114.08299999999997,131.131014164,56,0,1.1111111111111112,1.7777777777777777,2.3333333333333335,1.88523483624215,2.595082706793886,42.180809467384044,6.949747468305834,6.189854282619244,6.189854282619244,4.414213562373095,3.6697811566101115,3.6697811566101115,2.241373750716347,2.241373750716347,1.3348905783050555,1.3348905783050555,0.7671334847649,0.7671334847649,-0.08,8.92,7.919999999999998,7.920000000000001,57.27299965001325,10.423315998847038,0.0,0.0,0.0,0.0,0.0,0.0,0.0,0.0,0.0,12.841643245852019,26.434071634441782,6.606881964512918,0.0,5.106527394840706,0.0,0.0,5.316788604006331,0.0,25.683286491704038,20.199310353102682,0.0,0.0,0.0,5.316788604006331,0.0,0.0,0.0,25.305837747943386,0.0,0.0,25.683286491704038,0.0,0.0,0.0,0.0,32.26,0.0,0.0,0.0,0.0,6.606881964512918,19.386399651764595,12.841643245852019,0.0,7.04767198267719,5.316788604006331,5.106527394840706,0.0,0.0,0.0,11.489266502897456,0.0,0.0,0.0,4.59701814058957,1.4493870464852607,1.9643283100277147,1.0,9,2,2,0,0,0,0,0,0,0,0,0,2,2,2,0,6,0,0,0,0,0,7.849599999999999,0,0.7585,39.480500000000006,0,1,1,0,0,0,0,0,0,0,0,0,0,0,0,0,1,0,0,0,0,0,0,0,0,0,0,0,0,0,0,0,0,0,0,0,0,0,0,0,0,0,0,0,0,0,0,0,0,0,0,0,0,0,0,0,0,0,0,0,0,0,0,0,0,0,0,0,0,0,0,0,0,0,0,0,0,0,0,0,0,0,0,3,0
CC(C)[N+]CCCCO,8.389821428571429,8.389821428571429,0.29922146636432356,0.29922146636432356,0.5479841952857514,10.666666666666666,130.211,114.08299999999998,130.12264055209,54,2,1.3333333333333333,2.0,2.4444444444444446,1.8005768964064195,2.7466909068574954,54.87784055857758,7.112884175122364,6.300204584935733,6.300204584935733,4.2700556100296625,3.545354960160089,3.545354960160089,2.4306426112055086,2.4306426112055086,1.060475582560529,1.060475582560529,0.5730927804146677,0.5730927804146677,-0.08,8.92,6.046262626262625,7.920000000000001,57.27299965001325,5.106527394840706,0.0,12.586597235060536,0.0,0.0,0.0,0.0,0.0,0.0,0.0,0.0,20.268296022307258,13.027703587438928,5.316788604006331,5.106527394840706,0.0,0.0,5.316788604006331,0.0,32.730958474381225,13.151638370425493,0.0,0.0,0.0,5.316788604006331,0.0,0.0,0.0,24.300006594414157,0.0,0.0,26.689117645233267,0.0,0.0,0.0,0.0,34.33,0.0,0.0,0.0,0.0,12.648722793660879,19.386399651764595,0.0,0.0,0.0,19.16426300338758,5.106527394840706,0.0,0.0,0.0,12.64079365079365,0.0,0.0,0.44786375661375655,1.9076388888888889,5.337037037037037,0.0,1.0,9,1,2,0,0,0,0,0,0,0,0,0,1,1,2,0,5,0,0,0,0,0,5.992518069584736,0,0.7717,38.4568,0,1,1,0,0,0,0,0,0,0,0,0,0,0,0,1,0,0,0,0,0,0,0,0,0,0,0,0,0,0,0,0,0,0,0,0,0,0,0,0,0,0,0,0,0,0,0,0,0,0,0,0,0,0,0,0,0,0,0,0,0,0,0,0,0,0,0,0,0,0,0,0,0,0,0,0,0,0,0,0,0,0,0,1,0
CC1CC(O)CCC[N+]C(C)CN(C2CC2)C1,9.939465702947846,9.939465702947846,0.1160563114134543,-0.1160563114134543,0.7549053941917113,38.64705882352941,239.38299999999995,212.16699999999997,239.21178990408998,98,2,1.1176470588235294,1.8823529411764706,2.588235294117647,3.053363231386221,1.9140597446885328,230.26209942706487,12.25071237662706,11.307896112750761,11.307896112750761,8.14786704554084,7.235718538918291,7.235718538918291,6.07720567354693,6.07720567354693,3.9188662218936887,3.9188662218936887,2.9052473304218833,2.9052473304218833,-0.12,13.314915344153665,6.165775611726976,4.567734855199004,105.57576581393442,5.106527394840706,0.0,6.544756405912575,6.041840829147961,0.0,0.0,4.899909730850478,0.0,0.0,0.0,6.923737199690624,38.52492973755605,19.007418857986547,17.96551139766721,5.106527394840706,0.0,0.0,10.216698334856808,5.917906046161393,64.13923056005552,19.634269217737724,0.0,0.0,0.0,5.316788604006331,0.0,0.0,0.0,47.82835438947313,0.0,5.917906046161393,45.95158251401131,0.0,0.0,0.0,0.0,37.57,0.0,5.106527394840706,0.0,6.103966387748303,11.959746875309353,44.93857491566371,12.841643245852019,0.0,0.0,18.747384130231726,5.316788604006331,0.0,0.0,2.6080092592592594,14.633531273620559,0.0,0.6073148148148146,1.2694803476946328,5.5300070861678,7.684990551776266,0.0,1.0,17,1,3,1,1,2,0,0,0,0,3,0,2,1,3,1,1,1,1,2,0,3,4.82922237065835,2,1.6246,70.07980000000006,0,1,1,0,0,0,0,0,0,0,0,0,0,0,0,2,0,0,0,0,0,0,0,0,0,0,0,0,0,0,0,0,0,0,0,0,0,0,0,0,0,0,0,0,0,0,0,0,0,0,0,0,0,0,0,0,0,0,0,0,0,0,0,0,0,0,0,0,0,0,0,0,0,0,0,0,0,0,0,0,0,0,0,0,0
CCOC(C)=BC=NC#CC1CCOCC1N1CC(C)CC(O)CCC[N+]C(C)C1,10.310355992381059,10.310355992381059,0.22437024964306684,-0.23038237069670942,0.4308572489810188,32.56666666666667,416.3950000000002,377.08300000000014,416.30789892809,166,2,1.3666666666666667,2.2,3.0,2.728385981932213,2.0772222798717883,616.5499235518258,21.769373945685235,19.217870659120415,19.217870659120415,14.49040230064194,11.488797492474642,11.488797492474642,8.628104094971746,8.628104094971746,5.721161741369391,5.721161741369391,4.264843197233918,4.264843197233918,-1.1950649350649354,25.068844179995505,13.978301746492168,9.301954670714908,183.25668870713884,0.0,0.0,0.0,0.0,0.0,183.29506816541664,0.0,0.0,0.0,0.0,0.0,0.0,0.0,0.0,14.580253302440804,18.68429783467544,0.0,10.216698334856808,16.828216824958453,71.56588333651077,39.45491511127648,0.0,0.0,11.964803420697855,5.316788604006331,0.0,0.0,0.0,86.33329811768732,9.473725907600098,23.800615513020638,53.378235290466534,4.992404732635669,0.0,0.0,0.0,68.39000000000001,0.0,5.106527394840706,0.0,24.10555409220562,19.13166997518723,57.573740229106235,0.0,6.113952348253155,20.768517330651974,35.70459228356525,14.790514511606428,11.225983880015091,0.0,6.7252470168253,15.113493245201129,0.8374437980965835,4.0160180035741275,3.4923468285690777,5.032672735233876,14.890127825818151,0.0,0.8260869565217391,30,1,6,0,2,2,0,0,0,0,5,0,5,1,7,2,4,0,2,2,0,5,11.680662279459039,2,1.747,124.10080000000008,0,1,1,0,0,0,0,0,0,0,0,0,0,0,1,3,0,0,0,0,0,0,0,0,0,0,0,0,0,0,0,0,0,0,0,0,0,0,0,0,0,2,0,0,0,0,0,0,0,0,0,0,0,0,0,0,0,0,0,0,0,0,0,0,0,0,0,0,0,0,0,0,0,0,0,0,0,0,0,0,0,0,0,0,0
CCCOCC(C)CCOC(C)=BC=NC#CC1CCOCC1N1CC(C)CC(O)CCC[N+]C(C)C1,10.383348133706324,10.383348133706324,0.2065674522420553,-0.23917511496402688,0.20897143763446935,29.56756756756757,516.5560000000004,465.1480000000003,516.3967139320899,208,2,1.2972972972972974,2.135135135135135,2.945945945945946,2.884243300458831,1.8972389876533358,738.3987308435895,26.882258120807595,24.03189634352009,24.03189634352009,17.88424915075929,14.45999461178162,14.45999461178162,11.012314912856745,11.012314912856745,7.040367296303975,7.040367296303975,4.970458660443159,4.970458660443159,-1.2350649350649352,31.979574385371567,18.923765567091642,13.927998091235468,226.55988662302533,0.0,0.0,0.0,0.0,0.0,226.92898153994653,0.0,0.0,0.0,0.0,0.0,0.0,0.0,0.0,19.31711625624085,18.68429783467544,0.0,10.216698334856808,22.746122871119844,91.3312637820534,52.66867904030231,0.0,0.0,11.964803420697855,5.316788604006331,0.0,0.0,0.0,99.54706204671317,14.210588861400147,29.71852155918203,73.14361573600918,4.992404732635669,0.0,0.0,0.0,77.62,0.0,5.106527394840706,0.0,24.10555409220562,25.04957602134862,83.6291474039841,0.0,6.113952348253155,13.84478013096135,49.55206668294649,19.527377465406477,17.29424825382209,0.0,6.8230720612458295,15.212498032919767,0.8413109823159503,4.512664186605026,3.5103149833458396,7.048988505966144,18.923569660446024,0.0,0.8620689655172413,37,1,7,0,2,2,0,0,0,0,6,0,6,1,8,2,10,0,2,2,0,6,16.356053205517306,2,3.1799000000000017,153.31779999999978,0,1,1,0,0,0,0,0,0,0,0,0,0,0,1,3,0,0,0,0,0,0,0,0,0,0,0,0,0,0,0,0,0,0,0,0,0,0,0,0,0,3,0,0,0,0,0,0,0,0,0,0,0,0,0,0,0,0,0,0,0,0,0,0,0,0,0,0,0,0,0,0,0,0,0,0,0,0,0,0,0,0,0,0,0
CC=CSCNCOCCOCC(C)CCOC(C)=BC=NC#CC1CCOCC1N1CC(C)CC(O)CCC[N+]C(C)C1,10.420600219652176,10.420600219652176,0.19066950669971838,-0.24817866495160157,0.08762681851915508,26.954545454545453,633.729,575.2650000000002,633.42154877609,248,2,1.25,2.090909090909091,2.9318181818181817,3.0199679789769287,1.705844885509108,899.1397732699497,31.83200558911342,27.917307025200156,28.73380360612788,21.384249150759292,16.472405878484533,17.52116066846519,12.095321101403377,12.989495096307426,7.685741411236907,8.521147839841289,5.3332395897038705,5.823099187829772,-1.2250649350649354,38.955600632944574,24.937156133150708,18.67359436800433,272.1165694869077,0.0,0.0,0.0,0.0,0.0,236.9757729871487,0.0,0.0,0.0,11.761884949391115,6.076020106833881,12.331789290345286,5.876788389733356,0.0,24.0539792100409,30.446182784066554,0.0,15.533486938863138,22.746122871119844,84.91044215912738,71.88316614204807,11.484072197488544,0.0,11.964803420697855,10.633577208012662,0.0,0.0,11.761884949391115,118.76154914845894,18.947451815200196,29.71852155918203,66.72279411308317,16.476476930124214,0.0,0.0,0.0,98.88,0.0,5.106527394840706,0.0,24.10555409220562,51.601038662386856,69.87135024176561,0.0,17.87583729764427,26.844537437485855,53.353170177916866,24.264240419206526,23.007658166209087,1.7084832447377127,6.83930794317112,20.512840267557696,0.8181002415527635,5.249237174774953,3.4914221591918393,7.908929848881919,19.464020953922912,0.0,0.8181818181818182,44,2,9,0,2,2,0,0,0,0,6,0,9,2,11,2,16,0,2,2,0,6,22.078224891918257,2,3.5579000000000036,184.25349999999943,0,1,1,0,0,0,0,0,0,0,0,0,0,0,1,3,1,0,0,0,0,0,0,0,0,0,1,0,0,0,0,0,0,0,0,0,0,0,0,0,0,4,0,0,0,0,0,0,0,0,0,0,0,0,0,0,0,0,0,0,0,0,0,0,0,0,0,0,0,0,0,0,0,0,0,1,0,0,0,0,0,0,0,0,0
NCC=NCCCCO,8.346219844419249,8.346219844419249,0.2620486111111111,0.2620486111111111,0.3993415038728882,10.88888888888889,130.191,116.07899999999998,130.110613068,54,0,1.4444444444444444,2.2222222222222223,2.7777777777777777,1.88523483624215,2.8164790976838736,73.45811190640113,6.949747468305834,5.584661635311905,5.584661635311905,4.414213562373095,3.2071510027085632,3.2071510027085632,1.755171008752132,1.755171008752132,0.9298359111029447,0.9298359111029447,0.4807165828350273,0.4807165828350273,-0.41,8.59,7.589999999999999,7.590000000000001,55.59340853488144,10.84019487200289,0.0,0.0,0.0,0.0,0.0,4.992404732635669,0.0,0.0,0.0,0.0,12.841643245852019,25.910995355873386,0.0,5.106527394840706,6.2146005795353165,0.0,0.0,10.726072209797854,12.841643245852019,19.696394776338067,0.0,0.0,0.0,5.733667477162185,0.0,0.0,0.0,31.017522750714093,0.0,0.0,12.841643245852019,4.992404732635669,0.0,0.0,0.0,58.61,0.0,0.0,0.0,6.606881964512918,6.544756405912575,19.386399651764595,0.0,6.2146005795353165,0.0,4.992404732635669,10.84019487200289,0.0,0.0,3.96625,8.346219844419249,5.14455821680524,0.0,0.0,3.4784580498866213,1.564513888888889,0.0,0.8333333333333334,9,3,3,0,0,0,0,0,0,0,0,0,3,2,3,0,5,0,0,0,0,0,7.244233333333333,0,-0.21159999999999995,38.73320000000001,0,1,1,0,0,0,0,0,0,0,0,0,0,0,1,1,0,1,0,0,0,0,0,0,0,0,0,0,0,0,0,0,0,0,0,0,0,0,0,0,0,0,0,0,0,0,0,0,0,0,0,0,0,0,0,0,0,0,0,0,0,0,0,0,0,0,0,0,0,0,0,0,0,0,0,0,0,0,0,0,0,0,0,1,0
CCCCC=C=NCO,8.173615284076593,8.173615284076593,0.15017361111111116,-0.15017361111111116,0.44847465466103564,8.222222222222221,127.18699999999998,114.08299999999998,127.099714036,52,0,1.6666666666666667,2.4444444444444446,3.0,1.88523483624215,3.1322261855203717,103.48377837619049,6.949747468305834,5.800204584935733,5.800204584935733,4.414213562373095,3.260092536028879,3.260092536028879,1.7749873545393269,1.7749873545393269,0.9552999670763217,0.9552999670763217,0.476110491767864,0.476110491767864,-0.5900000000000001,8.41,7.41,7.410000000000001,55.92885692008107,5.106527394840706,6.730816747499484,0.0,0.0,0.0,0.0,0.0,4.992404732635669,0.0,0.0,13.344558822616634,24.787462416129088,0.0,0.0,5.106527394840706,5.86979906344319,0.0,0.0,4.992404732635669,26.186202068468653,6.730816747499484,6.076020106833881,0.0,0.0,0.0,0.0,0.0,0.0,17.70714320578338,0.0,0.0,26.186202068468653,11.06842483946955,0.0,0.0,0.0,32.59,0.0,0.0,0.0,6.730816747499484,0.0,6.4208216229260096,12.841643245852019,0.0,6.076020106833881,17.785940995769483,5.106527394840706,0.0,0.0,3.4936026077097506,8.173615284076593,0.0,2.619861111111111,0.0,5.227156320861678,1.9857646762408665,0.0,0.7142857142857143,9,1,2,0,0,0,0,0,0,0,0,0,2,1,2,0,4,0,0,0,0,0,6.9242333333333335,0,1.3522999999999998,38.6158,0,1,1,0,0,0,0,0,0,0,0,0,0,0,1,1,0,0,0,0,0,0,0,0,0,0,1,0,0,0,0,0,0,0,0,0,0,0,0,0,0,0,0,0,0,0,0,0,0,0,0,0,0,0,0,0,0,0,0,0,0,0,0,0,0,0,0,0,0,0,0,0,0,0,0,0,0,0,0,0,0,0,0,2,0
COCCNN=NCCNCCO,8.423279199148123,8.423279199148123,0.15598382948220602,0.15598382948220602,0.2518398886302002,10.923076923076923,190.24699999999999,172.10299999999998,190.142975816,78,0,1.3076923076923077,2.1538461538461537,2.8461538461538463,2.155710272483118,2.946316696573901,121.06016969904387,9.778174593052025,7.992529764083024,7.992529764083024,6.414213562373096,4.313645926622152,4.313645926622152,2.3395481145724304,2.3395481145724304,1.2365711613034487,1.2365711613034487,0.6308195020831484,0.6308195020831484,-0.7200000000000002,12.28,11.28,11.28,78.35332092785224,15.160178952647085,0.0,0.0,0.0,0.0,0.0,5.425791397110385,0.0,5.114250125629398,0.0,5.2232529187334515,0.0,20.199310353102685,26.303276740850986,9.843390348640755,0.0,0.0,10.742580001116716,10.33750304436285,0.0,46.502587093953665,0.0,0.0,0.0,10.742580001116716,0.0,0.0,0.0,51.60911448879437,4.736862953800049,0.0,0.0,10.33750304436285,0.0,0.0,0.0,78.24,0.0,0.0,0.0,6.606881964512918,26.241151182250643,6.544756405912575,0.0,7.109797541277533,0.0,21.080083045479565,9.843390348640755,4.797190931162793,0.0,0.0,18.932387601768433,2.7333788422776517,0.0,0.0,0.0,3.400501856198555,1.636540768592571,1.0,13,3,6,0,0,0,0,0,0,0,0,0,5,3,6,0,9,0,0,0,0,0,10.655261538461538,0,-0.8284999999999989,49.55720000000002,0,1,1,0,0,0,0,0,0,0,0,0,0,0,0,2,2,0,0,0,0,0,0,0,0,0,0,0,0,0,0,0,0,0,0,0,0,0,0,0,0,1,0,0,0,0,0,0,0,0,0,0,0,0,0,1,0,0,0,0,0,0,0,0,0,0,0,0,0,0,0,0,0,0,0,0,0,0,0,0,0,0,0,0,0
CCO,7.569444444444445,7.569444444444445,0.25,0.25,0.4068079656553945,6.0,46.069,40.021,46.041864812,20,0,2.0,2.0,2.0,0.9182958340544894,1.6329931618554523,2.7548875021634682,2.7071067811865475,2.1543203766865053,2.1543203766865053,1.4142135623730951,1.0233345472033855,1.0233345472033855,0.3162277660168379,0.3162277660168379,0.0,0.0,0.0,0.0,-0.04,2.9600000000000004,1.96,1.9600000000000033,19.89842689442217,5.106527394840706,0.0,0.0,0.0,0.0,0.0,0.0,0.0,0.0,0.0,0.0,6.923737199690624,6.606881964512918,0.0,5.106527394840706,0.0,0.0,0.0,0.0,6.923737199690624,6.606881964512918,0.0,0.0,0.0,0.0,0.0,0.0,0.0,11.713409359353623,0.0,0.0,6.923737199690624,0.0,0.0,0.0,0.0,20.23,0.0,0.0,0.0,6.606881964512918,0.0,0.0,0.0,6.923737199690624,0.0,0.0,5.106527394840706,0.0,0.0,0.0,7.569444444444445,0.0,0.0,0.0,0.0,1.9305555555555556,0.0,1.0,3,1,1,0,0,0,0,0,0,0,0,0,1,1,1,0,0,0,0,0,0,0,1.9338666666666668,0,-0.0014000000000000123,12.759800000000002,0,1,1,0,0,0,0,0,0,0,0,0,0,0,0,0,0,0,0,0,0,0,0,0,0,0,0,0,0,0,0,0,0,0,0,0,0,0,0,0,0,0,0,0,0,0,0,0,0,0,0,0,0,0,0,0,0,0,0,0,0,0,0,0,0,0,0,0,0,0,0,0,0,0,0,0,0,0,0,0,0,0,0,0,0
CC(CO)CCCCF,11.485009448223733,11.485009448223733,0.22405895691609978,-0.22405895691609978,0.5678511205446497,13.666666666666666,134.19400000000002,119.074,134.11069332,56,0,1.4444444444444444,2.111111111111111,2.5555555555555554,1.8853475857946647,2.8766225950797444,56.87784055857758,7.112884175122364,5.938062243631549,5.938062243631549,4.308060412490447,3.4773358580466143,3.4773358580466143,2.472510053643568,2.472510053643568,1.3922276767235238,1.3922276767235238,0.6785774909965787,0.6785774909965787,-0.11000000000000001,8.890000000000004,6.016742712294045,5.765927123510442,55.888672869331444,5.106527394840706,0.0,0.0,0.0,0.0,0.0,4.39041504767482,0.0,0.0,0.0,13.344558822616634,18.75954929201341,6.606881964512918,6.674590972274908,9.496942442515525,0.0,0.0,0.0,5.917906046161393,26.186202068468653,13.281472936787825,0.0,0.0,0.0,0.0,4.39041504767482,0.0,0.0,18.388000331628533,0.0,5.917906046161393,26.186202068468653,0.0,0.0,0.0,0.0,20.23,0.0,4.39041504767482,0.0,13.281472936787825,12.338727669087403,12.841643245852019,0.0,0.0,6.923737199690624,0.0,5.106527394840706,11.485009448223733,0.0,0.0,8.540355253212397,0.0,0.3440277777777776,0.0,2.4890740740740744,1.9748667800453512,0.0,1.0,9,1,1,0,0,0,0,0,0,0,1,0,1,1,2,0,5,0,0,0,0,1,5.943204745810454,0,1.7546,36.075799999999994,0,1,1,0,0,0,0,0,0,0,0,0,0,0,0,0,0,0,0,0,0,0,0,0,0,1,0,0,0,0,0,0,0,0,0,0,0,0,0,0,0,0,0,0,1,0,0,0,0,0,0,0,0,0,0,0,0,0,0,0,0,0,0,0,0,0,0,0,0,0,0,0,0,0,0,0,0,0,0,0,0,0,0,1,0
OCCC1=CCCC1,8.485833333333334,8.485833333333334,0.3252314814814814,0.3252314814814814,0.5363019082165105,18.875,112.172,100.07599999999998,112.088815004,46,0,1.625,2.5,3.0,2.1858610346410328,2.22983755283217,94.55994821726517,5.819990956308912,5.0600977706223205,5.0600977706223205,3.931851652578137,3.2202579722620612,3.2202579722620612,2.22820775863386,2.22820775863386,1.567945466483864,1.567945466483864,1.1080411722527599,1.1080411722527599,-0.30000000000000004,5.829870129870129,2.8759809750297274,1.3382187267509833,50.027703280691725,5.106527394840706,0.0,0.0,0.0,0.0,0.0,0.0,0.0,0.0,0.0,11.64912463690315,25.683286491704038,6.606881964512918,0.0,5.106527394840706,0.0,0.0,0.0,0.0,25.683286491704038,6.606881964512918,11.64912463690315,0.0,0.0,0.0,0.0,0.0,0.0,11.713409359353623,0.0,0.0,25.683286491704038,11.64912463690315,0.0,0.0,0.0,20.23,0.0,0.0,0.0,0.0,6.606881964512918,6.4208216229260096,24.835569398847294,0.0,0.0,6.076020106833881,5.106527394840706,0.0,0.0,0.0,8.485833333333334,1.451388888888889,0.0,0.0,6.904212962962963,0.3252314814814814,0.0,0.7142857142857143,8,1,1,1,0,1,0,0,0,0,0,0,1,1,1,0,2,0,0,0,0,0,2.0958244475500725,1,1.4791,33.636799999999994,0,1,1,0,0,0,0,0,0,0,0,0,0,0,0,0,0,0,0,0,0,0,0,0,0,0,1,0,0,0,0,0,0,0,0,0,0,0,0,0,0,0,0,0,0,0,0,0,0,0,0,0,0,0,0,0,0,0,0,0,0,0,0,0,0,0,0,0,0,0,0,0,0,0,0,0,0,0,0,0,0,0,0,0,0
OCCC1=CCCN(O)CCCCC1,9.401856339758126,9.401856339758126,0.24471489984882844,0.24471489984882844,0.6680154150092162,21.714285714285715,199.29399999999995,178.12599999999998,199.157228912,82,0,1.2142857142857142,2.0714285714285716,2.857142857142857,2.17223643037685,2.400473406772891,180.1263448992907,10.22576835024473,8.782952086368429,8.782952086368429,6.825698502695489,5.552713504295737,5.552713504295737,3.8889776455449625,3.8889776455449625,2.6672624151507693,2.6672624151507693,1.8253864393343686,1.8253864393343686,-0.38,11.693421439060206,6.9840855726841555,4.7445291871391495,85.9955776601555,10.313780419617995,0.0,0.0,0.0,0.0,0.0,0.0,0.0,5.063217724965349,0.0,18.06994625982916,32.10410811463005,19.696394776338067,0.0,10.313780419617995,0.0,0.0,5.063217724965349,0.0,38.524929737556064,19.696394776338067,11.64912463690315,0.0,0.0,0.0,0.0,0.0,0.0,35.073392920921414,0.0,0.0,38.524929737556064,11.64912463690315,0.0,0.0,0.0,43.7,0.0,5.20725302477729,0.0,6.606881964512918,0.0,38.7727993035292,23.477965500886636,0.0,0.0,6.076020106833881,5.106527394840706,0.0,0.0,0.0,19.660907501889646,1.349814814814815,0.0,0.0,8.399223592214664,1.7567207577475434,0.0,0.8181818181818182,14,2,3,0,1,1,0,0,0,0,0,0,3,2,3,1,2,0,0,0,0,0,5.833418283418284,1,1.9505,56.23030000000004,0,1,1,0,0,0,0,0,0,0,0,0,0,0,0,1,0,0,2,0,0,0,0,0,0,0,0,0,0,0,0,0,0,0,0,0,0,0,0,0,0,0,0,0,0,0,0,0,0,0,0,0,0,0,0,0,0,0,0,0,0,0,0,0,0,0,0,0,0,0,0,0,0,0,0,0,0,0,0,0,0,0,0,0,0
OCCC1CCCCCC2(O)CCC=C=C12,10.691898148148148,10.691898148148148,0.214212962962963,-0.6160648148148147,0.7049003746558703,34.875,222.32799999999997,200.15199999999996,222.161979944,90,0,1.3125,2.1875,3.0,2.255380584356576,2.2552593427904286,301.85720233517986,11.432875131431278,9.913088760058097,9.913088760058097,7.760966901692831,6.54903648553458,6.54903648553458,5.140937200982165,5.140937200982165,3.9899237758636095,3.9899237758636095,3.093371315154074,3.093371315154074,-0.56,11.91181818719993,5.17988389716606,2.399741257088846,97.68109764795051,10.213054789681411,0.0,0.0,0.0,0.0,0.0,0.0,0.0,0.0,5.731218590741754,19.26246486877803,44.09803426762532,12.179986494582185,5.601050810983688,10.213054789681411,0.0,0.0,0.0,5.917906046161393,56.96762379439177,6.606881964512918,17.3803432276449,0.0,0.0,0.0,0.0,0.0,0.0,22.420987565178017,0.0,5.917906046161393,51.36657298340809,17.3803432276449,0.0,0.0,0.0,40.46,5.601050810983688,5.106527394840706,0.0,6.606881964512918,5.917906046161393,44.09803426762533,12.841643245852019,0.0,0.0,11.807238697575634,5.106527394840706,0.0,0.0,0.0,19.813832671957673,3.755092592592593,0.33967592592592566,0.0,10.127185846560845,0.214212962962963,0.0,0.7857142857142857,16,2,2,2,0,2,0,0,0,0,2,0,2,2,2,0,2,1,0,1,0,2,3.8563647008654205,2,2.5555000000000003,64.05760000000004,0,2,1,0,0,0,0,0,0,0,0,0,0,0,0,0,0,0,0,0,0,0,0,0,0,0,0,0,0,0,0,0,0,0,0,0,1,0,0,0,0,0,0,0,0,0,0,0,0,0,0,0,0,0,0,0,0,0,0,0,0,0,0,0,0,0,0,0,0,0,0,0,0,0,0,0,0,0,0,0,0,0,0,0,0
O=[N+]=CCN1CC2=CC=C=CCCC1(O)CCCCCC(CCO)=C2,11.325420209750568,11.325420209750568,0.14419323263817319,-0.9532521179768203,0.46647974369532447,25.52,345.46300000000014,316.23100000000005,345.21726920809,136,0,1.32,2.2,3.0,2.624069274733124,2.4338202000165072,610.4308055781123,17.959972868926737,14.86202861146385,14.86202861146385,12.175981801865362,9.19764250933418,9.19764250933418,6.8055286700663125,6.8055286700663125,4.936673943069744,4.936673943069744,3.5435421297923764,3.5435421297923764,-1.7399999999999998,19.582964531670846,10.296123258215722,6.241861251967106,149.2915702266476,10.213054789681411,12.269741999882829,4.907065243988282,4.852498056487991,0.0,6.2146005795353165,4.899909730850478,0.0,0.0,5.731218590741754,24.14596636666304,62.67089610421911,13.151638370425493,0.0,10.213054789681411,6.2146005795353165,0.0,9.75240778733847,0.0,57.091558577378336,19.696394776338067,46.08857332220409,0.0,0.0,4.852498056487991,0.0,0.0,0.0,46.748945470375524,0.0,4.907065243988282,51.36657298340809,41.18150807821581,0.0,0.0,0.0,74.87,5.724985593970254,15.120120033669695,0.0,6.606881964512918,32.35197768060318,37.67721264469931,11.787705109604584,0.0,23.12797005135212,16.659736754063626,0.0,0.0,0.0,15.438991944586732,20.66024452549615,4.472476759994122,0.0,0.0,16.002773620429195,1.0088464828271377,0.0,0.6,25,2,5,0,2,2,0,0,0,0,1,2,4,2,5,2,4,0,0,0,0,1,8.06514466317399,2,2.5858000000000008,100.92860000000006,0,2,1,0,0,0,0,0,0,0,0,0,0,0,0,2,0,0,0,0,0,0,0,0,0,0,2,0,0,0,0,0,0,0,0,0,3,0,0,0,0,0,0,0,0,0,0,0,0,0,0,0,0,0,0,0,0,0,0,0,0,1,0,0,0,0,0,0,0,0,0,0,0,0,0,0,0,0,0,0,0,0,0,0,0
OC=NCF,10.635555555555555,10.635555555555555,0.4305555555555556,-0.8368055555555554,0.27567749271707026,9.8,77.05799999999999,73.026,77.027691968,30,0,2.0,2.6,2.6,1.4056390622295665,2.622415807990217,36.62919048309069,4.121320343559642,2.5568487143853162,2.5568487143853162,2.414213562373095,1.0998867874235845,1.0998867874235845,0.4175671006064199,0.4175671006064199,0.15065621402700802,0.15065621402700802,0.03086066999241838,0.03086066999241838,-0.6000000000000001,4.400000000000001,3.4000000000000012,3.4000000000000026,28.959284783208524,5.106527394840706,0.0,13.1991866763837,0.0,0.0,0.0,0.0,9.382819780310488,0.0,0.0,0.0,0.0,0.0,0.0,9.496942442515525,6.400660921122227,0.0,0.0,4.992404732635669,0.0,6.7985257552614735,0.0,0.0,0.0,0.0,4.39041504767482,0.0,0.0,18.305714071224404,0.0,0.0,0.0,4.992404732635669,0.0,0.0,0.0,32.59,6.7985257552614735,4.39041504767482,0.0,0.0,6.400660921122227,0.0,0.0,0.0,0.0,4.992404732635669,5.106527394840706,10.635555555555555,0.0,2.736111111111111,7.534583333333333,0.0,0.0,0.0,0.4305555555555556,-0.8368055555555554,0.0,0.5,5,1,2,0,0,0,0,0,0,0,0,0,1,1,3,0,1,0,0,0,0,0,2.9920000000000018,0,0.4997,17.0958,0,1,1,0,0,0,0,0,0,0,0,0,0,0,1,1,0,0,0,0,0,0,0,0,0,1,0,0,0,0,0,0,0,0,0,0,0,0,0,0,0,0,0,0,1,0,0,0,0,0,0,0,0,0,0,0,0,0,0,0,0,0,0,0,0,0,0,0,0,0,0,0,0,0,0,0,0,0,0,0,0,0,0,0,0
C=CC(CCCC)=NCO,8.431836734693878,8.431836734693878,0.11997260015117162,-0.11997260015117162,0.5811656291922128,11.6,141.21400000000003,126.09399999999998,141.1153641,58,0,1.7,2.4,2.8,1.977244203548989,3.5979049234629232,118.4259988171292,7.819990956308912,6.507311366122281,6.507311366122281,4.846065214951232,3.6136459266221523,3.6136459266221523,2.098550248184865,2.098550248184865,1.2958968821884123,1.2958968821884123,0.6943892750201638,0.6943892750201638,-0.6300000000000001,9.37,6.4894743130227,4.268698058292616,62.29379903447768,5.106527394840706,6.730816747499484,0.0,0.0,0.0,0.0,4.992404732635669,0.0,0.0,0.0,19.923494506215132,18.9176633526859,5.711685002770702,0.0,5.106527394840706,5.711685002770702,0.0,0.0,4.992404732635669,26.186202068468653,6.730816747499484,12.654955790432378,0.0,0.0,0.0,0.0,0.0,0.0,17.549029145110893,0.0,0.0,26.186202068468653,17.64736052306805,0.0,0.0,0.0,32.59,0.0,0.0,0.0,6.730816747499484,0.0,24.97414987154873,0.0,6.076020106833881,0.0,18.495077615924792,5.106527394840706,0.0,0.0,3.834305555555556,8.431836734693878,0.9068055555555558,0.0,0.0,4.898394746787604,5.595324074074073,0.0,0.625,10,1,2,0,0,0,0,0,0,0,0,0,2,1,2,0,5,0,0,0,0,0,6.08063743130227,0,1.7534,44.242800000000024,0,1,1,0,0,0,0,0,0,0,0,0,0,0,1,1,0,0,0,0,0,0,0,0,0,0,1,0,0,0,0,0,0,0,0,0,0,0,0,0,0,0,0,0,0,0,0,0,0,0,0,0,0,0,0,0,0,0,0,0,0,0,0,0,0,0,0,0,0,0,0,0,0,0,0,0,0,0,0,0,0,0,0,1,0
C=NCCCCCCCCCO,8.519581512012518,8.519581512012518,0.347603305785124,0.347603305785124,0.41914834458182193,10.083333333333334,171.284,150.11599999999996,171.162314292,72,0,0.8333333333333334,1.3333333333333333,1.8333333333333333,2.098390961316241,2.76676462623148,93.83936907708801,9.071067811865477,7.965495002865392,7.965495002865392,5.914213562373096,4.948683298050513,4.948683298050513,3.145694127402852,3.145694127402852,1.9743416490252566,1.9743416490252566,1.219293673108152,1.219293673108152,-0.37,11.63,10.629999999999999,9.63,75.71328629545518,10.098932127476374,0.0,0.0,0.0,0.0,0.0,0.0,0.0,0.0,0.0,32.10410811463005,19.559159402151952,13.151638370425493,0.0,5.106527394840706,6.717516156299933,0.0,0.0,4.992404732635669,44.94575136048208,13.151638370425493,0.0,0.0,0.0,0.0,0.0,0.0,0.0,24.975681921566135,0.0,0.0,44.94575136048208,4.992404732635669,0.0,0.0,0.0,32.59,0.0,0.0,0.0,0.0,6.606881964512918,12.965578028838586,38.524929737556064,0.0,0.0,11.709920888935603,5.106527394840706,0.0,0.0,3.799858208320059,8.519581512012518,0.0,0.0,0.0,8.478408682917612,4.702151596749811,0.0,0.9,12,1,2,0,0,0,0,0,0,0,0,0,2,1,2,0,9,0,0,0,0,0,10.302241666666665,0,2.4100000000000006,53.82080000000004,0,1,1,0,0,0,0,0,0,0,0,0,0,0,1,1,0,0,0,0,0,0,0,0,0,0,0,0,0,0,0,0,0,0,0,0,0,0,0,0,0,0,0,0,0,0,0,0,0,0,0,0,0,0,0,0,0,0,0,0,0,0,0,0,0,0,0,0,0,0,0,0,0,0,0,0,0,0,0,0,0,0,0,6,0
OCCCCCCCC1C=CCC=CCOCC1,8.705575469667037,8.705575469667037,0.3434715994367803,0.3434715994367803,0.5505186512515016,21.055555555555557,252.39799999999997,224.17399999999995,252.208930136,104,0,1.0,1.8333333333333333,2.7222222222222223,2.405524384776997,2.1117768866577573,233.25145951469779,12.891058768174391,11.520387824963976,11.520387824963976,8.931851652578136,7.434819487525779,7.434819487525779,5.038977763734286,5.038977763734286,3.427165008701844,3.427165008701844,2.285381526675174,2.285381526675174,-0.6000000000000001,15.457471264367815,11.48813799621928,8.484812413646507,111.73612450758382,9.843390348640755,0.0,0.0,0.0,0.0,0.0,0.0,0.0,0.0,0.0,49.98736691903956,31.60119253786543,13.213763929025836,6.606881964512918,9.843390348640755,0.0,0.0,0.0,5.917906046161393,51.36657298340809,19.820645893538753,24.304080427335524,0.0,0.0,0.0,0.0,0.0,0.0,24.92717328837946,4.736862953800049,5.917906046161393,51.36657298340809,24.304080427335524,0.0,0.0,0.0,29.46,0.0,0.0,0.0,0.0,12.52478801067431,32.47622879780387,32.10410811463005,0.0,0.0,24.304080427335524,9.843390348640755,5.551203276841806,0.0,0.0,8.705575469667037,0.0,0.6892053781389098,0.0,18.399454170087598,1.987895038597982,0.0,0.75,18,1,2,0,1,1,0,0,0,0,1,0,2,1,2,1,7,0,0,0,0,1,9.865420164313976,1,3.8583000000000034,76.61080000000005,0,1,1,0,0,0,0,0,0,0,0,0,0,0,0,0,0,0,0,0,0,0,0,0,0,0,3,0,0,0,0,0,0,0,0,0,0,0,0,0,0,1,0,0,0,0,0,0,0,0,0,0,0,0,0,0,0,0,0,0,0,0,0,0,0,0,0,0,0,0,0,0,0,0,0,0,0,0,0,0,0,0,0,4,0
CCCONCC(C)O,8.70919784580499,8.70919784580499,0.33161470143613037,-0.33161470143613037,0.41838543602463296,13.666666666666666,133.191,118.07099999999998,133.11027872,56,0,1.6666666666666667,2.3333333333333335,2.7777777777777777,1.8005768964064195,2.746690906857495,57.01955000865388,7.112884175122364,6.05413249871309,6.05413249871309,4.270055610029662,3.2972569010072155,3.2972569010072155,2.0459447911047555,2.0459447911047555,0.7869928619466556,0.7869928619466556,0.3537575543218778,0.3537575543218778,-0.12,8.880000000000003,6.006903553299494,7.880000000000003,55.97564126460149,9.94411597857734,0.0,0.0,0.0,0.0,0.0,0.0,0.0,5.480096598121202,0.0,6.923737199690624,13.344558822616634,6.544756405912575,12.71084835226122,9.94411597857734,0.0,0.0,5.480096598121202,0.0,26.37226241005556,13.151638370425493,0.0,0.0,0.0,5.480096598121202,0.0,0.0,0.0,24.3621321530145,4.8375885837366335,0.0,20.268296022307258,0.0,0.0,0.0,0.0,41.489999999999995,0.0,0.0,0.0,6.103966387748303,13.151638370425493,6.4208216229260096,0.0,6.923737199690624,6.923737199690624,5.480096598121202,9.94411597857734,0.0,0.0,4.883611111111112,8.70919784580499,2.635740740740741,0.0,0.0,0.6612518896447465,4.943531746031747,0.0,1.0,9,2,3,0,0,0,0,0,0,0,1,0,3,2,3,0,5,0,0,0,0,1,5.926811505922169,0,0.29839999999999983,35.9265,0,1,1,0,0,0,0,0,0,0,0,0,0,0,0,0,1,0,1,0,0,0,0,0,0,0,0,0,0,0,0,0,0,0,0,0,0,0,0,0,0,0,0,0,0,0,0,0,0,0,0,0,0,0,0,0,0,0,0,0,0,0,0,0,0,0,0,0,0,0,0,0,0,0,0,0,0,0,0,0,0,0,0,0,0
CCCCO[SH]=[SH]NCCONCC(C)O,8.918733385547903,8.918733385547903,0.378177454508265,-0.378177454508265,0.2025133069168947,14.4375,272.436,248.24399999999997,272.122834628,100,0,1.375,2.1875,2.875,2.2532859652215627,3.02513206032732,170.83308753677898,12.0626316434282,9.978128323736513,11.766982705736345,7.770055610029663,5.545666409780338,7.9580283769504065,3.322485312904733,5.3501092334109135,1.5551827730978904,3.3155280293549545,0.7058172101722042,2.1146825956861033,0.49999999999999983,16.5,13.564516129032258,14.5,104.77901968313303,14.127201411227047,0.0,0.0,0.0,0.0,0.0,4.722094864452088,0.0,5.480096598121202,0.0,23.8517853852235,23.946621090849472,13.08951281182515,19.31773031677414,14.127201411227047,21.10928883083971,0.0,10.202191462573289,0.0,32.79308403298157,26.303276740850986,0.0,0.0,0.0,10.202191462573289,0.0,0.0,0.0,37.513770523439995,30.129962847226047,0.0,26.689117645233267,0.0,0.0,0.0,0.0,62.75,0.0,0.0,0.0,6.103966387748303,13.151638370425493,40.68174882419121,6.4208216229260096,6.923737199690624,0.0,17.125928662263917,14.127201411227047,8.498904613153801,0.0,5.068723854708703,8.918733385547903,2.677030052379078,0.0,0.0,1.911030850552937,6.477693094627596,2.003439704585538,1.0,16,3,5,0,0,0,0,0,0,0,1,0,4,5,7,0,11,0,0,0,0,1,13.988407258064516,0,-0.3305000000000004,72.01820000000005,0,1,1,0,0,0,0,0,0,0,0,0,0,0,0,0,2,0,1,0,0,0,2,0,0,0,0,0,0,0,0,0,0,0,0,0,0,0,0,0,0,0,0,0,0,0,0,0,0,0,0,0,0,0,0,0,0,0,0,0,0,0,0,0,0,0,0,0,0,0,0,0,0,0,0,0,0,0,0,0,0,0,0,1,0
CC1CC#COC(O)=CCCC=N[N+]CCC=CC1,9.387755023305619,9.387755023305619,0.1437925432518683,-0.1437925432518683,0.5378026109946042,22.57894736842105,261.34499999999997,240.17699999999996,261.15975433209,102,2,1.368421052631579,2.263157894736842,3.1578947368421053,2.3998725169572332,2.493452387080657,388.6850923365225,13.76130225617747,11.379281110031155,11.379281110031155,9.287693700234705,6.658683614472066,6.658683614472066,4.468763093135092,4.468763093135092,2.5572006066907433,2.5572006066907433,1.4624703809949346,1.4624703809949346,-1.73,15.32790387955993,10.216501373834635,8.922202376896848,114.78572847474962,9.843390348640755,6.106494660442553,0.0,11.97054780302296,5.945225213243084,0.0,0.0,0.0,0.0,0.0,24.99621173221403,31.256391021773304,17.943050771591743,6.2146005795353165,9.843390348640755,6.2146005795353165,0.0,5.425791397110385,11.019313571901115,39.02784531432067,6.544756405912575,24.173285533744725,0.0,12.026928979298198,5.425791397110385,0.0,0.0,0.0,17.8658843802886,4.736862953800049,17.94483502545959,39.02784531432067,29.27469305948445,0.0,0.0,0.0,55.92,0.0,5.106527394840706,0.0,5.945225213243084,18.883484074999977,25.683286491704038,0.0,12.290620686369198,0.0,41.62990531550669,4.736862953800049,4.885337931468884,0.0,0.0,13.333478048626858,4.036417391030486,3.2401671548248934,0.0,14.154463025951122,2.8501364480977576,0.0,0.5333333333333333,19,1,4,0,1,1,0,0,0,0,1,0,3,1,4,1,0,0,0,0,0,1,8.241976370712067,1,3.1099000000000023,76.45480000000003,0,1,1,0,0,0,0,0,0,0,0,0,0,0,0,2,0,0,0,0,0,0,0,0,0,0,2,0,0,0,0,0,0,0,0,0,0,0,0,0,0,1,0,0,0,0,0,0,0,0,0,0,0,0,0,0,0,0,0,0,0,0,0,0,0,0,0,0,0,0,0,0,0,0,0,0,0,0,0,0,0,0,0,0,0
CBCC(CCCCCC=O)C1CC=N[N+]CCC=CCC(C)C1C#COC(O)=CC,10.606952484674744,10.606952484674744,0.13121092109683352,-0.16166533796993576,0.12924410781686174,23.580645161290324,427.41800000000023,387.0980000000002,427.3126499600899,170,2,1.3548387096774193,2.193548387096774,2.935483870967742,2.764132910947419,3.1014909363639642,636.4136993566838,22.735993750865628,19.63246438318626,19.63246438318626,15.133758915185938,11.930461250173021,11.930461250173021,8.39028490034376,8.39028490034376,5.975493357888137,5.975493357888137,4.25846111266351,4.25846111266351,-1.9950649350649354,27.039411956462708,17.661880619117873,11.833657018424674,189.58396333783222,14.637927532712576,19.672168605699223,0.0,11.97054780302296,5.945225213243084,0.0,0.0,0.0,0.0,0.0,57.401938961044365,50.015940313786714,23.860956817753134,6.2146005795353165,14.637927532712576,19.780274524791984,0.0,5.425791397110385,28.773031710385297,78.35730974284164,6.544756405912575,24.173285533744725,0.0,12.026928979298198,5.425791397110385,0.0,0.0,0.0,31.431558325545268,9.53140013787187,35.69855316394377,65.21404738278933,29.27469305948445,13.143262360052308,0.0,0.0,72.99000000000001,0.0,9.901064578912528,0.0,11.863131259404478,24.174539761410188,71.37635510329515,6.076020106833881,6.923737199690624,6.2146005795353165,48.452994283915146,4.736862953800049,5.180713046342417,0.0,10.606952484674744,13.915961109184206,4.264821090363153,4.546161614602236,0.0,20.43175216892541,6.927333684474963,1.1263048014328678,0.68,31,1,5,0,1,1,0,0,0,0,4,0,4,1,6,1,10,0,0,0,0,4,15.405382773748155,1,5.250500000000005,130.33380000000005,0,1,1,0,0,0,0,0,0,0,1,1,0,0,0,2,0,0,0,0,0,0,0,1,0,0,2,0,0,0,0,0,0,0,0,0,0,0,0,0,0,1,0,0,0,0,0,0,0,0,0,0,0,0,0,0,0,0,0,0,0,0,0,0,0,0,0,0,0,0,0,0,0,0,0,0,0,0,0,0,0,0,0,3,0
CC=C(O)OC#CC1C(C)CC=CCC[N+]N=CCC1C(CBCNCBCCCCCCC)CCCCCC=O,10.825198914767094,10.825198914767094,0.10724558096106684,-0.15844721532210593,0.04383527870741672,20.658536585365855,566.4690000000004,508.0050000000004,566.46587993609,228,2,1.146341463414634,1.951219512195122,2.7560975609756095,2.9727958278314977,2.9067007979626287,794.3280044333941,29.807061562731086,26.496425413865172,26.496425413865172,20.133758915185933,16.637568031359564,16.637568031359564,11.615158634496673,11.615158634496673,8.201602540305075,8.201602540305075,5.709027852062588,5.709027852062588,-1.9701298701298702,37.055491532059605,26.898893236942655,19.723840627517813,253.04065405568582,19.954716136718908,26.951682027826337,0.0,11.97054780302296,5.945225213243084,0.0,0.0,0.0,0.0,0.0,95.92686869860044,62.904156663047544,23.860956817753134,6.2146005795353165,14.637927532712578,27.0597879469191,0.0,10.742580001116716,28.773031710385297,116.88223948039773,19.4329727551734,24.173285533744725,0.0,12.026928979298198,10.742580001116716,0.0,0.0,0.0,51.59928809693321,9.53140013787187,35.698553163943764,104.24189269711003,29.27469305948445,12.640346783287693,0.0,0.0,85.02000000000001,0.0,9.901064578912528,0.0,11.863131259404478,24.17453976141019,84.264571452556,51.779815035234904,6.923737199690624,6.2146005795353165,53.870431119203644,4.736862953800049,5.283291869790308,0.0,10.825198914767094,17.870389427854654,4.340452157437802,4.508283756407808,0.0,30.77815976199733,6.996964617768684,2.397259493976319,0.7575757575757576,41,2,6,0,1,1,0,0,0,0,4,0,5,2,8,1,20,0,0,0,0,4,24.31101733081229,1,6.532200000000008,178.05449999999954,0,1,1,0,0,0,0,0,0,0,1,1,0,0,0,2,1,0,0,0,0,0,0,1,0,0,2,0,0,0,0,0,0,0,0,0,0,0,0,0,0,1,0,0,0,0,0,0,0,0,0,0,0,0,0,0,0,0,0,0,0,0,0,0,0,0,0,0,0,0,0,0,0,0,0,0,0,0,0,0,0,0,0,7,0
O=CCCCCCCCCCN[N+]CCCCO,10.095203311479612,10.095203311479612,0.2662379553537102,0.2662379553537102,0.26842354684459374,10.722222222222221,257.39799999999997,228.16599999999997,257.22235458809,106,2,0.8888888888888888,1.5555555555555556,2.2222222222222223,2.391145174031294,2.8802822986162595,165.87298116907843,13.313708498984765,11.572413906078525,11.572413906078525,8.914213562373096,7.353566271236308,7.353566271236308,4.650763678117738,4.650763678117738,2.9003899333681327,2.9003899333681327,1.7763889408807403,1.7763889408807403,-0.44999999999999996,17.55,16.55,15.550000000000002,111.50911475467633,9.901064578912528,6.286160523129555,5.425791397110385,6.544756405912575,0.0,0.0,0.0,0.0,0.0,0.0,37.52989951174044,19.26246486877803,19.448525210364938,6.544756405912575,9.901064578912528,6.286160523129555,0.0,10.85158279422077,0.0,64.20821622926012,19.696394776338067,0.0,0.0,0.0,10.85158279422077,0.0,0.0,0.0,31.08908269430833,4.794537184071822,0.0,64.20821622926012,0.0,0.0,0.0,0.0,63.43000000000001,0.0,4.794537184071822,0.0,6.606881964512918,0.0,45.05895982665875,38.524929737556064,0.0,0.0,10.85158279422077,5.106527394840706,0.0,0.0,10.095203311479612,8.578238981267209,7.2500177097210265,0.0,0.0,12.044866669782216,2.0316733277499344,0.0,0.9285714285714286,18,2,4,0,0,0,0,0,0,0,0,0,3,2,4,0,15,0,0,0,0,0,16.136250000000004,0,2.1876,74.32350000000005,0,1,1,0,0,0,0,0,0,0,1,1,0,0,0,1,1,0,0,0,0,0,0,1,0,0,0,0,0,0,0,0,0,0,0,0,0,0,0,0,0,0,0,0,0,0,0,0,0,0,0,0,0,0,0,0,0,0,0,0,0,0,0,0,0,0,0,0,0,0,0,0,0,0,0,0,0,0,0,0,0,0,0,8,0
CCCC(C)C(C)O,8.95199074074074,8.95199074074074,0.12967592592592614,-0.12967592592592614,0.5958243786434456,18.0,116.20399999999998,100.07599999999998,116.120115132,50,0,1.375,1.875,2.0,1.6709254356981216,3.170819357347939,50.34851554559677,6.568914100752346,6.016127696252305,6.016127696252305,3.6807392125526213,3.3615878331101565,3.3615878331101565,2.5065624403680054,2.5065624403680054,1.5675329834240739,1.5675329834240739,0.6965440671781392,0.6965440671781392,-0.04,7.96,3.9018954066816494,3.026851631655436,51.7231374664052,5.106527394840706,0.0,0.0,0.0,0.0,0.0,0.0,0.0,0.0,0.0,20.268296022307258,19.262464868778025,0.0,6.103966387748303,5.106527394840706,0.0,0.0,0.0,5.917906046161393,39.71682123267219,0.0,0.0,0.0,0.0,0.0,0.0,0.0,0.0,11.210493782589008,0.0,5.917906046161393,33.61285484492389,0.0,0.0,0.0,0.0,20.23,0.0,0.0,0.0,6.103966387748303,5.917906046161393,6.4208216229260096,6.4208216229260096,0.0,6.923737199690624,13.847474399381248,5.106527394840706,0.0,0.0,0.0,8.95199074074074,0.0,0.472222222222222,0.0,2.1795833333333334,6.06287037037037,0.0,1.0,8,1,1,0,0,0,0,0,0,0,2,0,1,1,1,0,3,0,0,0,0,2,3.8823859296482413,0,1.8034,35.75279999999999,0,1,1,0,0,0,0,0,0,0,0,0,0,0,0,0,0,0,0,0,0,0,0,0,0,0,0,0,0,0,0,0,0,0,0,0,0,0,0,0,0,0,0,0,0,0,0,0,0,0,0,0,0,0,0,0,0,0,0,0,0,0,0,0,0,0,0,0,0,0,0,0,0,0,0,0,0,0,0,0,0,0,0,0,0
CN=C[N+]=CCC[N+]CO,8.2314559712774,8.2314559712774,0.10148108780549259,-0.10148108780549259,0.2984136854765529,11.8,142.18200000000002,130.08599999999998,142.09693984417999,55,3,1.6,2.4,3.0,1.9671544718900458,3.0218462261083285,111.56055625999613,7.6568542494923815,6.064875263938726,6.064875263938726,4.914213562373096,3.0787418532558184,3.0787418532558184,1.582624414252208,1.582624414252208,0.8038587485991178,0.8038587485991178,0.4080755159509078,0.4080755159509078,-0.7400000000000001,9.26,8.26,7.26,60.69870250733688,5.106527394840706,13.262272562212505,6.544756405912575,0.0,6.730816747499484,6.338535362521884,0.0,0.0,0.0,0.0,9.984809465271338,0.0,0.0,11.73761022693234,5.106527394840706,12.5531359420572,0.0,10.309193336642,4.992404732635669,6.4208216229260096,20.32324513608925,0.0,0.0,0.0,10.309193336642,0.0,0.0,0.0,37.982908472987155,0.0,0.0,6.4208216229260096,4.992404732635669,0.0,0.0,0.0,60.790000000000006,0.0,0.0,0.0,6.730816747499484,6.544756405912575,6.4208216229260096,6.338535362521884,13.262272562212505,0.0,15.30159806927767,5.106527394840706,0.0,0.0,7.453925973167044,11.920692082388511,0.0,0.0,0.0,3.9421485260770974,0.5210926083396321,1.6621408100277149,0.6666666666666666,10,1,4,0,0,0,0,0,0,0,0,0,2,1,4,0,5,0,0,0,0,0,7.64876,0,-1.0045999999999997,41.31780000000001,0,1,1,0,0,0,0,0,0,0,0,0,0,0,2,3,0,0,0,0,0,0,0,0,0,0,0,0,0,0,0,0,0,0,0,0,0,0,0,0,0,0,0,0,0,0,0,0,0,0,0,0,0,0,0,0,0,0,0,0,0,0,0,0,0,0,0,0,0,0,0,0,0,0,0,0,0,0,0,0,0,0,0,0,0
CNCC=CCNCCO,8.370016140715546,8.370016140715546,0.20820216049382712,0.20820216049382712,0.34251619730159116,11.0,144.21800000000002,128.08999999999997,144.126263132,60,0,1.3,2.0,2.6,1.9671544718900458,2.875473646773731,83.67529210449095,7.6568542494923815,6.4303412586254005,6.4303412586254005,4.914213562373096,3.526717852057719,3.526717852057719,1.9568129995981476,1.9568129995981476,1.0394107337631469,1.0394107337631469,0.5489701443179331,0.5489701443179331,-0.38,9.62,8.619999999999997,7.619999999999997,62.13325880143703,15.740104602853368,0.0,0.0,0.0,0.0,0.0,0.0,0.0,0.0,0.0,12.152040213667762,7.04767198267719,19.634269217737724,6.606881964512918,5.106527394840706,0.0,0.0,10.633577208012662,0.0,0.0,33.288823164927834,12.152040213667762,0.0,0.0,10.633577208012662,0.0,0.0,0.0,38.39535055976854,0.0,0.0,0.0,12.152040213667762,0.0,0.0,0.0,44.29,0.0,0.0,0.0,6.606881964512918,6.544756405912575,13.08951281182515,0.0,0.0,19.19971219634495,10.633577208012662,5.106527394840706,0.0,0.0,0.0,14.394015731292516,0.0,0.0,0.0,4.079895124716553,2.6178634416729656,1.9082257023179643,0.7142857142857143,10,3,3,0,0,0,0,0,0,0,0,0,3,3,3,0,6,0,0,0,0,0,8.292439999999996,0,-0.6560999999999995,43.02220000000001,0,1,1,0,0,0,0,0,0,0,0,0,0,0,0,0,2,0,0,1,0,0,0,0,0,0,0,0,0,0,0,0,0,0,0,0,0,0,0,0,0,0,0,0,0,0,0,0,0,0,0,0,0,0,0,0,0,0,0,0,0,0,0,0,0,0,0,0,0,0,0,0,0,0,0,0,0,0,0,0,0,0,0,0,0
CCC=PSCCO,8.326420068027211,8.326420068027211,0.3008144368858654,0.3008144368858654,0.4866663256993367,10.75,150.183,139.095,150.02682260199998,48,0,1.75,2.5,3.0,1.8088121254443208,2.799731275638644,65.44900955152482,6.242640687119286,5.001346094213048,6.712269866140691,3.914213562373095,2.661031047844278,5.215372583208668,1.2530621194933553,3.9025283833275406,0.5142195701700967,2.9848084590153716,0.2207696836353253,1.9869271527179273,0.48000000000000004,8.48,7.4799999999999995,6.48,56.03784893055209,5.106527394840706,0.0,0.0,0.0,0.0,0.0,0.0,0.0,0.0,0.0,24.101922978329167,13.826943569860852,5.752853606746789,6.606881964512918,5.106527394840706,24.584307725573385,0.0,0.0,0.0,13.344558822616634,12.359735571259707,0.0,0.0,0.0,0.0,0.0,0.0,18.787846743048,23.262723948625798,0.0,0.0,13.344558822616634,0.0,0.0,0.0,0.0,20.23,0.0,0.0,0.0,0.0,6.606881964512918,12.1736752296728,7.406121946934842,11.38172479611316,0.0,12.720198182216008,5.106527394840706,0.0,1.7444907407407406,0.0,8.326420068027211,0.0,3.040061728395062,0.0,1.1249842529604435,2.418379629629629,1.290108024691358,0.8,8,1,1,0,0,0,0,0,0,0,0,0,2,1,3,0,4,0,0,0,0,0,7.9288,0,1.7852999999999999,42.81880000000002,0,1,1,0,0,0,0,0,0,0,0,0,0,0,0,0,0,0,0,0,0,0,0,0,0,0,0,0,0,0,0,0,0,0,0,0,0,0,0,0,0,0,0,0,0,0,0,0,0,0,0,0,0,0,0,0,0,0,0,0,0,0,0,0,0,0,0,0,0,0,0,0,0,0,0,0,0,0,0,0,0,0,0,0,0
NCCCCCC=CCCCO,8.491144872894061,8.491144872894061,0.30308884297520655,0.30308884297520655,0.43214488389674593,11.166666666666666,171.28399999999996,150.11599999999996,171.162314292,72,0,0.9166666666666666,1.5833333333333333,2.1666666666666665,2.098390961316241,2.9229855434063277,102.01170173144865,9.071067811865477,7.8361186525612165,7.8361186525612165,5.914213562373096,4.87430597074176,4.87430597074176,2.975250284698544,2.975250284698544,1.7704863187042135,1.7704863187042135,1.028143443600009,1.028143443600009,-0.34,11.660000000000002,10.659999999999998,9.660000000000002,75.46825147442351,10.84019487200289,0.0,0.0,0.0,0.0,0.0,0.0,0.0,0.0,0.0,18.57286183659377,38.64886452054263,6.606881964512918,0.0,5.106527394840706,0.0,0.0,0.0,5.733667477162185,38.524929737556064,13.151638370425493,12.152040213667762,0.0,0.0,5.733667477162185,0.0,0.0,0.0,18.2581657652662,0.0,0.0,38.524929737556064,12.152040213667762,0.0,0.0,0.0,46.25,0.0,0.0,0.0,0.0,6.606881964512918,32.22804289761662,12.841643245852019,0.0,0.0,12.152040213667762,10.84019487200289,0.0,0.0,0.0,8.491144872894061,5.363175014419603,0.0,0.0,11.0288743228773,1.1168057898090367,0.0,0.8,12,3,2,0,0,0,0,0,0,0,0,0,2,2,2,0,8,0,0,0,0,0,10.357966666666668,0,1.8342,52.98220000000004,0,1,1,0,0,0,0,0,0,0,0,0,0,0,0,0,0,1,0,0,0,0,0,0,0,0,2,0,0,0,0,0,0,0,0,0,0,0,0,0,0,0,0,0,0,0,0,0,0,0,0,0,0,0,0,0,0,0,0,0,0,0,0,0,0,0,0,0,0,0,0,0,0,0,0,0,0,0,0,0,0,0,0,4,0
OCCCC=CCCCCCNN1COC=N1,8.59238437362532,8.59238437362532,0.29038247328207367,0.29038247328207367,0.45052738103025347,14.764705882352942,241.33499999999998,218.15099999999998,241.179026976,98,0,1.2352941176470589,2.0588235294117645,2.764705882352941,2.8450732612910583,1.7761315666994462,231.79063082505394,12.183951986987843,10.345900915211544,10.345900915211544,8.431851652578137,6.342021919375479,6.342021919375479,4.010869693074997,4.010869693074997,2.49533742958413,2.49533742958413,1.5308928271473872,1.5308928271473872,-1.07,13.992774639045827,10.107601806402725,7.764192212449169,103.11124946232314,9.843390348640755,0.0,13.131477668621711,0.0,0.0,0.0,0.0,5.425791397110385,5.117915317058586,5.101407525739723,18.572861836593773,32.10410811463005,13.151638370425493,0.0,9.843390348640755,6.400660921122227,0.0,10.54370671416897,5.101407525739723,38.524929737556064,19.882455117924977,12.152040213667762,0.0,0.0,5.425791397110385,0.0,0.0,0.0,36.507558750946494,4.736862953800049,0.0,38.524929737556064,17.253447739407484,0.0,0.0,0.0,57.09,0.0,0.0,0.0,0.0,13.337698712012402,32.22804289761661,19.242304166974247,5.117915317058586,0.0,22.67923913651787,9.843390348640755,4.944248335485016,0.0,0.0,14.250413782930849,3.165015612343805,0.0,0.0,12.402993761192958,1.7373285080473726,0.0,0.75,17,2,5,0,1,1,0,0,0,0,0,0,5,2,5,1,10,0,0,0,0,0,8.319611424600344,1,1.6130999999999998,68.21350000000004,0,1,1,0,0,0,0,0,0,0,0,0,0,0,0,2,1,0,0,0,0,0,0,0,0,0,2,0,0,0,0,0,0,0,0,0,0,0,0,0,0,1,0,0,0,1,1,0,0,0,0,0,0,0,0,0,0,0,0,0,0,0,0,0,0,0,0,0,0,0,0,0,0,0,0,0,0,0,0,0,0,0,0,4,0
OCCCC=CCCCCCNN1N=COOOCC2CCC21,8.685087256453288,8.685087256453288,0.27790919945577763,0.27790919945577763,0.3642160158800516,24.47826086956522,327.4250000000001,298.19300000000004,327.21580640800005,132,0,1.173913043478261,2.0434782608695654,2.8260869565217392,2.592239591446195,1.537398452810845,365.234510692171,16.167079650113287,13.731311596891619,13.731311596891619,11.415014900172531,8.67540458116406,8.67540458116406,6.013699633779894,6.013699633779894,4.292543572984775,4.292543572984775,2.7444968721921392,2.7444968721921392,-1.1500000000000001,18.192448371790146,11.39563423946402,6.865276300883357,137.65086785687072,5.106527394840706,0.0,0.0,6.400660921122227,0.0,0.0,4.887570953256112,10.54370671416897,4.887570953256112,5.101407525739723,18.572861836593773,49.98403031319425,19.069544416586886,12.648722793660879,19.9199482540651,6.400660921122227,0.0,10.54370671416897,11.019313571901115,57.40841381255605,19.75852033493841,12.152040213667762,0.0,0.0,5.425791397110385,0.0,0.0,0.0,42.425464797107885,14.813420859224397,5.917906046161393,51.36657298340809,17.253447739407484,0.0,0.0,0.0,75.55000000000001,0.0,0.0,0.0,6.606881964512918,18.566628839822272,45.06968614346863,19.242304166974247,0.0,5.117915317058586,27.717518089230047,14.881669301352929,0.0,0.0,9.643557419202931,19.351404337439696,3.3658952419734347,0.435562906539395,0.3527853369869338,14.303715324737887,1.7137460997863876,0.0,0.8125,23,2,7,1,1,2,0,0,0,0,2,0,7,2,7,1,10,1,0,1,0,2,9.013673372402314,2,2.2974000000000006,86.89550000000006,0,1,1,0,0,0,0,0,0,0,0,0,0,0,0,2,1,0,0,0,0,0,0,0,0,0,2,0,0,0,0,0,0,0,0,0,1,0,0,0,0,0,0,0,0,1,1,0,0,0,0,0,0,0,0,0,0,0,0,0,0,0,0,0,0,0,0,0,0,0,0,0,0,0,0,0,0,0,0,0,0,0,0,4,0
OCCCC=CCCCCCNN1N=COOOCC2CCCCCCOC1CC2,8.772839141545191,8.772839141545191,0.12684429264269603,-0.12684429264269603,0.3066369529020621,24.366666666666667,427.5860000000004,386.2580000000002,427.304621412,174,0,1.0,1.8666666666666667,2.7666666666666666,2.833408232627195,1.762546155531517,464.05395866031773,21.11682711841911,18.382200574474766,18.382200574474766,14.898178147766924,11.774696933284918,11.774696933284918,8.080627354155107,8.080627354155107,5.534250432873354,5.534250432873354,3.732294643920826,3.732294643920826,-1.1900000000000002,25.07386503991904,17.48655568843794,11.857292616245436,180.95406577275727,9.843390348640755,0.0,6.22790117073487,6.400660921122227,0.0,0.0,4.887570953256112,5.425791397110385,10.005486270314698,5.101407525739723,37.8353267053718,68.74357960520767,19.75852033493841,6.606881964512918,24.65681120786515,6.400660921122227,0.0,10.54370671416897,11.019313571901115,89.69858226877302,26.36540229945133,12.152040213667762,0.0,0.0,5.425791397110385,0.0,0.0,0.0,49.21840710320771,19.550283813024446,5.917906046161393,83.47068109803816,17.253447739407484,0.0,0.0,0.0,84.78000000000002,0.0,0.0,0.0,12.834783135247788,12.52478801067431,77.3598545996856,25.663125789900256,5.117915317058586,0.0,22.67923913651787,24.65681120786515,6.174387224373905,0.0,10.09883419876007,19.66488452311109,3.3905078648003433,0.4335026956860468,0.0,19.53084101774595,2.3737091421892655,0.0,0.8636363636363636,30,2,8,0,2,2,0,0,0,0,2,2,8,2,8,2,10,0,1,1,0,2,14.615184578164047,2,4.222000000000004,115.93250000000008,0,1,1,0,0,0,0,0,0,0,0,0,0,0,0,2,1,0,0,0,0,0,0,0,0,0,2,0,0,0,0,0,0,0,0,0,3,0,0,0,0,1,0,0,0,1,1,0,0,0,0,0,0,0,0,0,0,0,0,0,0,0,0,0,0,0,0,0,0,0,0,0,0,0,0,0,0,0,0,0,0,0,0,4,0
OCCCC=CCCCCCNN1N=COOOCC2CCCCCCCCCCCCOC1CC2,8.83434234613281,8.83434234613281,0.14297057340191355,-0.14297057340191355,0.19504468412736783,24.305555555555557,511.7480000000007,458.32400000000035,511.398521796,210,0,0.8333333333333334,1.5555555555555556,2.3333333333333335,2.922382034258435,1.8441132229470651,549.278186315408,25.359467805538387,22.624841261594042,22.624841261594042,17.89817814776692,14.774696933284918,14.774696933284918,10.201947697714747,10.201947697714747,7.034250432873354,7.034250432873354,4.792954815700646,4.792954815700646,-1.1900000000000002,31.030282026186022,22.965360986539874,16.534218813536945,219.14371845913695,9.843390348640755,0.0,6.22790117073487,6.400660921122227,0.0,0.0,4.887570953256112,5.425791397110385,10.005486270314698,5.101407525739723,76.36025644292788,68.74357960520767,19.75852033493841,6.606881964512918,24.65681120786515,6.400660921122227,0.0,10.54370671416897,11.019313571901115,128.2235120063291,26.36540229945133,12.152040213667762,0.0,0.0,5.425791397110385,0.0,0.0,0.0,49.21840710320771,19.550283813024446,5.917906046161393,121.99561083559423,17.253447739407484,0.0,0.0,0.0,84.78000000000002,0.0,0.0,0.0,12.834783135247788,12.52478801067431,77.3598545996856,64.18805552745633,0.0,5.117915317058586,22.67923913651787,24.65681120786515,6.367902593484512,0.0,10.332912864202372,19.967826930331096,3.4517281484448694,0.41737641492682953,0.0,27.755210573087723,2.3737091421892655,0.0,0.8928571428571429,36,2,8,0,2,2,0,0,0,0,2,2,8,2,8,2,10,0,1,1,0,2,19.79504522904172,2,6.562600000000008,143.6344999999999,0,1,1,0,0,0,0,0,0,0,0,0,0,0,0,2,1,0,0,0,0,0,0,0,0,0,2,0,0,0,0,0,0,0,0,0,3,0,0,0,0,1,0,0,0,1,1,0,0,0,0,0,0,0,0,0,0,0,0,0,0,0,0,0,0,0,0,0,0,0,0,0,0,0,0,0,0,0,0,0,0,0,0,4,0
OCCCC=CCCCCCNN1N=COOOCC2CCCCCC=C=CNCCCCCCCCCCCOC1CC2,8.889733607478384,8.889733607478384,0.17599977386992527,-0.17599977386992527,0.09788204977994386,23.34090909090909,620.9200000000002,556.4080000000004,620.487671148,254,0,0.8636363636363636,1.6363636363636365,2.477272727272727,3.071514201155891,1.8814844441838516,759.4007876405028,31.016322055030756,27.607968924719476,27.607968924719476,21.89817814776692,17.902524018126492,17.902524018126492,12.16698213792404,12.16698213792404,8.257072944143792,8.257072944143792,5.539769775409777,5.539769775409777,-1.8700000000000003,38.31333543078155,29.81962306541909,22.610668652558136,267.8689693791527,15.160178952647087,0.0,6.22790117073487,6.400660921122227,0.0,0.0,4.887570953256112,5.425791397110385,10.005486270314698,10.832626116481478,76.36025644292788,94.08206458081959,32.503231630671436,6.606881964512918,24.65681120786515,6.400660921122227,0.0,15.8604953181753,11.019313571901115,147.48597687510713,32.910158705363905,30.15923380106385,0.0,0.0,10.742580001116716,0.0,0.0,0.0,55.76316350912028,19.550283813024446,5.917906046161393,141.25807570437226,35.260641326803565,0.0,0.0,0.0,96.81000000000002,0.0,0.0,0.0,12.834783135247788,12.52478801067431,96.74625425145021,70.60887715038234,0.0,11.317870206879034,39.80326643809984,24.65681120786515,6.47245444606084,0.0,10.459714379158754,23.518086173259547,6.764319711882947,0.36499913811544515,0.0,34.740626326311734,3.346466491877399,0.0,0.8285714285714286,44,3,9,0,2,2,0,0,0,0,2,2,9,3,9,2,10,0,0,0,0,2,25.965664111928906,2,7.99130000000001,178.14119999999951,0,1,1,0,0,0,0,0,0,0,0,0,0,0,0,2,2,0,0,0,0,0,0,0,0,0,3,0,0,0,0,0,0,0,0,0,3,0,0,0,0,1,0,0,0,1,1,0,0,0,0,0,0,0,0,0,0,0,0,0,0,0,0,0,0,0,0,0,0,0,0,0,0,0,0,0,0,0,0,0,0,0,0,4,0
OCCCC=CCCCCCNN1N=COOOCC2CCCCCCCCCCCC=C=CNCCCCCCCCCCCOC1CC2,8.925427916564697,8.925427916564697,0.17101381219994427,-0.17101381219994427,0.08950142940995186,23.42,705.0819999999998,628.4740000000002,704.581571532,290,0,0.76,1.44,2.2,3.1646769157037964,1.848061629153024,850.8184832350039,35.25896274215003,31.850609611838756,31.850609611838756,24.89817814776692,20.90252401812649,20.90252401812649,14.28830248148368,14.28830248148368,9.757072944143792,9.757072944143792,6.600429947189597,6.600429947189597,-1.8700000000000003,44.29117613169745,35.52914178735282,27.804396670897482,306.0586220655322,15.160178952647087,0.0,6.22790117073487,6.400660921122227,0.0,0.0,4.887570953256112,5.425791397110385,10.005486270314698,10.832626116481478,114.88518618048396,94.08206458081959,32.503231630671436,6.606881964512918,24.65681120786515,6.400660921122227,0.0,15.8604953181753,11.019313571901115,186.0109066126632,32.910158705363905,30.15923380106385,0.0,0.0,10.742580001116716,0.0,0.0,0.0,55.76316350912028,19.550283813024446,5.917906046161393,179.78300544192834,35.260641326803565,0.0,0.0,0.0,96.81000000000002,0.0,0.0,0.0,12.834783135247788,12.52478801067431,90.3254326285242,115.55462851086443,0.0,11.317870206879034,39.80326643809984,24.65681120786515,6.531352052982376,0.0,10.567218895545862,23.690641395262993,6.816069067164667,0.3883277212471419,0.0,43.28623365522347,3.3868238792401533,0.0,0.8536585365853658,50,3,9,0,2,2,0,0,0,0,2,2,9,3,9,2,10,0,0,0,0,2,31.472549534233913,2,10.331899999999997,205.84319999999917,0,1,1,0,0,0,0,0,0,0,0,0,0,0,0,2,2,0,0,0,0,0,0,0,0,0,3,0,0,0,0,0,0,0,0,0,3,0,0,0,0,1,0,0,0,1,1,0,0,0,0,0,0,0,0,0,0,0,0,0,0,0,0,0,0,0,0,0,0,0,0,0,0,0,0,0,0,0,0,0,0,0,0,4,0
CC=CCCCC(O)CCCC,9.455521541950112,9.455521541950112,0.05999433106576002,-0.05999433106576002,0.4589727620408842,13.916666666666666,170.29599999999996,148.11999999999998,170.167065324,72,0,1.25,1.9166666666666667,2.5,2.089132285464695,3.1294146177608857,107.57174002125652,9.234204518682008,8.421905090188123,8.421905090188123,5.808060412490447,5.100734144848257,5.100734144848257,3.295991284964759,3.295991284964759,2.034741933562275,2.034741933562275,1.2220799600213885,1.2220799600213885,-0.3,11.7,8.793457943925233,7.8030927835051545,76.49330289180739,5.106527394840706,0.0,0.0,0.0,0.0,0.0,0.0,0.0,0.0,0.0,31.917420659210407,32.60702369139466,0.0,6.103966387748303,5.106527394840706,0.0,0.0,0.0,0.0,58.476370524685606,0.0,12.152040213667762,0.0,0.0,0.0,0.0,0.0,0.0,11.210493782589008,0.0,0.0,52.372404136937305,12.152040213667762,0.0,0.0,0.0,20.23,0.0,5.106527394840706,0.0,6.103966387748303,0.0,32.10410811463005,6.4208216229260096,0.0,6.923737199690624,19.075777413358388,0.0,0.0,0.0,0.0,9.455521541950112,0.0,0.0,0.0,10.683315539178633,4.194496252204585,0.0,0.8181818181818182,12,1,1,0,0,0,0,0,0,0,1,0,1,1,1,0,7,0,0,0,0,1,8.573621495327101,0,3.283900000000002,54.19680000000004,0,1,1,0,0,0,0,0,0,0,0,0,0,0,0,0,0,0,0,0,0,0,0,0,0,0,2,0,0,0,0,0,0,0,0,0,0,0,0,0,0,0,0,0,0,0,0,0,0,0,0,0,0,0,0,0,0,0,0,0,0,0,0,0,0,0,0,0,0,0,0,0,0,0,0,0,0,0,0,0,0,0,0,2,0
CCCCCCCC=CCCCC(O)CCCC,9.679365062350515,9.679365062350515,0.06259828698643388,-0.06259828698643388,0.33368970817404014,13.277777777777779,254.4579999999999,220.18599999999995,254.26096570800001,108,0,0.7222222222222222,1.2777777777777777,1.9444444444444444,2.3822298639262622,3.1712026189602573,174.44890552020033,13.476845205801295,12.66454577730741,12.66454577730741,8.808060412490448,8.138738947309042,8.138738947309042,5.40124890899485,5.40124890899485,3.440050542325298,3.440050542325298,2.156857641838675,2.156857641838675,-0.3,17.7,14.759880239520959,13.763694267515923,114.68295557818705,5.106527394840706,0.0,0.0,0.0,0.0,0.0,0.0,0.0,0.0,0.0,64.52444435060507,38.524929737556064,0.0,6.103966387748303,5.106527394840706,0.0,0.0,0.0,0.0,97.00130026224168,0.0,12.152040213667762,0.0,0.0,0.0,0.0,0.0,0.0,11.210493782589008,0.0,0.0,90.89733387449338,12.152040213667762,0.0,0.0,0.0,20.23,0.0,5.106527394840706,0.0,6.103966387748303,0.0,32.10410811463005,44.94575136048208,0.0,0.0,25.99951461304901,0.0,0.0,0.0,0.0,9.679365062350515,0.0,0.0,0.0,19.218646330966045,4.4353219400167765,0.0,0.8823529411764706,18,1,1,0,0,0,0,0,0,0,1,0,1,1,1,0,13,0,0,0,0,1,14.513882235528943,0,5.6245000000000065,81.89880000000007,0,1,1,0,0,0,0,0,0,0,0,0,0,0,0,0,0,0,0,0,0,0,0,0,0,0,2,0,0,0,0,0,0,0,0,0,0,0,0,0,0,0,0,0,0,0,0,0,0,0,0,0,0,0,0,0,0,0,0,0,0,0,0,0,0,0,0,0,0,0,0,0,0,0,0,0,0,0,0,0,0,0,0,7,0
CSCCCCCO,8.358784013605442,8.358784013605442,0.35553665910808774,0.35553665910808774,0.575109084188926,9.75,134.24400000000003,120.13199999999998,134.076536068,50,0,1.25,2.0,2.5,1.8088121254443208,2.53006045688352,33.50977500432694,6.242640687119286,5.390995791896559,6.2074923728242855,3.914213562373095,3.0131511910755138,4.406998041192865,1.7770662493565446,2.7626648090100323,1.0065755955377567,1.7034990205964324,0.5349797340849984,1.0277790139117424,0.31,8.310000000000002,7.310000000000003,6.310000000000002,55.48130537737384,5.106527394840706,0.0,0.0,0.0,0.0,0.0,0.0,0.0,11.761884949391115,0.0,6.4208216229260096,24.850266036110213,6.606881964512918,0.0,5.106527394840706,11.761884949391115,0.0,0.0,0.0,19.26246486877803,18.615504754771113,0.0,0.0,0.0,0.0,0.0,0.0,11.761884949391115,23.72203214961182,0.0,0.0,19.26246486877803,0.0,0.0,0.0,0.0,20.23,0.0,0.0,0.0,0.0,6.606881964512918,6.4208216229260096,18.59449685259881,0.0,11.761884949391115,6.255769183511404,5.106527394840706,0.0,1.8704289493575206,0.0,8.358784013605442,0.0,1.2361111111111112,0.0,5.512472600151172,0.35553665910808774,0.0,1.0,8,1,1,0,0,0,0,0,0,0,0,0,2,1,2,0,5,0,0,0,0,0,7.593262500000005,0,1.512,39.3188,0,1,1,0,0,0,0,0,0,0,0,0,0,0,0,0,0,0,0,0,0,0,0,0,0,0,0,0,0,0,0,0,0,0,0,0,0,0,0,0,0,0,0,0,0,0,0,0,0,0,0,0,0,0,0,0,0,0,0,0,0,0,0,0,0,0,0,0,0,0,0,0,0,0,0,1,0,0,0,0,0,0,0,2,0
OCOC#CCNC1CC1,8.141984126984127,8.141984126984127,0.32298752834467126,-0.32298752834467126,0.4173197681344403,15.7,141.17,130.082,141.078978592,56,0,1.6,2.4,3.0,2.7117752664169426,1.8814871668409063,143.42043403990323,7.234204518682008,5.7612392798996375,5.7612392798996375,4.931851652578136,3.371305542552669,3.371305542552669,2.20745031486046,2.20745031486046,1.2653631137829195,1.2653631137829195,0.6022163715213837,0.6022163715213837,-0.7200000000000001,7.387758620689654,4.152473466668685,3.333916468489892,60.37993911785018,15.160178952647087,6.106494660442553,6.792942306099827,0.0,0.0,0.0,0.0,0.0,0.0,0.0,0.0,18.762077564707663,6.041840829147961,6.544756405912575,9.843390348640755,0.0,0.0,5.316788604006331,0.0,18.88348407499998,13.337698712012402,0.0,0.0,12.026928979298198,5.316788604006331,0.0,0.0,0.0,24.48606693600107,4.736862953800049,12.026928979298198,12.841643245852019,0.0,0.0,0.0,0.0,41.49,0.0,0.0,0.0,6.792942306099827,12.586597235060536,0.0,12.841643245852019,0.0,0.0,22.080580537104577,5.106527394840706,4.390151171579743,0.0,0.0,11.322222222222223,0.0,2.7143055555555557,0.6837282690854116,4.8885062358276645,0.33441987906273607,0.0,0.7142857142857143,10,2,3,1,0,1,0,0,0,0,0,0,3,2,3,0,3,1,0,1,0,0,3.067747165056663,1,-0.33430000000000004,36.971500000000006,0,1,1,0,0,0,0,0,0,0,0,0,0,0,0,0,1,0,0,0,0,0,0,0,0,0,0,0,0,0,0,0,0,0,0,0,0,0,0,0,0,1,0,0,0,0,0,0,0,0,0,0,0,0,0,0,0,0,0,0,0,0,0,0,0,0,0,0,0,0,0,0,0,0,0,0,0,0,0,0,0,0,0,0,0
CCC=NCCCCCCCO,8.515404132153321,8.515404132153321,0.3412574290888686,0.3412574290888686,0.4412474434671833,11.166666666666666,171.284,150.11599999999999,171.162314292,72,0,1.0833333333333333,1.75,2.4166666666666665,2.098390961316241,2.8584551787481796,102.01170173144865,9.071067811865477,8.128631709681924,8.128631709681924,5.914213562373096,5.006009493431248,5.006009493431248,2.9883772106002993,2.9883772106002993,1.7570008415990541,1.7570008415990541,1.065610514348525,1.065610514348525,-0.37,11.63,10.629999999999999,9.63,75.71328629545518,5.106527394840706,0.0,0.0,0.0,0.0,0.0,4.992404732635669,0.0,0.0,0.0,26.186202068468653,25.477065448313343,13.151638370425493,0.0,5.106527394840706,6.2146005795353165,0.0,0.0,4.992404732635669,45.448666937246685,13.151638370425493,0.0,0.0,0.0,0.0,0.0,0.0,0.0,24.472766344801514,0.0,0.0,45.448666937246685,4.992404732635669,0.0,0.0,0.0,32.59,0.0,0.0,0.0,0.0,6.606881964512918,25.807221274690605,19.26246486877803,0.0,6.2146005795353165,11.916141932326294,5.106527394840706,0.0,0.0,4.233262707860922,8.515404132153321,0.0,0.0,0.0,8.829011022797548,3.422322137188209,0.0,0.9,12,1,2,0,0,0,0,0,0,0,0,0,2,1,2,0,8,0,0,0,0,0,10.302241666666665,0,2.4100000000000006,53.82080000000004,0,1,1,0,0,0,0,0,0,0,0,0,0,0,1,1,0,0,0,0,0,0,0,0,0,0,0,0,0,0,0,0,0,0,0,0,0,0,0,0,0,0,0,0,0,0,0,0,0,0,0,0,0,0,0,0,0,0,0,0,0,0,0,0,0,0,0,0,0,0,0,0,0,0,0,0,0,0,0,0,0,0,0,4,0
C=CC=CCCC=CCC=NCCCCCCCO,8.632153713649696,8.632153713649696,0.3272501262085661,0.3272501262085661,0.2260343098738869,12.052631578947368,263.4249999999999,234.19299999999993,263.224914548,108,0,0.8947368421052632,1.631578947368421,2.4210526315789473,2.430151800897395,3.2208437683393867,266.43563008939816,14.020815280171313,12.136703399189697,12.136703399189697,9.414213562373096,7.431895874100152,7.431895874100152,4.528440581033517,4.528440581033517,2.754750868233475,2.754750868233475,1.670881085192402,1.670881085192402,-1.1500000000000001,17.849999999999998,16.850000000000005,16.850000000000005,118.19907199967867,5.106527394840706,0.0,0.0,0.0,0.0,0.0,4.992404732635669,0.0,0.0,0.0,56.22150108654594,25.683286491704038,25.78706057288682,0.0,5.106527394840706,6.2146005795353165,0.0,0.0,4.992404732635669,51.36657298340809,13.151638370425493,36.9590362177679,0.0,0.0,0.0,0.0,0.0,0.0,24.472766344801514,0.0,0.0,51.36657298340809,41.95144095040357,0.0,0.0,0.0,32.59,0.0,0.0,0.0,0.0,6.606881964512918,45.069686143468644,12.841643245852019,6.076020106833881,12.290620686369198,29.79940073673581,5.106527394840706,0.0,0.0,4.383512298437894,8.632153713649696,0.0,0.0,0.0,21.086751883220856,4.897582104691555,0.0,0.5882352941176471,19,1,2,0,0,0,0,0,0,0,0,0,2,1,2,0,13,0,0,0,0,0,15.83013157894737,0,4.468700000000005,85.85780000000004,0,1,1,0,0,0,0,0,0,0,0,0,0,0,1,1,0,0,0,0,0,0,0,0,0,0,5,0,0,0,0,0,0,0,0,0,0,0,0,0,0,0,0,0,0,0,0,0,0,0,0,0,0,0,0,0,0,0,0,0,0,0,0,0,0,0,0,0,0,0,0,0,0,0,0,0,0,0,0,0,0,0,0,5,0
CCCCC=NC(=N)CCC=CCC=NCCCCCCCO,8.66732946607934,8.66732946607934,0.3146493254716045,0.3146493254716045,0.19013349585239356,12.08695652173913,321.5090000000001,286.22900000000004,321.27801274,132,0,0.9565217391304348,1.7391304347826086,2.5217391304347827,2.5566848849765202,3.4056238281700977,348.5238879367428,17.012379111734035,14.8434300186835,14.8434300186835,11.308060412490446,9.149446776246583,9.149446776246583,5.726506968994566,5.726506968994566,3.464293863067261,3.464293863067261,2.0407366970700718,2.0407366970700718,-1.29,21.71,18.758285852245294,18.66183844074957,141.88883577796528,5.106527394840706,5.835619785757269,0.0,0.0,0.0,0.0,10.401688338427192,4.992404732635669,0.0,0.0,44.75906390506242,32.10410811463005,38.42248277534814,0.0,5.106527394840706,18.264820944827903,5.409283605791522,0.0,9.984809465271338,77.55277505187675,13.151638370425493,12.152040213667762,0.0,0.0,0.0,0.0,0.0,0.0,36.5229867100941,0.0,5.409283605791522,77.55277505187675,22.1368496789391,0.0,0.0,0.0,68.8,0.0,0.0,0.0,0.0,18.8633233731962,51.49050776639464,19.26246486877803,0.0,12.429201159070633,29.060586878629724,10.515811000632228,0.0,0.0,8.528699561555289,16.37244356732328,0.0,0.4727945871123356,0.0,19.411984590171834,3.380744360503932,0.0,0.7368421052631579,23,2,4,0,0,0,0,0,0,0,0,0,3,2,4,0,15,0,0,0,0,0,17.70619068922806,0,4.964770000000005,102.26450000000007,0,1,1,0,0,0,0,0,0,0,0,0,0,0,2,2,1,0,0,0,0,0,0,0,0,0,2,0,1,0,0,0,0,0,0,0,0,0,0,0,0,0,0,0,0,0,0,0,0,0,0,0,0,0,0,0,0,0,0,0,0,0,0,0,0,0,0,0,0,0,0,0,0,0,0,0,0,0,0,0,0,0,0,6,0
CC1CCC(N)(CCC=CCC=NCCCCCCCO)N=CCCCCCCP1,8.756866593404535,8.756866593404535,0.32097836292385185,-0.3876493105154415,0.16356647146746991,25.5,437.65300000000025,389.2690000000001,437.353499786,174,0,1.1333333333333333,1.9333333333333333,2.8,2.75293553603967,2.253702977356288,481.0141945261044,21.755019798853308,19.533664462995485,20.533664462995485,14.66161380308372,12.462395605089696,13.74685265546587,8.837895515065977,10.731742365183324,5.837971610580799,7.465798695422376,3.750865922591211,5.046251060179224,-0.5700000000000001,27.4639789330615,19.140607679249765,16.163897524845307,187.64198730994102,10.84019487200289,5.662860035369912,0.0,0.0,0.0,0.0,9.984809465271338,0.0,0.0,8.580696994154163,51.17988552798843,69.60829908450533,32.00166115242214,0.0,5.106527394840706,21.009898153224796,0.0,0.0,15.718476942433522,114.55791602965402,19.313548397893413,12.152040213667762,0.0,0.0,5.733667477162185,0.0,0.0,8.580696994154163,48.17113143787797,0.0,0.0,103.2360615435808,22.1368496789391,0.0,0.0,0.0,70.97,0.0,0.0,0.0,5.662860035369912,6.606881964512918,72.15102083417814,51.107661387949996,0.0,6.2146005795353165,30.282782725529373,15.83259960463856,0.0,0.0,9.322066171756472,8.756866593404535,7.10577313610608,0.0,0.0,27.077976723703692,3.6295318193506994,1.0800077779007495,0.84,30,3,4,0,1,1,0,0,0,0,3,0,4,2,5,1,12,0,0,0,0,3,17.522574868963694,1,6.263600000000008,136.89419999999998,0,1,1,0,0,0,0,0,0,0,0,0,0,0,2,2,0,1,0,0,0,0,0,0,0,0,2,0,0,0,0,0,0,0,0,0,0,0,0,0,0,0,0,0,0,0,0,0,0,0,0,0,0,0,0,0,0,0,0,0,0,0,0,0,0,0,0,0,0,0,0,0,0,0,0,0,0,0,0,0,0,0,0,4,0
CC(C)O,8.055555555555555,8.055555555555555,0.16666666666666674,-0.16666666666666674,0.42840479403162834,9.0,60.096000000000004,52.032000000000004,60.057514876,26,0,1.5,1.5,1.5,0.8112781244591328,2.3237900077244498,8.0,3.5773502691896257,3.0245638646895836,3.0245638646895836,1.7320508075688772,1.412899428126413,1.412899428126413,1.0937480486839481,1.0937480486839481,0.0,0.0,0.0,0.0,-0.04,3.9600000000000004,1.297837837837838,1128.9599999999998,26.263369008818774,5.106527394840706,0.0,0.0,0.0,0.0,0.0,0.0,0.0,0.0,0.0,0.0,13.847474399381248,6.103966387748303,0.0,5.106527394840706,0.0,0.0,0.0,0.0,19.95144078712955,0.0,0.0,0.0,0.0,0.0,0.0,0.0,0.0,11.210493782589008,0.0,0.0,13.847474399381248,0.0,0.0,0.0,0.0,20.23,0.0,0.0,0.0,6.103966387748303,0.0,0.0,0.0,13.847474399381248,0.0,0.0,5.106527394840706,0.0,0.0,0.0,8.055555555555555,0.0,0.0,0.0,-0.16666666666666674,3.4444444444444446,0.0,1.0,4,1,1,0,0,0,0,0,0,0,0,0,1,1,1,0,0,0,0,0,0,0,1.2848594594594596,0,0.38710000000000006,17.354800000000004,0,1,1,0,0,0,0,0,0,0,0,0,0,0,0,0,0,0,0,0,0,0,0,0,0,0,0,0,0,0,0,0,0,0,0,0,0,0,0,0,0,0,0,0,0,0,0,0,0,0,0,0,0,0,0,0,0,0,0,0,0,0,0,0,0,0,0,0,0,0,0,0,0,0,0,0,0,0,0,0,0,0,0,0,0
OC1C=C=CCCCC1,9.07611111111111,9.07611111111111,0.2485648148148154,-0.2485648148148154,0.486520396348219,27.444444444444443,124.18299999999999,112.08699999999997,124.088815004,50,0,1.4444444444444444,2.3333333333333335,3.2222222222222223,1.7875427503233385,2.480521171549824,131.50306161549236,6.52709773749546,5.507691527815027,5.507691527815027,4.3938468501173515,3.4853790731978465,3.4853790731978465,2.389262173671995,2.389262173671995,1.5048148738119633,1.5048148738119633,0.9456580087718789,0.9456580087718789,-0.52,6.5979245283018875,3.494901458099664,2.4994591322615687,55.703042362904085,5.106527394840706,0.0,0.0,0.0,0.0,0.0,0.0,0.0,0.0,5.731218590741754,6.4208216229260096,31.414505082445793,0.0,6.103966387748303,5.106527394840706,0.0,0.0,0.0,0.0,31.78725287945234,0.0,17.883258804409515,0.0,0.0,0.0,0.0,0.0,0.0,11.210493782589008,0.0,0.0,25.683286491704038,17.883258804409515,0.0,0.0,0.0,20.23,0.0,0.0,0.0,6.103966387748303,0.0,19.26246486877803,6.4208216229260096,6.076020106833881,6.076020106833881,5.731218590741754,5.106527394840706,0.0,0.0,0.0,9.07611111111111,2.9369907407407405,0.0,0.0,7.82023148148148,0.0,0.0,0.625,9,1,1,1,0,1,0,0,0,0,1,0,1,1,1,0,0,0,0,0,0,1,2.5621217838215338,1,1.6325999999999998,37.1278,0,1,1,0,0,0,0,0,0,0,0,0,0,0,0,0,0,0,0,0,0,0,0,0,0,0,0,0,0,0,0,0,0,0,0,0,0,0,0,0,0,0,0,0,0,0,0,0,0,0,0,0,0,0,0,0,0,0,0,0,0,0,0,0,0,0,0,0,0,0,0,0,0,0,0,0,0,0,0,0,0,0,0,0,0
O=CCC#CCCO,9.603008786848072,9.603008786848072,0.07525510204081631,0.07525510204081631,0.40178393300717974,7.125,112.12799999999999,104.06399999999998,112.052429496,44,0,1.5,2.25,2.75,1.8088121254443208,3.0666573599050477,107.43228035743822,6.242640687119286,4.55413249871309,4.55413249871309,3.914213562373095,2.4172850980627643,2.4172850980627643,1.1979510002418507,1.1979510002418507,0.5471988048242885,0.5471988048242885,0.258125497401183,0.258125497401183,-0.81,7.190000000000001,6.1899999999999995,5.189999999999999,48.51894284391164,9.901064578912528,6.286160523129555,0.0,0.0,0.0,0.0,0.0,0.0,0.0,5.920434318855644,5.920434318855644,0.0,6.4208216229260096,13.027703587438928,9.901064578912528,6.286160523129555,0.0,0.0,0.0,12.841643245852019,6.606881964512918,0.0,0.0,11.840868637711289,0.0,0.0,0.0,0.0,17.99956988248318,4.794537184071822,11.840868637711289,12.841643245852019,0.0,0.0,0.0,0.0,37.3,0.0,4.794537184071822,0.0,13.027703587438928,6.4208216229260096,6.286160523129555,0.0,0.0,0.0,11.840868637711289,5.106527394840706,0.0,0.0,9.603008786848072,8.174757653061224,0.0,5.162638888888889,0.0,1.4843395691609975,0.07525510204081631,0.0,0.5,8,1,2,0,0,0,0,0,0,0,0,0,2,1,2,0,2,0,0,0,0,0,5.5632625,0,-0.0388,30.15979999999999,0,1,1,0,0,0,0,0,0,0,1,1,0,0,0,0,0,0,0,0,0,0,0,1,0,0,0,0,0,0,0,0,0,0,0,0,0,0,0,0,0,0,0,0,0,0,0,0,0,0,0,0,0,0,0,0,0,0,0,0,0,0,0,0,0,0,0,0,0,0,0,0,0,0,0,0,0,0,0,0,0,0,0,0,0
OCC1CCCCC=N1,8.702268518518519,8.702268518518519,0.20138888888888862,0.20138888888888862,0.5594810388024062,27.88888888888889,127.18700000000001,114.08299999999998,127.099714036,52,0,1.5555555555555556,2.4444444444444446,3.2222222222222223,2.133849087255043,2.3256522500487864,101.089273230246,6.52709773749546,5.584661635311905,5.584661635311905,4.431851652578137,3.557370416902749,3.557370416902749,2.4525001268111932,2.4525001268111932,1.6475481944261465,1.6475481944261465,1.0521568297238773,1.0521568297238773,-0.37,6.7458748551564325,3.6165878630836277,2.1403007250641397,55.612628798736104,5.106527394840706,0.0,0.0,0.0,0.0,0.0,4.992404732635669,0.0,0.0,0.0,6.4208216229260096,25.477065448313347,0.0,12.648722793660879,5.106527394840706,6.2146005795353165,0.0,0.0,4.992404732635669,31.725127320852,6.606881964512918,0.0,0.0,0.0,0.0,0.0,0.0,0.0,23.9698507680369,0.0,0.0,25.683286491704038,4.992404732635669,0.0,0.0,0.0,32.59,0.0,0.0,0.0,12.648722793660879,0.0,12.841643245852019,12.841643245852019,0.0,6.2146005795353165,4.992404732635669,5.106527394840706,0.0,0.0,4.166666666666666,8.702268518518519,0.0,0.0,0.20138888888888862,6.54425925925926,0.21875,0.0,0.8571428571428571,9,1,2,0,1,1,0,0,0,0,1,0,2,1,2,1,1,0,0,0,0,1,2.710783236337753,1,0.9921000000000001,37.833800000000004,0,1,1,0,0,0,0,0,0,0,0,0,0,0,1,1,0,0,0,0,0,0,0,0,0,0,0,0,0,0,0,0,0,0,0,0,0,0,0,0,0,0,0,0,0,0,0,0,0,0,0,0,0,0,0,0,0,0,0,0,0,0,0,0,0,0,0,0,0,0,0,0,0,0,0,0,0,0,0,0,0,0,0,0,0
OCC1CCCCOCC=COCCCCCC=N1,9.245147107281847,9.245147107281847,0.06843776245065891,0.06843776245065891,0.7959991766767682,24.57894736842105,269.38499999999993,242.16899999999995,269.199093724,110,0,1.105263157894737,2.0,2.8947368421052633,2.436441870021247,2.2799668218775295,253.77524166247372,13.598165549360939,11.798499441738171,11.798499441738171,9.431851652578137,7.400679704879901,7.400679704879901,4.830651091503612,4.830651091503612,3.1049382913086947,3.1049382913086947,1.9451942648329283,1.9451942648329283,-0.8700000000000001,16.18515719801434,12.178566101636559,9.67715437584168,116.06965314073847,14.580253302440804,0.0,0.0,0.0,0.0,0.0,4.992404732635669,0.0,0.0,0.0,0.0,57.23637204685127,6.606881964512918,32.1245671711075,14.580253302440804,6.2146005795353165,0.0,0.0,4.992404732635669,50.987592189630035,26.427527858051672,12.338100555254671,0.0,0.0,0.0,0.0,0.0,0.0,43.79049666157565,9.473725907600098,0.0,44.94575136048208,17.33050528789034,0.0,0.0,0.0,51.05,0.0,5.106527394840706,0.0,12.648722793660879,6.606881964512918,58.15951528950791,0.0,6.26208044842079,12.290620686369198,4.992404732635669,9.473725907600098,10.826494323994776,0.0,4.4307245212899975,9.245147107281847,0.0,0.0,0.06843776245065891,12.976193324539285,2.2863362937767695,0.0,0.8,19,1,4,0,1,1,0,0,0,0,1,0,4,1,4,1,1,0,0,0,0,1,10.374316147441917,1,2.7093000000000007,77.59580000000005,0,1,1,0,0,0,0,0,0,0,0,0,0,0,1,1,0,0,0,0,0,0,0,0,0,0,0,0,0,0,0,0,0,0,0,0,0,0,0,0,0,2,0,0,0,0,0,0,0,0,0,0,0,0,0,0,0,0,0,0,0,0,0,0,0,0,0,0,0,0,0,0,0,0,0,0,0,0,0,0,0,0,0,0,0
O=CC1CCCCCOCC=COCCCCCC=NC(CO)CC1,11.237183838946141,11.237183838946141,0.055149500571578525,-0.07089913556995131,0.7687953444586991,26.28,353.5030000000001,318.22300000000007,353.2566086,144,0,1.04,1.88,2.72,2.6347678003307906,2.392929666605468,370.7076540327685,18.003942943296753,15.48276861414093,15.48276861414093,12.363703305156275,9.786211879536475,9.786211879536475,6.657717170160313,6.657717170160313,4.455636671502433,4.455636671502433,2.8354182327056043,2.8354182327056043,-1.2000000000000002,21.84201680672269,16.278276545880658,12.763562962579577,152.05588581276527,19.374790486512623,6.286160523129555,0.0,0.0,0.0,0.0,4.992404732635669,0.0,0.0,0.0,12.841643245852019,63.657193669777286,12.52478801067431,32.12456717110751,19.374790486512623,12.500761102664871,0.0,0.0,10.910310778797061,70.25005705840807,26.427527858051672,12.338100555254671,0.0,0.0,0.0,0.0,0.0,0.0,50.076657184705205,14.268263091671919,5.917906046161393,64.20821622926012,17.33050528789034,0.0,0.0,0.0,68.12,0.0,9.901064578912528,0.0,18.566628839822272,6.606881964512918,83.7081406814155,0.0,6.26208044842079,12.290620686369198,4.992404732635669,9.473725907600098,10.963669872731783,0.0,15.700973780466061,9.451601368254716,0.0,0.08273969553641258,-0.07089913556995131,16.406681792875464,2.1318992923721876,0.0,0.8,25,1,5,0,1,1,0,0,0,0,2,0,5,1,5,1,2,0,0,0,0,2,14.222015595984203,1,3.6947000000000028,101.00080000000005,0,1,1,0,0,0,0,0,0,0,1,1,0,0,1,1,0,0,0,0,0,0,0,1,0,0,0,0,0,0,0,0,0,0,0,0,0,0,0,0,0,2,0,0,0,0,0,0,0,0,0,0,0,0,0,0,0,0,0,0,0,0,0,0,0,0,0,0,0,0,0,0,0,0,0,0,0,0,0,0,0,0,0,0,0
O=CC1CCCCCOCC=COCCCCCC=NC(CO)C23CC2C3CCC1,11.43361630603179,11.43361630603179,0.09314879034305412,0.09314879034305412,0.6576817519684316,37.1,419.6060000000002,378.2780000000002,419.303558792,170,0,1.0,1.8333333333333333,2.6666666666666665,3.6364941733026055,1.4371558520719634,563.3518778471781,21.072857044049098,18.55168271489327,18.55168271489327,14.824863723331184,12.247372297711385,12.247372297711385,9.402727555945186,9.402727555945186,7.39731861799151,7.39731861799151,5.334482714597904,5.334482714597904,-1.2000000000000002,23.462843649856637,12.605156435443554,6.648362427513008,181.86893407768983,19.374790486512623,6.286160523129555,0.0,0.0,0.0,0.0,4.992404732635669,0.0,0.0,0.0,19.26246486877803,81.91382738502608,17.93977848007109,32.12456717110751,19.374790486512623,12.500761102664871,0.0,0.0,28.16111334051663,83.0917003042601,26.427527858051672,12.338100555254671,0.0,0.0,0.0,0.0,0.0,0.0,50.076657184705205,14.268263091671919,23.16870860788096,77.04985947511214,17.33050528789034,0.0,0.0,0.0,68.12,0.0,9.901064578912528,0.0,18.566628839822272,12.021872433909698,95.54395277373828,12.841643245852019,6.26208044842079,12.290620686369198,0.0,14.466130640235768,11.112425587107502,0.0,16.188004522667864,9.87463393660294,0.30144936106885634,1.7105466289911702,0.09314879034305412,20.011898186737337,2.291226319814607,0.0,0.84,30,1,5,2,1,3,0,0,0,0,5,0,5,1,5,1,2,2,0,2,1,5,9.858427154226543,3,4.720900000000005,119.64780000000007,0,1,1,0,0,0,0,0,0,0,1,1,0,0,1,1,0,0,0,0,0,0,0,1,0,0,0,0,0,0,0,0,0,0,0,0,1,0,0,0,0,2,0,0,0,0,0,0,0,0,0,0,0,0,0,0,0,0,0,0,0,0,0,0,0,0,0,0,0,0,0,0,0,0,0,0,0,0,0,0,0,0,0,0,0
CC=CC=CCCCCCO,8.477823220350277,8.477823220350277,0.3319216899722852,0.3319216899722852,0.4604027602292404,11.818181818181818,154.25300000000001,136.10899999999998,154.135765196,64,0,1.0909090909090908,1.9090909090909092,2.5454545454545454,2.0339309928768716,3.006009918263069,114.04118472439221,8.36396103067893,7.292148578191201,7.292148578191201,5.414213562373096,4.301826325670327,4.301826325670327,2.5268778773132126,2.5268778773132126,1.468548659235958,1.468548659235958,0.836672367774678,0.836672367774678,-0.56,10.44,9.44,9.44,69.43875774522652,5.106527394840706,0.0,0.0,0.0,0.0,0.0,0.0,0.0,0.0,0.0,30.724902050261534,26.186202068468653,6.606881964512918,0.0,5.106527394840706,0.0,0.0,0.0,0.0,32.60702369139466,6.606881964512918,24.304080427335524,0.0,0.0,0.0,0.0,0.0,0.0,11.713409359353623,0.0,0.0,32.60702369139466,24.304080427335524,0.0,0.0,0.0,20.23,0.0,0.0,0.0,0.0,6.606881964512918,19.26246486877803,6.4208216229260096,0.0,19.075777413358384,12.152040213667762,5.106527394840706,0.0,0.0,0.0,8.477823220350277,0.0,0.0,0.0,12.680234630889393,2.3419421487603307,0.0,0.6,11,1,1,0,0,0,0,0,0,0,0,0,1,1,1,0,6,0,0,0,0,0,8.959418181818181,0,2.6714000000000016,49.50780000000003,0,1,1,0,0,0,0,0,0,0,0,0,0,0,0,0,0,0,0,0,0,0,0,0,0,0,4,0,0,0,0,0,0,0,0,0,0,0,0,0,0,0,0,0,0,0,0,0,0,0,0,0,0,0,0,0,0,0,0,0,0,0,0,0,0,0,0,0,0,0,0,0,0,0,0,0,0,0,0,0,0,0,0,3,0
OCCC=NN=CC1CN1,8.33164808515999,8.33164808515999,0.1395819160997731,0.1395819160997731,0.3115970230094647,24.7,141.174,130.08599999999998,141.090211972,56,0,1.6,2.4,3.0,2.7117752664169426,2.0075938367020627,139.92835504489474,7.234204518682008,5.695011937628394,5.695011937628394,4.931851652578136,3.3246839849603065,3.3246839849603065,2.0896087871136606,2.0896087871136606,1.0929531413896534,1.0929531413896534,0.455024946358363,0.455024946358363,-0.7400000000000001,7.3679913606911445,4.135790841626483,3.31790016280339,59.66300737404263,10.423315998847038,0.0,0.0,0.0,0.0,0.0,0.0,0.0,10.202815051479446,0.0,0.0,0.0,32.00166115242213,6.041840829147961,5.106527394840706,12.429201159070633,0.0,5.316788604006331,10.202815051479446,12.462662452073971,13.151638370425493,0.0,0.0,0.0,5.316788604006331,0.0,0.0,0.0,36.72920775348479,0.0,0.0,6.4208216229260096,10.202815051479446,0.0,0.0,0.0,66.89,0.0,0.0,0.0,6.606881964512918,12.462662452073971,6.544756405912575,0.0,12.429201159070633,0.0,15.519603655485778,5.106527394840706,0.0,0.0,0.0,18.811739890400602,0.0,0.0,0.4363671579743005,3.932727702191988,1.1524985827664398,0.0,0.6666666666666666,10,2,4,0,1,1,0,0,0,0,1,0,4,2,4,1,4,0,1,1,0,1,3.0472471190729484,1,-0.6028000000000002,40.47750000000002,0,1,1,0,0,0,0,0,0,0,0,0,0,0,0,2,1,0,0,0,0,0,0,0,0,0,0,0,0,0,0,0,0,0,0,0,0,0,0,0,0,0,0,0,0,0,0,0,0,0,0,0,0,0,0,0,0,0,0,0,0,0,0,0,0,0,0,0,0,0,0,0,0,0,0,0,0,0,0,0,0,0,0,0,0
CCNCC#CCO,8.164197845804988,8.164197845804988,0.03631519274376416,-0.03631519274376416,0.37675344417658396,7.75,113.15999999999998,102.07199999999997,113.084063972,46,0,1.5,2.25,2.75,1.8088121254443208,2.903769769889818,90.43699516085105,6.242640687119286,5.0685339390596,5.0685339390596,3.914213562373095,2.687548109576481,2.687548109576481,1.2919973594916034,1.2919973594916034,0.6674452891525278,0.6674452891525278,0.3059016994374947,0.3059016994374947,-0.52,7.4799999999999995,6.48,5.48,49.90728292747591,10.423315998847038,6.606881964512918,0.0,0.0,0.0,0.0,0.0,0.0,0.0,0.0,18.764605837401913,6.544756405912575,0.0,6.544756405912575,5.106527394840706,0.0,0.0,5.316788604006331,0.0,6.923737199690624,19.696394776338067,0.0,0.0,11.840868637711289,5.316788604006331,0.0,0.0,0.0,24.80292217117877,0.0,11.840868637711289,6.923737199690624,0.0,0.0,0.0,0.0,32.26,0.0,0.0,0.0,6.606881964512918,6.544756405912575,6.544756405912575,0.0,0.0,6.923737199690624,17.15765724171762,5.106527394840706,0.0,0.0,0.0,11.162531179138321,0.0,5.250972222222222,0.0,0.0,3.5864965986394557,0.0,0.6666666666666666,8,2,2,0,0,0,0,0,0,0,0,0,2,2,2,0,2,0,0,0,0,0,6.0588,0,-0.40840000000000004,33.40549999999999,0,1,1,0,0,0,0,0,0,0,0,0,0,0,0,0,1,0,0,0,0,0,0,0,0,0,0,0,0,0,0,0,0,0,0,0,0,0,0,0,0,0,0,0,0,0,0,0,0,0,0,0,0,0,0,0,0,0,0,0,0,0,0,0,0,0,0,0,0,0,0,0,0,0,0,0,0,0,0,0,0,0,0,0,0
OCC#CCNCCC=CN1CC=CC1,8.40428819120055,8.40428819120055,0.0520408950617286,-0.0520408950617286,0.3868751591943584,14.6,206.289,188.14499999999995,206.141913196,82,0,1.3333333333333333,2.1333333333333333,2.8666666666666667,2.7474861410730833,1.9186015440511857,265.0820441363827,10.769738424614747,8.946468954877707,8.946468954877707,7.431851652578137,5.262507288229026,5.262507288229026,3.287200624269877,3.287200624269877,2.0679565621996883,2.0679565621996883,1.29440249481513,1.29440249481513,-1.2399999999999998,11.832674418604652,8.100141450194991,5.947888118735344,91.4717320661612,15.323225729697516,6.606881964512918,0.0,0.0,0.0,0.0,0.0,0.0,0.0,0.0,30.06892895821293,19.165532918659032,13.08951281182515,6.544756405912575,5.106527394840706,0.0,0.0,10.216698334856808,0.0,6.4208216229260096,32.78590758816322,24.42801521032209,0.0,11.840868637711289,5.316788604006331,0.0,0.0,0.0,42.7923447138544,0.0,11.840868637711289,6.4208216229260096,24.42801521032209,0.0,0.0,0.0,35.5,0.0,0.0,0.0,6.606881964512918,6.544756405912575,26.055090840663738,0.0,0.0,0.0,46.485582182890184,5.106527394840706,0.0,0.0,2.255522001997922,11.57975729550894,0.0,5.403911823606087,0.0,9.664679894886042,3.596128984001007,0.0,0.5,15,2,3,0,1,1,0,0,0,0,0,0,3,2,3,1,5,0,0,0,0,0,6.389755768320097,1,0.34729999999999994,62.20150000000003,0,1,1,0,0,0,0,0,0,0,0,0,0,0,0,1,1,0,0,0,0,0,0,0,0,0,0,0,0,0,0,0,0,0,0,0,0,0,0,0,0,0,0,0,0,0,0,0,0,0,0,0,0,0,0,0,0,0,0,0,0,0,0,0,0,0,0,0,0,0,0,0,0,0,0,0,0,0,0,0,0,0,0,0,0
OCC#CCNCCC=CN1CC=CC1CC=C[N+]1=CS1,8.51414212075435,8.51414212075435,0.061650515438784526,-0.061650515438784526,0.2332112353550234,20.142857142857142,304.439,282.2629999999999,304.14780974409,112,0,1.4285714285714286,2.3333333333333335,3.142857142857143,3.208224111015261,1.592204412903193,499.38681582694517,14.752866087740191,12.111331917600033,12.92782849852776,10.398178147766924,7.2140675948147726,8.050620487275916,4.745370252396534,5.588644295108101,3.159588642792699,3.735555525140702,2.0372458773303457,2.3182909530931757,-1.4799999999999995,15.900363948641367,9.455146326599586,6.6736620301514336,130.59984784648333,15.323225729697516,6.606881964512918,6.199954889820448,0.0,17.494555529737294,0.0,0.0,0.0,0.0,3.9808321199255716,30.06892895821293,31.662374648418922,6.544756405912575,12.586597235060536,9.087359514766277,17.494555529737294,0.0,10.216698334856808,0.0,18.88348407499998,26.241151182250643,36.70399020697642,0.0,11.840868637711289,5.316788604006331,0.0,0.0,11.947922966381196,51.816893820371455,0.0,11.840868637711289,12.841643245852019,36.70399020697642,0.0,0.0,0.0,38.51,0.0,0.0,0.0,6.606881964512918,12.586597235060536,25.93115605767717,0.0,11.947922966381196,0.0,68.28902186282617,5.106527394840706,2.101387867221825,1.723377842115574,2.356145584764362,11.732044508369942,2.079955326169366,5.456582988409842,0.4776204216892347,15.261437111898246,2.4781150160282746,0.0,0.4375,21,2,4,0,2,2,0,0,0,0,1,0,4,2,5,2,8,0,0,0,0,1,7.159060370504425,2,1.3222999999999998,88.79490000000003,0,1,1,0,0,0,0,0,0,0,0,0,0,0,0,2,1,0,0,0,0,0,0,0,0,0,0,0,0,0,0,0,0,0,0,0,0,0,0,0,0,0,0,0,0,0,0,0,0,0,0,0,0,0,0,0,0,0,0,0,0,0,0,0,0,0,0,0,0,0,0,0,0,0,0,0,0,0,0,0,0,0,0,0,0
CCCC(C)C=NNCO,8.284183122323004,8.284183122323004,0.08795138888888898,-0.08795138888888898,0.3425675572212673,13.9,144.21800000000002,128.09,144.126263132,60,0,1.7,2.4,2.9,1.8918171912353576,3.2571540921174607,93.60689651177816,7.819990956308912,6.670448072938811,6.670448072938811,4.808060412490447,3.677625518280622,3.677625518280622,2.3603574281779296,2.3603574281779296,1.2350307599814,1.2350307599814,0.7506470841467979,0.7506470841467979,-0.5700000000000001,9.430000000000001,6.548623962040332,5.564589502018842,62.13845815610834,5.106527394840706,6.730816747499484,0.0,0.0,0.0,0.0,5.425791397110385,0.0,5.101407525739723,0.0,20.268296022307258,12.338727669087403,6.2146005795353165,0.0,5.106527394840706,6.2146005795353165,0.0,5.425791397110385,11.019313571901115,26.689117645233267,6.730816747499484,0.0,0.0,0.0,5.425791397110385,0.0,0.0,0.0,18.051944721875508,0.0,5.917906046161393,26.689117645233267,5.101407525739723,0.0,0.0,0.0,44.620000000000005,0.0,0.0,0.0,6.730816747499484,5.917906046161393,6.4208216229260096,6.4208216229260096,0.0,6.2146005795353165,24.374673322231356,5.106527394840706,0.0,0.0,0.0,12.067562751952632,2.462565192743764,0.5037499999999998,0.0,4.14150817271353,4.157947215923405,0.0,0.8571428571428571,10,2,3,0,0,0,0,0,0,0,1,0,3,2,3,0,5,0,0,0,0,1,6.175352396204034,0,0.9478,42.785500000000006,0,1,1,0,0,0,0,0,0,0,0,0,0,0,0,1,1,0,0,0,0,0,0,0,0,0,0,0,0,0,0,0,0,0,0,0,0,0,0,0,0,0,0,0,0,0,1,0,0,0,0,0,0,0,0,0,0,0,0,0,0,0,0,0,0,0,0,0,0,0,0,0,0,0,0,0,0,0,0,0,0,0,0,0,0
OCCC=CCCCCCCNCCCCCF,11.801735250483866,11.801735250483866,0.17385831232365323,-0.17385831232365323,0.36884458382205154,11.444444444444445,259.40899999999993,229.16899999999995,259.2311428,108,0,0.7777777777777778,1.3888888888888888,2.0555555555555554,2.391145174031294,2.942685036917619,173.8765366026901,13.313708498984765,11.672266762313557,11.672266762313557,8.914213562373096,7.44042570337687,7.44042570337687,4.686217558388166,4.686217558388166,2.923960992248271,2.923960992248271,1.8222477612828902,1.8222477612828902,-0.41000000000000003,17.590000000000003,16.59,15.59,111.66846893592813,10.423315998847038,0.0,0.0,0.0,0.0,0.0,4.39041504767482,0.0,0.0,0.0,24.993683459519783,58.03526417230722,6.606881964512918,6.674590972274908,9.496942442515525,0.0,0.0,5.316788604006331,0.0,57.787394606334104,26.370985748612974,12.152040213667762,0.0,0.0,5.316788604006331,4.39041504767482,0.0,0.0,31.477513143453685,0.0,0.0,57.787394606334104,12.152040213667762,0.0,0.0,0.0,32.26,0.0,4.39041504767482,0.0,13.281472936787825,6.4208216229260096,38.7727993035292,25.683286491704038,0.0,0.0,17.468828817674094,5.106527394840706,11.801735250483866,0.0,0.0,11.979648340652314,0.0,0.0,0.0,14.010160867307839,2.208455541555984,0.0,0.8666666666666667,18,2,2,0,0,0,0,0,0,0,0,0,2,2,3,0,14,0,0,0,0,0,16.21211666666667,0,3.6049000000000024,76.62350000000006,0,1,1,0,0,0,0,0,0,0,0,0,0,0,0,0,1,0,0,0,0,0,0,0,0,1,1,0,0,0,0,0,0,0,0,0,0,0,0,0,0,0,0,0,1,0,0,0,0,0,0,0,0,0,0,0,0,0,0,0,0,0,0,0,0,0,0,0,0,0,0,0,0,0,0,0,0,0,0,0,0,0,0,6,0
NCCC=[N+]CCCCO,8.397084041950112,8.397084041950112,0.270246913580247,0.270246913580247,0.3903123930264161,11.0,144.21800000000002,128.08999999999997,144.12571455209,59,1,1.4,2.2,2.8,1.9671544718900458,2.875473646773731,83.67529210449095,7.6568542494923815,6.291768416498453,6.291768416498453,4.914213562373096,3.707151002708563,3.707151002708563,2.096819017546242,2.096819017546242,1.120192767304246,1.120192767304246,0.572003675752555,0.572003675752555,-0.41,9.59,8.59,7.589999999999999,61.95835064927804,10.84019487200289,0.0,0.0,12.75935698544789,0.0,0.0,0.0,0.0,0.0,0.0,0.0,6.4208216229260096,30.985686348913184,0.0,5.106527394840706,6.2146005795353165,0.0,4.992404732635669,5.733667477162185,19.26246486877803,19.696394776338067,0.0,0.0,0.0,10.726072209797854,0.0,0.0,0.0,31.017522750714093,0.0,0.0,19.26246486877803,0.0,0.0,0.0,0.0,60.35000000000001,0.0,0.0,0.0,6.606881964512918,6.544756405912575,25.807221274690605,0.0,0.0,6.2146005795353165,4.992404732635669,10.84019487200289,0.0,0.0,4.0825000000000005,8.397084041950112,5.238169327916351,0.0,0.0,4.5218608276643995,1.760385802469136,0.0,0.8571428571428571,10,3,3,0,0,0,0,0,0,0,0,0,3,2,3,0,6,0,0,0,0,0,8.23781,0,-0.4857000000000002,43.05620000000002,0,1,1,0,0,0,0,0,0,0,0,0,0,0,1,1,0,1,0,0,0,0,0,0,0,0,0,0,0,0,0,0,0,0,0,0,0,0,0,0,0,0,0,0,0,0,0,0,0,0,0,0,0,0,0,0,0,0,0,0,0,0,0,0,0,0,0,0,0,0,0,0,0,0,0,0,0,0,0,0,0,0,0,1,0
CC=[N+](N)CCCO,8.314549319727892,8.314549319727892,0.20986111111111105,0.20986111111111105,0.2231409053071244,12.0,117.172,104.06799999999998,117.10223945608999,48,0,1.75,2.375,2.75,1.8266332986704337,3.1166532569232483,80.49785513558373,6.405777393935816,5.170448072938811,5.170448072938811,3.808060412490447,2.726203580717624,2.726203580717624,1.5731854460104895,1.5731854460104895,0.9060720400990404,0.9060720400990404,0.38238430882729063,0.38238430882729063,-0.5700000000000001,7.43,4.58552099533437,3.614162062615101,49.408573927315125,5.106527394840706,0.0,12.75935698544789,0.0,0.0,0.0,0.0,5.842670270266239,0.0,4.684528652583869,0.0,0.0,19.951440787129552,0.0,9.791056047424576,6.2146005795353165,0.0,0.0,5.842670270266239,13.344558822616634,13.151638370425493,0.0,0.0,0.0,5.842670270266239,0.0,0.0,0.0,29.157294997385385,0.0,0.0,13.344558822616634,0.0,0.0,0.0,0.0,49.260000000000005,0.0,0.0,0.0,6.606881964512918,0.0,12.965578028838586,0.0,10.899129232119186,6.923737199690624,0.0,10.949197665106944,1.5518055555555557,0.0,0.0,8.314549319727892,0.0,5.325694444444444,0.0,2.510416666666667,2.7975340136054423,0.0,0.8,8,3,3,0,0,0,0,0,0,0,0,0,2,2,3,0,3,0,0,0,0,0,4.258802624416797,0,-0.6543000000000001,32.75559999999999,0,1,1,0,0,0,0,0,0,0,0,0,0,0,0,1,0,1,0,0,0,0,0,0,0,0,0,0,0,0,0,0,0,0,0,0,0,0,0,0,0,0,0,0,0,1,1,0,0,0,0,0,0,0,0,0,0,0,0,0,0,0,0,0,0,0,0,0,0,0,0,0,0,0,0,0,0,0,0,0,0,0,0,0,0
CCCC=CCCCO,8.388893061854372,8.388893061854372,0.3159375,0.3159375,0.4438835716658288,10.88888888888889,128.215,112.08699999999997,128.120115132,54,0,1.2222222222222223,1.8888888888888888,2.4444444444444446,1.88523483624215,2.859350489796422,66.96788691072805,6.949747468305834,6.137448039811948,6.137448039811948,4.414213562373095,3.673164461464445,3.673164461464445,2.1259149783239097,2.1259149783239097,1.1509131628351632,1.1509131628351632,0.611507150177468,0.611507150177468,-0.3,8.699999999999998,7.6999999999999975,7.6999999999999975,57.39847654861755,5.106527394840706,0.0,0.0,0.0,0.0,0.0,0.0,0.0,0.0,0.0,25.496599036284394,19.26246486877803,6.606881964512918,0.0,5.106527394840706,0.0,0.0,0.0,0.0,32.60702369139466,6.606881964512918,12.152040213667762,0.0,0.0,0.0,0.0,0.0,0.0,11.713409359353623,0.0,0.0,32.60702369139466,12.152040213667762,0.0,0.0,0.0,20.23,0.0,0.0,0.0,0.0,6.606881964512918,12.841643245852019,12.841643245852019,0.0,0.0,19.075777413358384,5.106527394840706,0.0,0.0,0.0,8.388893061854372,0.0,0.0,0.0,8.632091128117914,2.4790158100277147,0.0,0.75,9,1,1,0,0,0,0,0,0,0,0,0,1,1,1,0,5,0,0,0,0,0,7.443333333333328,0,2.1152,40.3678,0,1,1,0,0,0,0,0,0,0,0,0,0,0,0,0,0,0,0,0,0,0,0,0,0,0,2,0,0,0,0,0,0,0,0,0,0,0,0,0,0,0,0,0,0,0,0,0,0,0,0,0,0,0,0,0,0,0,0,0,0,0,0,0,0,0,0,0,0,0,0,0,0,0,0,0,0,0,0,0,0,0,0,2,0
CC=CC=C=CCC=CCCCO,8.4994119904189,8.4994119904189,0.27914362523399316,0.27914362523399316,0.2867651847160658,10.615384615384615,178.27499999999995,160.13099999999997,178.135765196,72,0,1.3076923076923077,2.1538461538461537,2.8461538461538463,2.155710272483118,3.427119714133142,205.16436636179586,9.778174593052025,8.239742335383905,8.239742335383905,6.414213562373096,4.695673175787679,4.695673175787679,2.636183005753087,2.636183005753087,1.4522565649169048,1.4522565649169048,0.779119143830406,0.779119143830406,-1.04,11.96,10.96,10.96,80.78943590965125,5.106527394840706,0.0,0.0,0.0,0.0,0.0,0.0,0.0,0.0,5.731218590741754,24.304080427335524,38.33824228213641,6.606881964512918,0.0,5.106527394840706,0.0,0.0,0.0,0.0,26.186202068468653,6.606881964512918,42.18733923174504,0.0,0.0,0.0,0.0,0.0,0.0,11.713409359353623,0.0,0.0,26.186202068468653,42.18733923174504,0.0,0.0,0.0,20.23,0.0,0.0,0.0,6.606881964512918,0.0,19.26246486877803,0.0,0.0,31.227817627026145,17.883258804409515,5.106527394840706,0.0,0.0,0.0,8.4994119904189,3.039767731166541,0.0,0.0,14.702536756973986,2.258283521440573,0.0,0.4166666666666667,13,1,1,0,0,0,0,0,0,0,0,0,1,1,1,0,6,0,0,0,0,0,10.083200000000001,0,2.9926000000000026,57.54380000000003,0,1,1,0,0,0,0,0,0,0,0,0,0,0,0,0,0,0,0,0,0,0,0,0,0,0,5,0,0,0,0,0,0,0,0,0,0,0,0,0,0,0,0,0,0,0,0,0,0,0,0,0,0,0,0,0,0,0,0,0,0,0,0,0,0,0,0,0,0,0,0,0,0,0,0,0,0,0,0,0,0,0,0,1,0
CO[N+]C=CO,7.843055555555555,7.843055555555555,0.7951388888888888,0.7951388888888888,0.38626540402460546,10.166666666666666,88.08599999999998,82.03799999999998,88.03930485209,34,2,1.8333333333333333,2.5,2.6666666666666665,1.6143308351592656,2.6580999362490196,44.05785641096992,4.82842712474619,3.4573760198430303,3.4573760198430303,2.914213562373095,1.4405535891265744,1.4405535891265744,0.5861258381739733,0.5861258381739733,0.23293398395063117,0.23293398395063117,0.08807461464260935,0.08807461464260935,-0.54,5.46,4.46,3.46,36.191211889227425,5.106527394840706,13.371877989698323,0.0,0.0,6.199954889820448,5.480096598121202,0.0,0.0,0.0,0.0,4.8375885837366335,0.0,0.0,0.0,9.94411597857734,0.0,0.0,5.480096598121202,0.0,0.0,7.109797541277533,12.46203533824124,0.0,0.0,5.480096598121202,0.0,0.0,0.0,12.216324936118239,4.8375885837366335,0.0,0.0,12.46203533824124,0.0,0.0,0.0,43.56,0.0,0.0,0.0,0.0,0.0,12.46203533824124,7.109797541277533,0.0,0.0,10.317685181857836,5.106527394840706,0.0,0.0,4.160416666666666,7.843055555555555,3.1597222222222223,0.0,0.0,1.9340277777777777,0.0,1.4027777777777777,0.3333333333333333,6,1,3,0,0,0,0,0,0,0,0,0,2,1,3,0,2,0,0,0,0,0,4.0586,0,0.18140000000000006,20.911799999999996,0,1,1,0,0,0,0,0,0,0,0,0,0,0,0,1,0,0,1,0,0,0,0,0,0,0,0,0,0,0,0,0,0,0,0,0,0,0,0,0,0,0,0,0,0,0,0,0,0,0,0,0,0,0,0,0,0,0,0,0,0,0,0,0,0,0,0,0,0,0,0,0,0,0,0,0,0,0,0,0,0,0,0,0,0
O=CC=CCCO,9.51124149659864,9.51124149659864,0.11541666666666672,0.11541666666666672,0.40385339810238935,9.857142857142858,100.117,92.05299999999998,100.052429496,40,0,1.5714285714285714,2.2857142857142856,2.7142857142857144,1.690933805959686,2.9211959005655155,66.48040587771368,5.535533905932738,4.001726255905793,4.001726255905793,3.414213562373095,2.1268449835428838,2.1268449835428838,1.0765170459581375,1.0765170459581375,0.5104162951600403,0.5104162951600403,0.22631619967048622,0.22631619967048622,-0.6300000000000001,6.370000000000001,5.37,5.37,42.4651723054715,5.106527394840706,6.286160523129555,0.0,0.0,0.0,0.0,4.794537184071822,0.0,0.0,0.0,6.076020106833881,12.49684172975989,6.606881964512918,0.0,9.901064578912528,6.286160523129555,0.0,0.0,0.0,6.4208216229260096,6.606881964512918,12.152040213667762,0.0,0.0,0.0,0.0,0.0,0.0,17.99956988248318,4.794537184071822,0.0,6.4208216229260096,12.152040213667762,0.0,0.0,0.0,37.3,0.0,4.794537184071822,0.0,6.606881964512918,12.706982146055566,0.0,6.076020106833881,6.076020106833881,0.0,0.0,5.106527394840706,0.0,0.0,9.51124149659864,8.125702947845806,0.0,0.0,0.0,4.247638888888888,0.11541666666666672,0.0,0.4,7,1,2,0,0,0,0,0,0,0,0,0,2,1,2,0,3,0,0,0,0,0,4.8867,0,0.12389999999999995,26.90679999999999,0,1,1,0,0,0,0,0,0,0,1,1,0,0,0,0,0,0,0,0,0,0,0,1,0,0,1,0,0,0,0,0,0,0,0,0,0,0,0,0,0,0,0,0,0,0,0,0,0,0,0,0,0,0,0,0,0,0,0,0,0,0,0,0,0,0,0,0,0,0,0,0,0,0,0,0,0,0,0,0,0,0,0,0,0
C=CC=C(CCO)OCC,8.534801587301587,8.534801587301587,0.12467592592592602,0.12467592592592602,0.4650516215819149,11.2,142.19799999999998,128.08599999999998,142.099379688,58,0,1.7,2.4,2.8,1.8962594154766206,3.71151364704475,108.42599881712918,7.819990956308912,6.338589549089262,6.338589549089262,4.846065214951232,3.399943976015413,3.399943976015413,1.775301269431477,1.775301269431477,0.9916796541745604,0.9916796541745604,0.6306491700251606,0.6306491700251606,-0.76,9.24,6.361359223300972,4.151961542086908,61.82241874594017,9.843390348640755,0.0,0.0,0.0,0.0,0.0,0.0,0.0,0.0,0.0,12.654955790432378,12.999757306524504,6.4208216229260096,18.972928800682013,9.843390348640755,0.0,0.0,0.0,0.0,13.344558822616634,13.213763929025836,24.490140768922434,0.0,0.0,0.0,0.0,0.0,0.0,18.32029132386654,4.736862953800049,0.0,13.344558822616634,24.490140768922434,0.0,0.0,0.0,29.46,0.0,0.0,0.0,6.606881964512918,13.027703587438928,5.759164871656176,0.0,12.152040213667762,6.923737199690624,6.578935683598497,9.843390348640755,5.152638888888889,0.0,0.0,8.534801587301587,0.0,0.7916666666666667,0.0,3.9863425925925924,6.201216931216932,0.0,0.5,10,1,2,0,0,0,0,0,0,0,0,0,2,1,2,0,5,0,0,0,0,0,5.877895922330098,0,1.4751999999999998,41.60880000000001,0,1,1,0,0,0,0,0,0,0,0,0,0,0,0,0,0,0,0,0,0,0,0,0,0,0,2,0,0,0,0,0,0,0,0,0,0,0,0,0,0,1,0,0,0,0,0,0,0,0,0,0,0,0,0,0,0,0,0,0,0,0,0,0,0,0,0,0,0,0,0,0,0,0,0,0,0,0,0,0,0,0,0,0,0
CCCCC=CCC(O)O,8.413198617409927,8.413198617409927,0.3509070294784582,-1.1825217309145886,0.3479634450305764,11.6,144.21399999999997,128.08599999999998,144.115029752,60,0,1.3,2.0,2.5,1.8709889548563379,3.0414485981633383,87.25838096618136,7.819990956308912,6.454905123314985,6.454905123314985,4.770055610029662,3.7815827654057923,3.7815827654057923,2.32995373188267,2.32995373188267,1.237912143324385,1.237912143324385,0.6577675743824221,0.6577675743824221,-0.33999999999999997,9.660000000000002,6.775473441108545,7.659999999999999,62.19271030081356,10.213054789681411,0.0,6.290026729335213,0.0,0.0,0.0,0.0,0.0,0.0,0.0,31.917420659210403,6.4208216229260096,6.4208216229260096,0.0,10.213054789681411,0.0,0.0,0.0,0.0,38.89705042072987,0.0,12.152040213667762,0.0,0.0,0.0,0.0,0.0,0.0,16.503081519016625,0.0,0.0,32.60702369139466,12.152040213667762,0.0,0.0,0.0,40.46,6.290026729335213,0.0,0.0,0.0,6.4208216229260096,6.4208216229260096,12.841643245852019,6.076020106833881,6.076020106833881,6.923737199690624,10.213054789681411,0.0,0.0,0.0,16.826397234819854,0.0,0.0,0.0,6.373275226757369,2.13366087175611,0.0,0.75,10,2,2,0,0,0,0,0,0,0,0,0,2,2,2,0,5,0,0,0,0,0,6.545107344110856,0,1.4335999999999998,41.507600000000004,0,2,1,0,0,0,0,0,0,0,0,0,0,0,0,0,0,0,0,0,0,0,0,0,0,0,1,0,0,0,0,0,0,0,0,0,0,0,0,0,0,0,0,0,0,0,0,0,0,0,0,0,0,0,0,0,0,0,0,0,0,0,0,0,0,0,0,0,0,0,0,0,0,0,0,0,0,0,0,0,0,0,0,2,0
CCCC=CCCCONCC=CCC(O)O,8.559933976799924,8.559933976799924,0.25387230374243375,-1.2619663829541803,0.22440175938040952,12.235294117647058,243.347,218.14699999999996,243.18344366,100,0,1.1176470588235294,1.8823529411764706,2.588235294117647,2.300533223291743,3.105388960453272,202.84125568329918,12.769738424614747,10.639174295717744,10.639174295717744,8.270055610029663,6.277765350086871,6.277765350086871,3.786956812327191,3.786956812327191,2.0560133967196865,2.0560133967196865,1.156203547510336,1.156203547510336,-0.68,16.32,13.38527415143603,15.319999999999999,103.94526375320525,15.050643373418046,0.0,6.290026729335213,0.0,0.0,0.0,0.0,0.0,5.480096598121202,0.0,37.648639249952154,19.26246486877803,12.965578028838586,6.606881964512918,15.050643373418046,0.0,0.0,5.480096598121202,0.0,45.31787204365588,13.151638370425493,24.304080427335524,0.0,0.0,5.480096598121202,0.0,0.0,0.0,29.654719889442113,4.8375885837366335,0.0,39.02784531432067,24.304080427335524,0.0,0.0,0.0,61.72,6.290026729335213,0.0,0.0,6.4208216229260096,13.151638370425493,19.26246486877803,6.4208216229260096,12.152040213667762,0.0,24.555874011479588,15.050643373418046,0.0,0.0,5.187094198790627,17.119867953599847,2.7870305807508187,0.0,0.0,11.302831246450543,3.4365093537414966,0.0,0.6923076923076923,17,3,4,0,0,0,0,0,0,0,0,0,4,3,4,0,11,0,0,0,0,0,12.84986318537859,0,1.9011000000000005,69.21930000000003,0,2,1,0,0,0,0,0,0,0,0,0,0,0,0,0,1,0,1,0,0,0,0,0,0,0,2,0,0,0,0,0,0,0,0,0,0,0,0,0,0,0,0,0,0,0,0,0,0,0,0,0,0,0,0,0,0,0,0,0,0,0,0,0,0,0,0,0,0,0,0,0,0,0,0,0,0,0,0,0,0,0,0,2,0
C=CCCCC[N+]C(C)CCCONCC=CCC(O)O,8.620495073295373,8.620495073295373,0.2435498601837025,-1.2739104725962023,0.18676244297818378,13.142857142857142,299.43499999999995,268.18699999999995,299.23291927209,122,2,1.2380952380952381,2.0476190476190474,2.761904761904762,2.44652550890584,3.2244226737208663,257.9066437195273,15.76130225617747,13.207708234777344,13.207708234777344,10.163902460147014,7.797350450984477,7.797350450984477,5.066536556948634,5.066536556948634,2.942248090647765,2.942248090647765,1.7348339854958206,1.7348339854958206,-0.7200000000000001,20.280000000000005,15.664751545425194,17.22828799754847,128.58995228000316,15.050643373418046,0.0,18.876623964395748,0.0,0.0,0.0,0.0,0.0,5.480096598121202,6.578935683598497,18.228060320501644,26.186202068468653,25.807221274690605,11.923670568519249,15.050643373418046,0.0,0.0,10.796885202127534,0.0,57.78053449572987,19.696394776338067,24.80699600410014,0.0,0.0,10.796885202127534,0.0,0.0,0.0,42.24131712450265,4.8375885837366335,0.0,45.448666937246685,24.80699600410014,0.0,0.0,0.0,75.82000000000001,6.290026729335213,0.0,0.0,6.4208216229260096,19.193479199573453,32.22804289761662,6.4208216229260096,12.152040213667762,6.076020106833881,24.299558085416656,15.050643373418046,0.0,0.0,5.269691510289454,21.842945216944813,2.809123122787167,0.0,0.39191552238179206,9.83963895001719,8.013352344246247,0.0,0.75,21,3,5,0,0,0,0,0,0,0,1,0,4,3,5,0,15,0,0,0,0,1,15.127674349582048,0,1.8940000000000001,85.68230000000004,0,2,1,0,0,0,0,0,0,0,0,0,0,0,0,1,1,0,1,0,0,0,0,0,0,0,1,0,0,0,0,0,0,0,0,0,0,0,0,0,0,0,0,0,0,0,0,0,0,0,0,0,0,0,0,0,0,0,0,0,0,0,0,0,0,0,0,0,0,0,0,0,0,0,0,0,0,0,0,0,0,0,0,2,0
C=CCCCC[N+]C(CCCCCCO[N+]=C)CCCONCC=CCC(O)O,8.734678713840113,8.734678713840113,0.23197692208037823,-1.2897139821159127,0.07878497816254122,12.517241379310345,412.5950000000001,370.2590000000001,412.31643466417995,167,3,0.9310344827586207,1.7241379310344827,2.4827586206896552,2.703707423501107,3.842478113777674,392.2536658503621,21.418156505669845,18.012917589046996,18.012917589046996,14.201907262607799,10.915725558705422,10.915725558705422,7.036550429114478,7.036550429114478,4.418481848793316,4.418481848793316,2.8375368514153374,2.8375368514153374,-1.25,27.75,23.033093904715525,22.899532710280372,176.74251118122777,15.050643373418046,0.0,25.483505928908667,0.0,11.873228883050473,0.0,0.0,4.8375885837366335,5.480096598121202,6.578935683598497,24.64888194342765,38.524929737556064,32.22804289761662,11.923670568519249,19.88823195715468,6.717516156299933,0.0,15.952597928878072,0.0,82.9609054106693,26.303276740850986,24.80699600410014,0.0,0.0,15.952597928878072,0.0,0.0,0.0,55.565715245315495,9.675177167473267,0.0,70.62903785218613,24.80699600410014,0.0,0.0,0.0,99.15000000000002,6.290026729335213,0.0,0.0,6.4208216229260096,25.80036116408637,57.91132938932067,12.841643245852019,6.076020106833881,12.152040213667762,23.932261164770175,25.205020561161007,0.0,0.0,10.328305502380111,25.771342802249904,2.8618163882928287,0.0,0.40218571533551684,15.4578132456741,9.845203012734205,0.0,0.7727272727272727,29,3,7,0,0,0,0,0,0,0,1,0,6,3,7,0,23,0,0,0,0,1,22.040288132960544,0,2.792600000000002,118.30030000000008,0,2,1,0,0,0,0,0,0,0,0,0,0,0,0,2,1,0,1,0,0,0,0,0,0,0,1,0,0,0,0,0,0,0,0,0,0,0,0,0,0,0,0,0,0,0,0,0,0,0,0,0,0,0,0,0,0,0,0,0,0,0,0,1,0,0,0,0,0,0,0,0,0,0,0,0,0,0,0,0,0,0,0,5,0
C=CCCCC[N+]C(CCCCCC1O[N+]=CCCC1CCCC)CCCONCC=CCC(O)O,8.81015486590617,8.81015486590617,0.23484096127020826,-1.2901493146323444,0.0726283149612854,19.0,508.76800000000037,454.3360000000003,508.4103350481799,207,3,1.1111111111111112,1.9722222222222223,2.7777777777777777,3.098519127960199,2.2593479477453604,556.6373637602914,26.10839094998183,22.866288740175513,22.866288740175513,17.668233757796582,14.478157084611782,14.478157084611782,9.920851974963565,9.920851974963565,6.721808054373092,6.721808054373092,4.594548405023863,4.594548405023863,-1.25,32.77877697841727,24.107544224765867,18.940254222094733,220.29127482847483,15.050643373418046,0.0,24.980590352144052,0.0,11.370313306285857,0.0,0.0,4.8375885837366335,5.480096598121202,6.578935683598497,44.41426238897029,51.36657298340809,44.56677056670402,11.923670568519249,19.88823195715468,6.2146005795353165,0.0,15.952597928878072,5.917906046161393,128.09271711273828,19.696394776338067,24.80699600410014,0.0,0.0,15.952597928878072,0.0,0.0,0.0,54.559884091786266,9.675177167473267,5.917906046161393,109.65688316650682,24.80699600410014,0.0,0.0,0.0,99.15000000000002,6.290026729335213,0.0,0.0,12.524788010674312,25.111385245734848,57.91132938932067,44.94575136048208,6.076020106833881,18.36664079320308,24.138482208160866,25.205020561161007,0.0,0.0,11.343342635140537,26.80587284582206,2.89905091752965,0.6492005164064742,0.4021314761110033,24.025202684915893,8.208532257407716,0.0,0.8275862068965517,36,3,7,0,1,1,0,0,0,0,3,0,6,3,7,1,24,0,0,0,0,3,21.950439323359213,1,5.131600000000007,148.41329999999994,0,2,1,0,0,0,0,0,0,0,0,0,0,0,0,2,1,0,1,0,0,0,0,0,0,0,1,0,0,0,0,0,0,0,0,0,0,0,0,0,0,0,0,0,0,0,0,0,0,0,0,0,0,0,0,0,0,0,0,0,0,0,0,1,0,0,0,0,0,0,0,0,0,0,0,0,0,0,0,0,0,0,0,5,0
C=CCCCC[N+]C(CCCCCC1O[N+]=CCCC1C(=CC)CCCC)CCCONCC=CCC(O)O,8.834962580862568,8.834962580862568,0.19939898978546977,-1.2940165592077786,0.05558876350814014,18.94871794871795,548.8330000000005,490.36900000000037,548.44163517618,223,3,1.1538461538461537,2.0,2.769230769230769,3.1686815770064922,2.37833691174056,665.7995503039157,28.392848000357997,24.943639009365135,24.943639009365135,19.116922162780327,15.578162723120444,15.578162723120444,10.592180349002364,10.592180349002364,7.3226148340660755,7.3226148340660755,5.06524211437306,5.06524211437306,-1.5099999999999998,35.51667377967458,25.45730348026457,19.24668386659496,238.69649813948038,15.050643373418046,0.0,24.980590352144052,0.0,11.370313306285857,0.0,0.0,4.8375885837366335,5.480096598121202,6.578935683598497,49.64256540294743,64.71113180602472,44.56677056670402,11.923670568519249,19.88823195715468,6.2146005795353165,0.0,15.952597928878072,5.917906046161393,135.0164543124289,19.696394776338067,36.45612064100329,0.0,0.0,15.952597928878072,0.0,0.0,0.0,54.559884091786266,9.675177167473267,5.917906046161393,116.58062036619744,36.45612064100329,0.0,0.0,0.0,99.15000000000002,6.290026729335213,0.0,0.0,12.524788010674312,25.111385245734848,64.33215101224668,38.524929737556064,11.64912463690315,18.36664079320308,37.13823951468537,25.205020561161007,0.0,0.0,11.488711187789146,26.938768590409296,4.460609538496755,0.49327459048054834,0.38742500344901387,25.854132172304418,10.377078917070822,0.0,0.78125,39,3,7,0,1,1,0,0,0,0,3,0,6,3,7,1,25,0,0,0,0,3,23.1835575133008,1,6.0779000000000085,162.17029999999977,0,2,1,0,0,0,0,0,0,0,0,0,0,0,0,2,1,0,1,0,0,0,0,0,0,0,2,0,0,0,0,0,0,0,0,0,0,0,0,0,0,0,0,0,0,0,0,0,0,0,0,0,0,0,0,0,0,0,0,0,0,0,0,1,0,0,0,0,0,0,0,0,0,0,0,0,0,0,0,0,0,0,0,5,0
OCB1CCCCC1,8.691018518518518,8.691018518518518,0.41666666666666674,0.41666666666666674,0.5049250256614466,21.375,111.98100000000001,98.87699999999998,112.10594543599998,46,0,1.125,1.75,2.125,1.9034911933164034,2.1250162554146717,59.548875021634686,5.819990956308912,5.267204551808868,5.267204551808868,3.931851652578137,3.540972637408427,3.540972637408427,2.6866100305889407,2.6866100305889407,1.9829437611387501,1.9829437611387501,1.3697138522135368,1.3697138522135368,0.024935064935064845,6.149546665142211,3.1308256535293437,1.5137360085245337,51.17516202621016,5.106527394840706,0.0,6.712752285302701,0.0,0.0,0.0,0.0,0.0,0.0,0.0,31.902811652065722,0.0,6.506233733230755,0.0,5.106527394840706,6.712752285302701,0.0,0.0,0.0,31.902811652065722,6.506233733230755,0.0,0.0,0.0,0.0,0.0,0.0,0.0,18.32551341337416,0.0,0.0,19.26246486877803,0.0,12.640346783287693,0.0,0.0,20.23,0.0,0.0,0.0,0.0,13.218986018533457,0.0,31.902811652065722,0.0,0.0,0.0,5.106527394840706,0.0,0.0,0.0,8.691018518518518,0.0,0.0,0.0,6.583287037037038,1.0590277777777777,0.0,1.0,8,1,1,0,1,1,0,0,0,0,0,0,1,1,2,1,1,0,1,1,0,0,2.406644807100382,1,1.1965999999999999,36.3048,0,1,1,0,0,0,0,0,0,0,0,0,0,0,0,0,0,0,0,0,0,0,0,0,0,0,0,0,0,0,0,0,0,0,0,0,0,0,0,0,0,0,0,0,0,0,0,0,0,0,0,0,0,0,0,0,0,0,0,0,0,0,0,0,0,0,0,0,0,0,0,0,0,0,0,0,0,0,0,0,0,0,0,0,0
OCB1CCCCC=CCCCCCOCCC1,9.323816515625229,9.323816515625229,0.3430945294784582,0.3430945294784582,0.568940771851442,21.944444444444443,252.20699999999988,222.97499999999994,252.22606056799998,104,0,0.8333333333333334,1.5,2.2777777777777777,2.3871543281909804,2.218412349788873,206.6702823118749,12.891058768174391,11.77990084895782,11.77990084895782,8.931851652578137,7.768152820859113,7.768152820859113,5.408397428045214,5.408397428045214,3.7185423207922392,3.7185423207922392,2.477037564099171,2.477037564099171,-0.2750649350649352,15.78135276104151,11.795097118260925,8.763235298690812,112.88358325310227,9.843390348640755,0.0,6.712752285302701,0.0,0.0,0.0,0.0,0.0,0.0,0.0,44.05485186573348,32.10410811463005,19.719997662256592,0.0,9.843390348640755,6.712752285302701,0.0,0.0,0.0,64.00691976669579,19.719997662256592,12.152040213667762,0.0,0.0,0.0,0.0,0.0,0.0,31.5392773424,4.736862953800049,0.0,51.36657298340809,12.152040213667762,12.640346783287693,0.0,0.0,29.46,0.0,5.106527394840706,0.0,0.0,13.218986018533457,25.954758943595692,51.265924752125926,0.0,0.0,12.152040213667762,4.736862953800049,5.627564799067775,0.0,0.0,9.323816515625229,0.0,0.0,0.0,16.766011789153474,2.6159402294868563,0.0,0.8666666666666667,18,1,2,0,1,1,0,0,0,0,0,0,2,1,3,1,1,0,0,0,0,0,10.341254915223324,1,3.7199000000000026,79.34880000000005,0,1,1,0,0,0,0,0,0,0,0,0,0,0,0,0,0,0,0,0,0,0,0,0,0,0,2,0,0,0,0,0,0,0,0,0,0,0,0,0,0,1,0,0,0,0,0,0,0,0,0,0,0,0,0,0,0,0,0,0,0,0,0,0,0,0,0,0,0,0,0,0,0,0,0,0,0,0,0,0,0,0,0,0,0
CCCC=C1CC1CCO,8.592643061854371,8.592643061854371,0.35528935185185184,0.35528935185185184,0.5928875769952271,27.4,140.226,124.09799999999997,140.120115132,58,0,1.7,2.5,3.1,2.646904587447725,2.110585714437275,126.68995593589281,7.397341225498538,6.637448039811948,6.637448039811948,4.8805400575618805,4.1789830783778745,4.1789830783778745,2.9810437395926734,2.9810437395926734,2.019115227210321,2.019115227210321,1.2486194989318338,1.2486194989318338,-0.3,7.8030927835051545,3.76815691431076,2.143052886105772,62.757587509484935,5.106527394840706,0.0,0.0,0.0,0.0,0.0,0.0,0.0,0.0,0.0,24.99368345951978,25.18037091493942,6.606881964512918,0.0,5.106527394840706,0.0,0.0,0.0,5.917906046161393,32.60702369139466,6.606881964512918,11.64912463690315,0.0,0.0,0.0,0.0,0.0,0.0,11.713409359353623,0.0,5.917906046161393,32.60702369139466,11.64912463690315,0.0,0.0,0.0,20.23,0.0,0.0,0.0,0.0,6.606881964512918,12.338727669087403,19.26246486877803,5.573104530069267,0.0,12.999757306524504,5.106527394840706,0.0,0.0,0.0,8.592643061854371,1.5795370370370372,0.7468055555555553,0.0,7.030794831821618,2.5502195137314185,0.0,0.7777777777777778,10,1,1,1,0,1,0,0,0,0,1,0,1,1,1,0,4,1,0,1,0,1,2.940327802517334,1,2.1152,42.80080000000001,0,1,1,0,0,0,0,0,0,0,0,0,0,0,0,0,0,0,0,0,0,0,0,0,0,0,2,0,0,0,0,0,0,0,0,0,0,0,0,0,0,0,0,0,0,0,0,0,0,0,0,0,0,0,0,0,0,0,0,0,0,0,0,0,0,0,0,0,0,0,0,0,0,0,0,0,0,0,0,0,0,0,0,1,0
B=C(CC)NNCCCCC=C1CC1CCO,8.778731186292063,8.778731186292063,0.33225322158139337,0.33225322158139337,0.22952100661030542,20.529411764705884,236.16799999999998,210.96799999999996,236.20599382,96,0,1.5294117647058822,2.3529411764705883,3.0588235294117645,3.062649684674328,1.8702626280506245,266.1450770822489,12.510225400620904,10.96587516455814,10.96587516455814,8.274386907679233,6.739643250157696,6.739643250157696,4.697033997262405,4.697033997262405,3.1782826713856682,3.1782826713856682,1.839958266844436,1.839958266844436,-0.6050649350649352,14.455929512063973,8.48048366328004,6.640708743036512,105.72651567276618,5.106527394840706,0.0,0.0,0.0,0.0,100.09389984960386,0.0,0.0,0.0,0.0,0.0,0.0,0.0,0.0,5.106527394840706,13.074981064646357,0.0,10.85158279422077,5.917906046161393,45.448666937246685,13.151638370425493,11.64912463690315,0.0,0.0,10.85158279422077,0.0,0.0,0.0,31.333146829912558,0.0,5.917906046161393,45.448666937246685,11.64912463690315,0.0,0.0,0.0,44.29,0.0,0.0,0.0,0.0,12.52478801067431,24.973576648315813,25.683286491704038,5.573104530069267,0.0,31.339144168840413,5.106527394840706,0.0,0.0,0.0,8.778731186292063,8.84463855480405,0.7015461469380118,0.0,9.075330588211353,3.4055621281946,3.8608580622265896,0.7692307692307693,17,3,3,1,0,1,0,0,0,0,1,0,3,3,4,0,10,1,0,1,0,1,7.211369062622725,1,1.0202999999999995,75.32920000000003,0,1,1,0,0,0,0,0,0,0,0,0,0,0,0,0,2,0,0,0,0,0,0,0,0,0,2,0,0,0,0,0,0,0,0,0,0,0,0,0,0,0,0,0,0,1,0,0,0,0,0,0,0,0,0,0,0,0,0,0,0,0,0,0,0,0,0,0,0,0,0,0,0,0,0,0,0,0,0,0,0,0,0,2,0
B=C(NNCCCCC=C1CC1CCO)C1=C2CCC21,8.835259318378231,8.835259318378231,0.3338180486956712,0.3338180486956712,0.24320854970260397,28.1,272.20099999999996,247.00099999999995,272.20599382,108,0,1.4,2.25,2.95,3.253566779799407,1.17394167982925,455.39322541116303,13.94938298937633,12.250332214934314,12.250332214934314,9.808861750289884,8.018135028624638,8.018135028624638,6.248655141446002,6.248655141446002,4.784798514163693,4.784798514163693,3.237014237224355,3.237014237224355,-0.8650649350649352,14.088253798675648,6.272675510601637,3.234830797026757,122.1200766767133,5.106527394840706,0.0,0.0,0.0,0.0,116.65509937913917,0.0,0.0,0.0,0.0,0.0,0.0,0.0,0.0,5.106527394840706,13.074981064646357,0.0,10.85158279422077,11.835812092322787,44.94575136048208,13.151638370425493,22.795333697041684,0.0,0.0,10.85158279422077,0.0,0.0,0.0,31.333146829912558,0.0,11.835812092322787,44.94575136048208,22.795333697041684,0.0,0.0,0.0,44.29,0.0,0.0,0.0,0.0,12.52478801067431,24.47066107155119,44.09803426762532,11.146209060138535,0.0,24.41540696914979,5.106527394840706,0.0,0.0,0.0,8.835259318378231,12.292818122892111,1.500356669950548,0.0,10.788164343238558,1.3293953351658148,4.0873395437080715,0.6875,20,3,3,3,0,3,0,0,0,0,2,0,3,3,4,0,10,2,0,2,0,2,4.418552229504661,3,1.3304999999999991,84.78820000000003,0,1,1,0,0,0,0,0,0,0,0,0,0,0,0,0,2,0,0,0,0,0,0,0,0,0,3,0,0,0,0,0,0,0,0,0,1,0,0,0,0,0,0,0,0,1,0,0,0,0,0,0,0,0,0,0,0,0,0,0,0,0,0,0,0,0,0,0,0,0,0,0,0,0,0,0,0,0,0,0,0,0,0,2,0
B=C(NNCCCCC=C1CC1CCO)C1=C2CCCCCCOCCC1CCC2,8.97491405734044,8.97491405734044,0.3268976334707576,0.3268976334707576,0.21829731982138453,26.733333333333334,414.4430000000004,371.09900000000016,414.34175901599997,168,0,1.0666666666666667,1.9333333333333333,2.8333333333333335,3.4863017485384926,1.4012799996233036,601.9560438105611,21.020450801241797,19.022541536077103,19.022541536077103,14.792024997884276,12.568611844276587,12.568611844276587,9.390122214767683,9.390122214767683,6.998904146913263,6.998904146913263,5.1619821242234485,5.1619821242234485,-0.9050649350649352,23.751669917326605,13.494701095477364,7.976307163475423,184.51810093578968,5.106527394840706,0.0,0.0,0.0,0.0,179.55147762244715,0.0,0.0,0.0,0.0,0.0,0.0,0.0,0.0,9.843390348640755,13.074981064646357,0.0,10.85158279422077,11.835812092322787,89.89150272096417,26.36540229945133,22.795333697041684,0.0,0.0,10.85158279422077,0.0,0.0,0.0,44.54691075893839,4.736862953800049,11.835812092322787,89.89150272096417,22.795333697041684,0.0,0.0,0.0,53.519999999999996,0.0,0.0,0.0,0.0,18.442694056835705,51.028983823193656,69.78132075932938,11.146209060138535,0.0,24.41540696914979,9.843390348640755,5.897901343402291,0.0,0.0,8.97491405734044,12.683923256534161,1.2874512659564679,0.0,19.45876167802641,3.112240506581669,4.418141225491897,0.8,30,3,4,2,1,3,0,0,0,0,2,2,4,3,5,1,10,1,0,1,0,2,10.684056201758803,3,4.0778000000000025,127.92620000000005,0,1,1,0,0,0,0,0,0,0,0,0,0,0,0,0,2,0,0,0,0,0,0,0,0,0,3,0,0,0,0,0,0,0,0,0,1,0,0,0,0,1,0,0,0,1,0,0,0,0,0,0,0,0,0,0,0,0,0,0,0,0,0,0,0,0,0,0,0,0,0,0,0,0,0,0,0,0,0,0,0,0,0,2,0
C=CNCCCCCC=CCN=CCC=C=CCNNCO,8.456876281730622,8.456876281730622,0.07911805577830444,-0.07911805577830444,0.0933303251365625,10.772727272727273,306.454,276.214,306.24196157999995,124,0,1.0909090909090908,2.0,2.8181818181818183,2.5359321620067417,3.3649062908701626,357.67043849491245,16.142135623730958,13.42959661800315,13.42959661800315,10.914213562373096,7.85016307346161,7.85016307346161,4.553119311494363,4.553119311494363,2.7099709966765477,2.7099709966765477,1.6125119551563312,1.6125119551563312,-1.6500000000000004,20.349999999999998,19.35,18.35,134.1291915385535,10.423315998847038,6.730816747499484,0.0,0.0,0.0,0.0,10.418196129746054,5.425791397110385,0.0,5.731218590741754,25.151797520192268,37.61445997226624,25.724935014286476,6.544756405912575,5.106527394840706,6.2146005795353165,0.0,16.1683713982271,4.992404732635669,32.10410811463005,26.36508596523721,42.814189591496216,0.0,0.0,16.1683713982271,0.0,0.0,0.0,37.68621393961323,0.0,0.0,32.10410811463005,47.80659432413189,0.0,0.0,0.0,68.68,0.0,0.0,0.0,6.730816747499484,6.544756405912575,25.93115605767717,19.26246486877803,6.199954889820448,18.36664079320308,45.62297061887079,5.106527394840706,0.0,0.0,4.297859144422997,11.55725568676473,8.405371608207542,0.0,0.0,17.306504073648473,5.933009486956259,0.0,0.5294117647058824,22,4,5,0,0,0,0,0,0,0,0,0,5,4,5,0,15,0,0,0,0,0,17.89875,0,2.0523000000000002,94.66090000000003,0,1,1,0,0,0,0,0,0,0,0,0,0,0,1,1,3,0,0,0,0,0,0,0,0,0,1,0,0,0,0,0,0,0,0,0,0,0,0,0,0,0,0,0,0,1,0,0,0,0,0,0,0,0,0,0,0,0,0,0,0,0,0,0,0,0,0,0,0,0,0,0,0,0,0,0,0,0,0,0,0,0,0,3,0
CCCNC(C)CCCO,8.51278195074326,8.51278195074326,0.3176041666666667,0.3176041666666667,0.5873141823169046,13.5,145.24599999999998,126.09399999999998,145.146664228,62,0,1.5,2.2,2.7,1.9651140824073894,2.998419094375296,58.27793097483526,7.819990956308912,7.060097770622322,7.060097770622322,4.808060412490447,4.1511616320449605,4.1511616320449605,2.7210070384606038,2.7210070384606038,1.5380500099593142,1.5380500099593142,0.8902725905921692,0.8902725905921692,-0.08,9.92,7.032107623318386,6.046262626262625,63.63794176440986,10.423315998847038,0.0,0.0,0.0,0.0,0.0,0.0,0.0,0.0,0.0,6.923737199690624,32.730958474381225,12.648722793660879,0.0,5.106527394840706,0.0,0.0,5.316788604006331,0.0,39.15178009730724,13.151638370425493,0.0,0.0,0.0,5.316788604006331,0.0,0.0,0.0,24.300006594414157,0.0,0.0,33.10993926815928,0.0,0.0,0.0,0.0,32.26,0.0,0.0,0.0,0.0,12.648722793660879,19.386399651764595,6.4208216229260096,0.0,0.0,19.16426300338758,5.106527394840706,0.0,0.0,0.0,11.868754172965483,0.0,0.0,0.5621296296296295,3.178418603552532,5.724030927185689,0.0,1.0,10,2,2,0,0,0,0,0,0,0,1,0,2,2,2,0,6,0,0,0,0,1,6.97585076233184,0,1.1469999999999998,44.07550000000001,0,1,1,0,0,0,0,0,0,0,0,0,0,0,0,0,1,0,0,0,0,0,0,0,0,0,0,0,0,0,0,0,0,0,0,0,0,0,0,0,0,0,0,0,0,0,0,0,0,0,0,0,0,0,0,0,0,0,0,0,0,0,0,0,0,0,0,0,0,0,0,0,0,0,0,0,0,0,0,0,0,0,0,0,0
CC(CCCO)NCC1(C)CCC1,8.672799311854371,8.672799311854371,0.32270620748299317,0.32270620748299317,0.6624525669471312,22.384615384615383,185.31099999999995,162.12699999999998,185.177964356,78,0,1.4615384615384615,2.1538461538461537,2.6153846153846154,2.078475735677806,2.0344195589162912,143.0257051333355,9.734204518682008,8.974311332995418,8.974311332995418,6.161613803083721,5.504715022638235,5.504715022638235,4.811997296130337,4.811997296130337,3.233211382354332,3.233211382354332,1.8772726607459793,1.8772726607459793,-0.08,10.997399380804952,4.965017856244655,3.652780612244897,81.72693695407045,10.423315998847038,0.0,0.0,0.0,0.0,0.0,0.0,0.0,0.0,0.0,13.344558822616634,38.02201416079144,19.193479199573453,0.0,5.106527394840706,0.0,0.0,5.316788604006331,5.41499046939678,51.993423343159265,13.151638370425493,0.0,0.0,0.0,5.316788604006331,0.0,0.0,0.0,24.30000659441416,0.0,5.41499046939678,45.95158251401131,0.0,0.0,0.0,0.0,32.26,0.0,0.0,0.0,0.0,18.063713263057657,19.386399651764595,19.26246486877803,0.0,0.0,19.16426300338758,5.106527394840706,0.0,0.0,0.0,12.221549311854371,0.576859764739229,0.0,0.5597916666666666,6.1806566515495085,6.044475938523558,0.0,1.0,13,2,2,1,0,1,0,0,0,0,1,0,2,2,2,0,6,1,0,1,0,1,4.200175715226961,1,1.9272000000000002,55.74250000000005,0,1,1,0,0,0,0,0,0,0,0,0,0,0,0,0,1,0,0,0,0,0,0,0,0,0,0,0,0,0,0,0,0,0,0,0,0,0,0,0,0,0,0,0,0,0,0,0,0,0,0,0,0,0,0,0,0,0,0,0,0,0,0,0,0,0,0,0,0,0,0,0,0,0,0,0,0,0,0,0,0,0,0,0,0
C=C=C1OCCCC=C=C=CCCC1(C)CNC(C)CCCO,8.949084017927067,8.949084017927067,0.14254357993197275,-0.14254357993197275,0.7307931972582136,23.52173913043478,317.47300000000007,286.225,317.235479232,128,0,1.434782608695652,2.1739130434782608,2.869565217391304,2.5439681881590746,2.7796298543735576,491.771063048809,16.96840903736402,14.658580505398177,14.658580505398177,11.120338909199535,8.64136115258233,8.64136115258233,6.440633543436546,6.440633543436546,4.211781252926691,4.211781252926691,2.6324284889644054,2.6324284889644054,-1.46,19.586425255338902,11.133910373444925,7.569755173092584,140.67694605222553,15.160178952647085,5.759164871656176,0.0,0.0,0.0,0.0,0.0,0.0,0.0,0.0,30.696328655514385,57.600707150914445,24.608469668970233,6.606881964512918,9.843390348640755,0.0,0.0,5.316788604006331,5.41499046939678,58.41424496608526,19.75852033493841,41.6837965411477,0.0,0.0,5.316788604006331,0.0,0.0,0.0,30.90688855892708,4.736862953800049,5.41499046939678,52.372404136937305,41.6837965411477,0.0,0.0,0.0,41.489999999999995,0.0,0.0,0.0,12.021872433909698,12.648722793660879,50.82885101512481,0.0,0.0,12.152040213667762,42.93685445921135,9.843390348640755,5.9740743890148655,0.0,0.0,12.517401131809656,9.04588325871749,0.8484174487696313,0.3655510938943477,9.583876388586921,9.914796289207086,0.0,0.65,23,2,3,0,1,1,0,0,0,0,2,0,3,2,3,1,6,0,0,0,0,2,9.481456666483542,1,3.8691000000000026,95.13050000000005,0,1,1,0,0,0,0,0,0,0,0,0,0,0,0,0,1,0,0,0,0,0,0,0,0,0,2,0,0,0,0,0,0,0,0,0,0,0,0,0,0,1,0,0,0,0,0,0,0,0,0,0,0,0,0,0,0,0,0,0,0,0,0,0,0,0,0,0,0,0,0,0,0,0,0,0,0,0,0,0,0,0,0,0,0
OCC1CCO1,8.261018518518519,8.261018518518519,0.17129629629629606,0.17129629629629606,0.47936078784316444,32.5,88.10600000000001,80.04199999999999,88.052429496,36,0,1.8333333333333333,2.5,2.5,1.3143204867061786,2.014266206295823,38.05785641096993,4.405777393935816,3.554132498713089,3.554132498713089,2.931851652578137,2.1571017419348926,2.1571017419348926,1.4640486002566129,1.4640486002566129,0.9970148403442948,0.9970148403442948,0.42850951745142524,0.42850951745142524,-0.08,4.088918918918919,1.5787924755254101,0.5328456279971432,36.73602519919304,9.843390348640755,0.0,0.0,0.0,0.0,0.0,0.0,0.0,0.0,0.0,0.0,6.4208216229260096,6.606881964512918,12.71084835226122,9.843390348640755,0.0,0.0,0.0,0.0,12.524788010674312,13.213763929025836,0.0,0.0,0.0,0.0,0.0,0.0,0.0,24.424257711614846,4.736862953800049,0.0,6.4208216229260096,0.0,0.0,0.0,0.0,29.46,0.0,0.0,0.0,12.71084835226122,0.0,13.027703587438928,0.0,0.0,0.0,0.0,9.843390348640755,4.829861111111111,0.0,0.0,8.261018518518519,0.0,0.0,0.0,1.2094907407407405,1.032962962962963,0.0,1.0,6,1,2,0,1,1,0,0,0,0,1,0,2,1,2,1,1,0,1,1,0,1,1.075925737037114,1,-0.23239999999999994,21.442799999999995,0,1,1,0,0,0,0,0,0,0,0,0,0,0,0,0,0,0,0,0,0,0,0,0,0,0,0,0,0,0,0,0,0,0,0,0,0,0,0,0,0,1,0,0,0,0,0,0,0,0,0,0,0,0,0,0,0,0,0,0,0,0,0,0,0,0,0,0,0,0,0,0,0,0,0,0,0,0,0,0,0,0,0,0,0
C=CC(=S)CCCO,8.316733749055178,8.316733749055178,0.21625000000000005,0.21625000000000005,0.45719205081292225,8.625,130.21200000000002,120.13199999999998,130.04523594,46,0,1.75,2.375,2.75,1.8266332986704337,3.1114301208164354,88.52932501298082,6.405777393935816,4.7612392798996375,5.577735860827364,3.808060412490447,2.5708287269007193,2.979077017364582,1.49759717630228,2.0219745712926085,0.8089611188491678,1.179751930747766,0.35534987038484417,0.49968743768225055,-0.21000000000000002,7.789999999999999,4.937275405007364,3.9627115716753027,55.02737256702922,5.106527394840706,0.0,0.0,0.0,0.0,0.0,0.0,0.0,0.0,0.0,24.872829233479074,12.841643245852019,11.471449283264544,0.0,5.106527394840706,17.08244076179832,0.0,0.0,0.0,12.841643245852019,6.606881964512918,12.654955790432378,0.0,0.0,0.0,0.0,0.0,12.217873443046695,16.57797667810525,0.0,0.0,12.841643245852019,12.654955790432378,0.0,0.0,0.0,20.23,0.0,0.0,0.0,6.606881964512918,0.0,17.706210564603644,0.0,6.076020106833881,0.0,6.578935683598497,17.324400837887403,0.0,4.791527777777778,0.8324537037037039,8.316733749055178,0.0,0.0,0.0,3.185694444444444,3.70692365835223,0.0,0.5,8,1,1,0,0,0,0,0,0,0,0,0,2,1,2,0,4,0,0,0,0,0,4.80767192562592,0,1.3148,39.11480000000001,0,1,1,0,0,0,0,0,0,0,0,0,1,0,0,0,0,0,0,0,0,0,0,0,0,0,1,0,0,0,0,0,0,0,0,0,0,0,0,0,0,0,0,0,0,0,0,0,0,0,0,0,0,0,0,0,0,0,0,0,0,0,0,0,0,0,0,0,0,0,0,0,0,0,0,0,0,0,0,0,0,0,0,0,0
CCC#CCC=CCCO,8.381671626984128,8.381671626984128,0.23383566389518773,0.23383566389518773,0.4648692827234965,9.4,138.20999999999998,124.09799999999997,138.104465068,56,0,1.3,2.1,2.7,1.9671544718900458,3.1723244881059536,136.54259348132564,7.6568542494923815,6.4303412586254005,6.4303412586254005,4.914213562373096,3.6302712426509927,3.6302712426509927,1.8949173795543026,1.8949173795543026,0.9841226763172743,0.9841226763172743,0.5318144115286664,0.5318144115286664,-0.7400000000000001,9.26,8.26,7.26,62.762644054873434,5.106527394840706,0.0,0.0,0.0,0.0,0.0,0.0,0.0,0.0,5.920434318855644,24.99621173221403,6.4208216229260096,19.448525210364938,0.0,5.106527394840706,0.0,0.0,0.0,0.0,26.186202068468653,6.606881964512918,12.152040213667762,0.0,11.840868637711289,0.0,0.0,0.0,0.0,11.713409359353623,0.0,11.840868637711289,26.186202068468653,12.152040213667762,0.0,0.0,0.0,20.23,0.0,0.0,0.0,6.606881964512918,0.0,19.26246486877803,0.0,0.0,19.075777413358384,11.840868637711289,5.106527394840706,0.0,0.0,0.0,8.381671626984128,0.0,5.936930980725624,0.0,6.415381944444444,2.266015447845805,0.0,0.5555555555555556,10,1,1,0,0,0,0,0,0,0,0,0,1,1,1,0,3,0,0,0,0,0,7.64876,0,1.7285,43.526800000000016,0,1,1,0,0,0,0,0,0,0,0,0,0,0,0,0,0,0,0,0,0,0,0,0,0,0,1,0,0,0,0,0,0,0,0,0,0,0,0,0,0,0,0,0,0,0,0,0,0,0,0,0,0,0,0,0,0,0,0,0,0,0,0,0,0,0,0,0,0,0,0,0,0,0,0,0,0,0,0,0,0,0,0,0,0
CC#[PH]CCC#CCC=CCCO,8.472754177883111,8.472754177883111,0.229382929480332,0.229382929480332,0.3165673456332492,9.692307692307692,196.23,179.09399999999997,196.101701794,72,0,1.3076923076923077,2.1538461538461537,2.8461538461538463,2.155710272483118,3.3239317987989425,246.73451915306893,9.778174593052025,8.137448039811948,9.137448039811948,6.414213562373096,4.526717852057718,5.733824633244266,2.468140684257665,3.821694074850939,1.3591226763172746,2.2126760669105483,0.7452027591769849,1.2452027591769845,-0.66,12.34,11.34,11.340000000000002,82.32769640967031,5.106527394840706,0.0,0.0,0.0,0.0,0.0,0.0,0.0,0.0,19.583419165104008,18.072474532523405,19.506468850084556,19.448525210364938,0.0,5.106527394840706,8.036194390932083,0.0,0.0,0.0,26.186202068468653,12.768791991980839,12.152040213667762,0.0,17.467659093027567,0.0,0.0,0.0,8.036194390932083,17.875319386821545,0.0,17.467659093027567,26.186202068468653,12.152040213667762,0.0,0.0,0.0,20.23,0.0,0.0,0.0,6.606881964512918,0.0,33.46056928717803,0.0,0.0,19.075777413358384,17.467659093027567,5.106527394840706,0.0,0.0,0.0,8.472754177883111,3.1047412989147296,6.16171839569161,0.0,7.634985873141386,2.191189508100618,0.8234996351574333,0.5454545454545454,13,1,1,0,0,0,0,0,0,0,1,0,1,1,2,0,4,0,0,0,0,1,10.764276923076922,0,2.3662000000000005,60.59680000000003,0,1,1,0,0,0,0,0,0,0,0,0,0,0,0,0,0,0,0,0,0,0,0,0,0,0,1,0,0,0,0,0,0,0,0,0,0,0,0,0,0,0,0,0,0,0,0,0,0,0,0,0,0,0,0,0,0,0,0,0,0,0,0,0,0,0,0,0,0,0,0,0,0,0,0,0,0,0,0,0,0,0,0,0,0
C=CCCCCCCCCCO,8.527845974822435,8.527845974822435,0.357603305785124,0.357603305785124,0.41566441410783955,10.083333333333334,170.296,148.11999999999998,170.167065324,72,0,0.8333333333333334,1.3333333333333333,1.8333333333333333,2.098390961316241,2.76676462623148,89.00490222095137,9.071067811865477,8.09563167655506,8.09563167655506,5.914213562373096,5.132724346944563,5.132724346944563,3.27583080109252,3.27583080109252,2.0663621734722817,2.0663621734722817,1.284362009952986,1.284362009952986,-0.3,11.7,10.7,9.700000000000001,76.49330289180742,5.106527394840706,0.0,0.0,0.0,0.0,0.0,0.0,0.0,0.0,6.578935683598497,38.18012822146393,19.26246486877803,6.606881964512918,0.0,5.106527394840706,0.0,0.0,0.0,0.0,51.36657298340809,6.606881964512918,12.654955790432378,0.0,0.0,0.0,0.0,0.0,0.0,11.713409359353623,0.0,0.0,51.36657298340809,12.654955790432378,0.0,0.0,0.0,20.23,0.0,0.0,0.0,0.0,6.606881964512918,12.841643245852019,38.524929737556064,0.0,6.076020106833881,6.578935683598497,5.106527394840706,0.0,0.0,0.0,8.527845974822435,0.0,0.0,0.0,11.923335761761086,4.048818263416477,0.0,0.8181818181818182,12,1,1,0,0,0,0,0,0,0,0,0,1,1,1,0,9,0,0,0,0,0,10.4325,0,3.285500000000002,54.218800000000044,0,1,1,0,0,0,0,0,0,0,0,0,0,0,0,0,0,0,0,0,0,0,0,0,0,0,1,0,0,0,0,0,0,0,0,0,0,0,0,0,0,0,0,0,0,0,0,0,0,0,0,0,0,0,0,0,0,0,0,0,0,0,0,0,0,0,0,0,0,0,0,0,0,0,0,0,0,0,0,0,0,0,0,7,0
C=NCCC(Br)C=CCCCO,8.504041900334514,8.504041900334514,0.2693509070294784,0.2693509070294784,0.3111412822667142,13.5,234.13699999999997,218.00899999999996,233.041526232,70,0,1.5833333333333333,2.3333333333333335,2.9166666666666665,2.089132285464695,3.3231858118608884,136.49022499567306,9.234204518682008,7.247083158697308,8.83307969781201,5.808060412490447,4.150064435880899,5.065739964672589,2.545870171185577,3.7220160599989933,1.4367984582949191,2.1998613989546603,0.76386550351241,1.1844435682085983,-0.15000000000000005,11.85,8.94216589861751,7.951522842639594,82.52628875451566,10.098932127476374,0.0,0.0,0.0,0.0,0.0,0.0,0.0,0.0,0.0,28.08198411161711,25.97998102507796,17.978812440722304,0.0,5.106527394840706,22.64746005424928,0.0,0.0,4.992404732635669,24.08963893907484,13.151638370425493,12.152040213667762,0.0,0.0,0.0,0.0,0.0,15.929943897949348,29.80285599186295,0.0,0.0,19.26246486877803,17.14444494630343,0.0,0.0,0.0,32.59,0.0,0.0,0.0,6.606881964512918,4.827174070296812,25.807221274690605,0.0,0.0,0.0,39.79190500055271,5.106527394840706,0.0,3.493895620748299,4.156635723733937,8.504041900334514,0.0,0.0,0.0,6.953111536281178,4.475648552235403,0.0,0.6666666666666666,12,1,2,0,0,0,0,0,0,0,1,0,2,1,3,0,7,0,0,0,0,1,8.83038882488479,0,2.1693000000000002,57.20780000000003,0,1,1,0,0,0,0,0,0,0,0,0,0,0,1,1,0,0,0,0,0,0,0,0,0,1,2,0,0,0,0,0,0,0,0,0,0,0,0,0,0,0,0,0,1,0,0,0,0,0,0,0,0,0,0,0,0,0,0,0,0,0,0,0,0,0,0,0,0,0,0,0,0,0,0,0,0,0,0,0,0,0,0,1,0
N#CCC=CCCCO,8.323885345804989,8.323885345804989,0.23302933673469384,0.23302933673469384,0.45332056724360675,9.777777777777779,125.17099999999999,114.08299999999997,125.084063972,50,0,1.4444444444444444,2.2222222222222223,2.7777777777777777,1.88523483624215,2.972323900294452,112.57478342250621,6.949747468305834,5.377554854125357,5.377554854125357,4.414213562373095,3.04321786862115,3.04321786862115,1.6994778719694477,1.6994778719694477,0.9047095846889692,0.9047095846889692,0.46302731431584987,0.46302731431584987,-0.81,8.19,7.190000000000001,7.189999999999999,55.42611411568966,5.106527394840706,0.0,0.0,0.0,0.0,0.0,0.0,0.0,5.261891554738487,0.0,12.152040213667762,12.841643245852019,6.606881964512918,12.490042935718282,5.106527394840706,0.0,5.261891554738487,0.0,0.0,19.26246486877803,6.606881964512918,12.152040213667762,0.0,6.069221312792274,0.0,0.0,0.0,0.0,11.713409359353623,0.0,11.33111286753076,19.26246486877803,12.152040213667762,0.0,0.0,0.0,44.019999999999996,0.0,0.0,0.0,6.606881964512918,6.4208216229260096,12.841643245852019,0.0,0.0,18.221261526460037,0.0,10.368418949579192,0.0,0.0,0.0,16.396034580498867,0.0,0.0,1.9953039965986394,5.8756320861678,0.23302933673469384,0.0,0.5714285714285714,9,1,2,0,0,0,0,0,0,0,0,0,2,1,2,0,4,0,0,0,0,0,6.5429,0,1.22878,35.6898,0,1,1,0,0,0,0,0,0,0,0,0,0,0,0,1,0,0,0,0,0,0,0,0,0,0,2,0,0,0,0,0,0,0,0,0,0,0,0,0,0,0,0,0,0,0,0,0,0,0,0,0,0,0,0,0,0,1,0,0,0,0,0,0,0,0,0,0,0,0,0,0,0,0,0,0,0,0,0,0,0,0,0,1,0
C=CCCCCO,8.258585600907029,8.258585600907029,0.31333333333333324,0.31333333333333324,0.4171950861023845,8.714285714285714,100.16099999999999,88.06499999999998,100.088815004,42,0,1.4285714285714286,2.142857142857143,2.5714285714285716,1.690933805959686,2.558780869327957,41.444678358882754,5.535533905932738,4.560097770622321,4.560097770622321,3.414213562373095,2.632724346944564,2.632724346944564,1.5080638481261521,1.5080638481261521,0.8163621734722818,0.8163621734722818,0.4004785334698022,0.4004785334698022,-0.3,6.7,5.699999999999999,5.7,44.66859231982434,5.106527394840706,0.0,0.0,0.0,0.0,0.0,0.0,0.0,0.0,6.578935683598497,6.076020106833881,19.26246486877803,6.606881964512918,0.0,5.106527394840706,0.0,0.0,0.0,0.0,19.26246486877803,6.606881964512918,12.654955790432378,0.0,0.0,0.0,0.0,0.0,0.0,11.713409359353623,0.0,0.0,19.26246486877803,12.654955790432378,0.0,0.0,0.0,20.23,0.0,0.0,0.0,0.0,6.606881964512918,19.26246486877803,0.0,0.0,6.076020106833881,6.578935683598497,5.106527394840706,0.0,0.0,0.0,8.258585600907029,0.0,0.0,0.0,4.877222222222223,3.8641921768707483,0.0,0.6666666666666666,7,1,1,0,0,0,0,0,0,0,0,0,1,1,1,0,4,0,0,0,0,0,5.4557142857142855,0,1.335,31.133799999999983,0,1,1,0,0,0,0,0,0,0,0,0,0,0,0,0,0,0,0,0,0,0,0,0,0,0,1,0,0,0,0,0,0,0,0,0,0,0,0,0,0,0,0,0,0,0,0,0,0,0,0,0,0,0,0,0,0,0,0,0,0,0,0,0,0,0,0,0,0,0,0,0,0,0,0,0,0,0,0,0,0,0,0,2,0
CCC1=NCOC1CCO,8.604965986394557,8.604965986394557,0.09259259259259234,0.09259259259259234,0.6274010406175123,25.0,143.186,130.082,143.094628656,58,0,1.8,2.6,3.2,2.3634390313781295,2.3809206532218616,133.5677964944704,7.397341225498538,6.208452875399596,6.208452875399596,4.8805400575618805,3.638023321612481,3.638023321612481,2.2996947326970187,2.2996947326970187,1.6685490688372273,1.6685490688372273,1.1148362377869703,1.1148362377869703,-0.41,7.69427528675704,3.683917058307234,1.5484672386327494,60.72617402824297,9.843390348640755,6.730816747499484,0.0,0.0,0.0,0.0,4.992404732635669,0.0,0.0,0.0,6.923737199690624,6.4208216229260096,18.73938859020963,6.103966387748303,9.843390348640755,5.711685002770702,0.0,0.0,4.992404732635669,25.869346833290944,13.337698712012402,0.0,0.0,0.0,0.0,0.0,0.0,0.0,30.259877497372116,4.736862953800049,0.0,19.765380445542643,4.992404732635669,0.0,0.0,0.0,41.82,0.0,0.0,0.0,12.71084835226122,13.151638370425495,12.132506625696712,0.0,0.0,0.0,11.916141932326294,9.843390348640755,5.233148148148148,0.0,4.137546296296296,8.604965986394557,1.0917129629629632,0.0,0.0,1.7149537037037035,2.717672902494331,0.0,0.8571428571428571,10,1,3,0,1,1,0,0,0,0,1,0,3,1,3,1,3,0,0,0,0,1,2.834507198019604,1,0.5761000000000001,39.168800000000005,0,1,1,0,0,0,0,0,0,0,0,0,0,0,1,1,0,0,0,0,0,0,0,0,0,0,0,0,0,0,0,0,0,0,0,0,0,0,0,0,0,1,0,0,0,0,0,0,0,0,0,0,0,0,0,0,0,0,0,0,0,0,0,0,0,0,0,0,0,0,0,0,0,0,0,0,0,0,0,0,0,0,0,0,0
CC#CC1=C(CCO)OCN1,8.622539682539683,8.622539682539683,0.10308295540438395,0.10308295540438395,0.555983487235513,15.090909090909092,153.18099999999998,142.093,153.078978592,60,0,1.7272727272727273,2.5454545454545454,3.1818181818181817,2.391249237854626,2.661475049123152,221.98189478725604,8.104448006685086,6.476782229523463,6.476782229523463,5.3805400575618805,3.5161338270301297,3.5161338270301297,2.112234962851438,2.112234962851438,1.3630493582622702,1.3630493582622702,0.903739674425716,0.903739674425716,-1.1400000000000001,7.961419878296145,3.8914319107974142,1.8881840923541204,66.0552782000625,15.160178952647087,11.456204184712009,6.730816747499484,0.0,0.0,0.0,0.0,0.0,0.0,0.0,5.920434318855644,12.844171518546268,6.4208216229260096,6.606881964512918,9.843390348640755,0.0,0.0,5.316788604006331,0.0,13.344558822616634,13.337698712012402,11.456204184712009,0.0,11.840868637711289,5.316788604006331,0.0,0.0,0.0,18.444226106853108,4.736862953800049,11.840868637711289,13.344558822616634,11.456204184712009,0.0,0.0,0.0,41.49,0.0,0.0,0.0,6.606881964512918,13.151638370425495,11.456204184712009,0.0,6.923737199690624,0.0,17.15765724171762,9.843390348640755,5.164537037037038,0.0,0.0,11.587632275132275,0.8069907407407408,6.393386243386243,0.0,0.5387037037037037,2.342083333333333,0.0,0.5,11,2,3,0,1,1,0,0,0,0,0,0,3,2,3,1,2,0,0,0,0,0,2.8164839426962263,1,0.18099999999999994,41.266500000000015,0,1,1,0,0,0,0,0,0,0,0,0,0,0,0,0,1,0,0,0,0,0,0,0,0,0,1,0,0,0,0,0,0,0,0,0,0,0,0,0,0,1,0,0,0,0,0,0,0,0,0,0,0,0,0,0,0,0,0,0,0,0,0,0,0,0,0,0,0,0,0,0,0,0,0,0,0,0,0,0,0,0,0,0,0
CCC=S(CCC=NC)C1=C(CCO)OCN1,9.000022609365143,9.000022609365143,0.08328703703703666,0.08328703703703666,0.5395165247451492,17.58823529411765,258.3869999999999,236.21099999999996,258.140198944,98,0,1.588235294117647,2.411764705882353,3.0588235294117645,2.7687873119718547,2.746494652685906,324.4673182926019,12.510225400620904,10.608264997426181,11.424761578353907,8.329228462545624,5.973651214613783,7.430654295058304,3.6287017847846914,5.636242427369412,2.3507236520347634,4.658340441371717,1.6577222982961712,3.6546339551919447,-0.81,14.251766522544784,8.30563067115521,4.516225600314174,105.70601072278173,20.152583685282753,10.788236168532789,6.730816747499484,0.0,0.0,0.0,0.0,0.0,0.0,10.484065045802941,12.291220095206864,24.809097432134124,13.4684936056032,6.606881964512918,9.843390348640755,22.066148520854497,0.0,5.316788604006331,4.992404732635669,26.186202068468653,26.13822430143638,10.788236168532789,0.0,0.0,5.316788604006331,0.0,0.0,10.484065045802941,42.82683517132864,4.736862953800049,0.0,26.186202068468653,15.780640901168457,0.0,0.0,0.0,53.85000000000001,0.0,0.0,0.0,17.09094701031586,13.151638370425495,24.353661724254984,5.029071296876613,7.04767198267719,6.2146005795353165,22.600413431848864,9.843390348640755,5.501398100907029,0.0,4.007575821995465,15.77524503629888,0.0,1.9862841710758379,0.0,4.577876590450995,2.8232534958427817,1.883922338984568,0.6666666666666666,17,2,4,0,1,1,0,0,0,0,1,0,4,2,5,1,7,0,0,0,0,1,6.962935832223,1,1.6869999999999998,75.66250000000004,0,1,1,0,0,0,0,0,0,0,0,0,0,0,1,1,1,0,0,0,0,0,0,0,0,0,0,0,0,0,0,0,0,0,0,0,0,0,0,0,0,1,0,0,0,0,0,0,0,0,0,0,0,0,0,0,0,0,0,0,0,0,0,0,0,0,0,0,0,0,0,0,0,0,0,0,0,0,0,0,0,0,0,0,0
CCC=CCC(C)CC=S(CCC=NC)C1=C(CCO)OCN1,9.201124073257704,9.201124073257704,0.031311054771702596,0.031311054771702596,0.34277553927061566,17.91304347826087,340.5330000000001,308.277,340.21844926399996,132,0,1.391304347826087,2.217391304347826,2.9130434782608696,2.993755484251616,2.7614833985981284,455.93793847676545,16.916002794556718,14.754529367368155,15.571025948295881,11.223075312662976,8.517327978992196,9.974331059436714,5.676682541889294,7.684223184474016,3.6234715749075357,5.79020512064103,2.3283827302998743,4.483766121704186,-1.07,19.975599635202915,12.364563582959194,7.839901680306239,143.2060603769771,20.152583685282753,10.788236168532789,6.730816747499484,0.0,0.0,0.0,0.0,0.0,0.0,10.484065045802941,31.366997508565248,43.568646724147534,13.4684936056032,6.606881964512918,9.843390348640755,22.066148520854497,0.0,5.316788604006331,10.910310778797061,45.95158251401131,26.13822430143638,22.94027638220055,0.0,0.0,5.316788604006331,0.0,0.0,10.484065045802941,42.82683517132864,4.736862953800049,5.917906046161393,45.95158251401131,27.932681114836218,0.0,0.0,0.0,53.85000000000001,0.0,5.106527394840706,0.0,17.09094701031586,19.069544416586886,37.195304970107,5.029071296876613,0.0,13.262272562212505,41.67619084520725,4.736862953800049,5.63015515388892,0.0,4.083454975432893,16.177873252676434,0.0,2.6306169876633443,0.0,11.394585852460512,5.124067277490996,1.848135389275788,0.6666666666666666,23,2,4,0,1,1,0,0,0,0,2,0,4,2,5,1,11,0,0,0,0,2,10.738677034660997,1,3.659500000000002,103.20050000000005,0,1,1,0,0,0,0,0,0,0,0,0,0,0,1,1,1,0,0,0,0,0,0,0,0,0,2,0,0,0,0,0,0,0,0,0,0,0,0,0,0,1,0,0,0,0,0,0,0,0,0,0,0,0,0,0,0,0,0,0,0,0,0,0,0,0,0,0,0,0,0,0,0,0,0,0,0,0,0,0,0,0,0,0,0
CC1=C(C=CNCO)C1,8.287031368102797,8.287031368102797,0.0166940665154951,0.0166940665154951,0.5456560357972767,17.11111111111111,125.17099999999999,114.08299999999998,125.084063972,50,0,1.7777777777777777,2.4444444444444446,2.888888888888889,2.4836912516527487,2.178524534208996,158.29908606943383,6.69023444431199,5.516127696252305,5.516127696252305,4.342535255101096,3.037571540319619,3.037571540319619,2.1779165505862066,2.1779165505862066,1.372447818398959,1.372447818398959,0.654888344637256,0.654888344637256,-0.76,6.361359223300972,2.688486328125,1.8958380126953127,54.8879624321155,10.423315998847038,6.730816747499484,0.0,0.0,0.0,0.0,0.0,0.0,0.0,0.0,5.573104530069267,31.19363834934023,0.0,0.0,5.106527394840706,0.0,0.0,5.316788604006331,0.0,13.344558822616634,6.730816747499484,23.422184056792865,0.0,0.0,5.316788604006331,0.0,0.0,0.0,11.83734414234019,0.0,0.0,13.344558822616634,23.422184056792865,0.0,0.0,0.0,32.26,0.0,0.0,0.0,6.730816747499484,0.0,6.4208216229260096,11.146209060138535,6.199954889820448,6.076020106833881,12.240525803696954,5.106527394840706,0.0,0.0,0.0,10.968003590325019,2.8351294406651553,0.0,0.0,4.903765117157975,2.1264351851851853,0.0,0.42857142857142855,9,2,2,1,0,1,0,0,0,0,0,0,2,2,2,0,3,0,0,0,0,0,1.9002697000151703,1,0.7597,36.67850000000001,0,1,1,0,0,0,0,0,0,0,0,0,0,0,0,0,1,0,0,0,0,0,0,0,0,0,3,0,0,0,0,0,0,0,0,0,0,0,0,0,0,0,0,0,0,0,0,0,0,0,0,0,0,0,0,0,0,0,0,0,0,0,0,0,0,0,0,0,0,0,0,0,0,0,0,0,0,0,0,0,0,0,0,0,0
OC=NCCCC=[N+]=CC1=C(C=CNCO)C1,8.492219606946131,8.492219606946131,0.044343033043811486,-0.044343033043811486,0.18655500379276474,14.176470588235293,236.295,218.15099999999995,236.13935323609,92,0,1.411764705882353,2.2941176470588234,3.0588235294117645,3.0710360477753955,2.1900469820428907,377.21197984698074,12.347088693804373,9.7111396338807,9.7111396338807,8.38054005756188,5.583518290383777,5.583518290383777,3.5474492643419384,3.5474492643419384,2.1998825850970847,2.1998825850970847,1.2165375673069743,1.2165375673069743,-1.8399999999999996,13.225963060686016,8.327995174988182,6.348903335985561,100.6430120302669,15.529843393687743,6.730816747499484,6.400660921122227,0.0,12.429201159070633,0.0,4.992404732635669,0.0,0.0,4.668020861265006,0.0,24.269901149649606,24.95950418183386,0.0,10.213054789681411,18.82986208019286,0.0,9.984809465271336,4.992404732635669,19.26246486877803,13.27557315341206,23.422184056792865,0.0,0.0,9.984809465271336,0.0,0.0,0.0,42.31849002328632,0.0,0.0,19.26246486877803,28.414588789428528,0.0,0.0,0.0,78.95,0.0,0.0,0.0,6.730816747499484,6.544756405912575,25.663125789900256,11.146209060138535,6.199954889820448,18.505221265904513,14.977214197907006,10.213054789681411,4.183563633786848,0.0,3.683610556028416,19.486152954446638,2.470925302334484,0.0,0.0,10.922438412687088,0.5866424740498583,0.0,0.4166666666666667,17,3,5,1,0,1,0,0,0,0,0,0,3,3,5,0,8,0,0,0,0,0,6.47916215023324,1,0.31510000000000005,70.48830000000002,0,2,2,0,0,0,0,0,0,0,0,0,0,0,1,2,1,0,0,0,0,0,0,0,0,0,3,0,0,0,0,0,0,0,0,0,0,0,0,0,0,0,0,0,0,0,0,0,0,0,0,0,0,0,0,0,0,0,0,0,0,0,0,0,0,0,0,0,0,0,0,0,0,0,0,0,0,0,0,0,0,0,0,1,0
OCO,7.125,7.125,0.75,-0.75,0.3419937935086325,6.0,48.041000000000004,44.009,48.021129368,20,0,1.3333333333333333,1.3333333333333333,1.3333333333333333,0.9182958340544894,1.6329931618554523,2.7548875021634682,2.7071067811865475,1.6015339721864632,1.6015339721864632,1.4142135623730951,0.6324555320336758,0.6324555320336758,0.14142135623730948,0.14142135623730948,0.0,0.0,0.0,0.0,-0.08,2.92,1.9199999999999995,1.9200000000000033,18.327718532221578,10.213054789681411,6.792942306099827,0.0,0.0,0.0,0.0,0.0,0.0,0.0,0.0,0.0,0.0,0.0,0.0,10.213054789681411,0.0,0.0,0.0,0.0,0.0,6.792942306099827,0.0,0.0,0.0,0.0,0.0,0.0,0.0,17.00599709578124,0.0,0.0,0.0,0.0,0.0,0.0,0.0,40.46,6.792942306099827,0.0,0.0,0.0,0.0,0.0,0.0,0.0,0.0,0.0,10.213054789681411,0.0,0.0,0.0,14.25,0.0,0.0,0.0,0.0,-0.75,0.0,1.0,3,2,2,0,0,0,0,0,0,0,0,0,2,2,2,0,0,0,0,0,0,0,1.8687999999999994,0,-1.0715000000000001,9.3046,0,2,1,0,0,0,0,0,0,0,0,0,0,0,0,0,0,0,0,0,0,0,0,0,0,0,0,0,0,0,0,0,0,0,0,0,0,0,0,0,0,0,0,0,0,0,0,0,0,0,0,0,0,0,0,0,0,0,0,0,0,0,0,0,0,0,0,0,0,0,0,0,0,0,0,0,0,0,0,0,0,0,0,0,0
OC1C=CC1,8.36111111111111,8.36111111111111,0.11574074074074114,-0.11574074074074114,0.40647240805570317,33.4,70.09100000000001,64.04299999999999,70.041864812,28,0,1.8,2.2,2.2,1.2987949406953987,2.3911734164045217,56.668290500398435,3.698670612749268,2.886371184255383,2.886371184255383,2.393846850117352,1.7413621373415542,1.7413621373415542,1.2312022552514645,1.2312022552514645,0.7358066058731507,0.7358066058731507,0.25779888737799134,0.25779888737799134,-0.30000000000000004,2.9127659574468083,0.8301939058171747,0.32911665127731615,30.9328769375019,5.106527394840706,0.0,0.0,0.0,0.0,0.0,0.0,0.0,0.0,0.0,12.152040213667762,6.4208216229260096,0.0,6.103966387748303,5.106527394840706,0.0,0.0,0.0,0.0,12.524788010674312,0.0,12.152040213667762,0.0,0.0,0.0,0.0,0.0,0.0,11.210493782589008,0.0,0.0,6.4208216229260096,12.152040213667762,0.0,0.0,0.0,20.23,0.0,0.0,0.0,6.103966387748303,0.0,6.4208216229260096,0.0,6.076020106833881,6.076020106833881,0.0,5.106527394840706,0.0,0.0,0.0,8.36111111111111,0.0,0.0,0.0,4.472222222222221,0.0,0.0,0.5,5,1,1,1,0,1,0,0,0,0,1,0,1,1,1,0,0,0,0,0,0,1,0.4836321093888136,1,0.3071999999999999,19.763799999999996,0,1,1,0,0,0,0,0,0,0,0,0,0,0,0,0,0,0,0,0,0,0,0,0,0,0,0,0,0,0,0,0,0,0,0,0,0,0,0,0,0,0,0,0,0,0,0,0,0,0,0,0,0,0,0,0,0,0,0,0,0,0,0,0,0,0,0,0,0,0,0,0,0,0,0,0,0,0,0,0,0,0,0,0,0
CC=CCNCCO,8.278993764172336,8.278993764172336,0.21979591836734702,0.21979591836734702,0.4034030359872481,10.75,115.17599999999999,102.07199999999999,115.099714036,48,0,1.625,2.375,2.875,1.8088121254443208,2.7185047751704623,61.5488750216347,6.242640687119286,5.223234477438853,5.223234477438853,3.914213562373095,2.842266440190208,2.842266440190208,1.4967665367107599,1.4967665367107599,0.7864710520623066,0.7864710520623066,0.3823034776512665,0.3823034776512665,-0.33999999999999997,7.659999999999999,6.66,5.66,50.21845450343238,10.423315998847038,0.0,0.0,0.0,0.0,0.0,0.0,0.0,0.0,0.0,12.152040213667762,6.923737199690624,13.08951281182515,6.606881964512918,5.106527394840706,0.0,0.0,5.316788604006331,0.0,6.923737199690624,19.696394776338067,12.152040213667762,0.0,0.0,5.316788604006331,0.0,0.0,0.0,24.80292217117877,0.0,0.0,6.923737199690624,12.152040213667762,0.0,0.0,0.0,32.26,0.0,0.0,0.0,6.606881964512918,6.544756405912575,6.544756405912575,0.0,0.0,19.075777413358384,5.316788604006331,5.106527394840706,0.0,0.0,0.0,11.278160430839002,0.0,0.0,0.0,3.986145124716553,3.7356944444444444,0.0,0.6666666666666666,8,2,2,0,0,0,0,0,0,0,0,0,2,2,2,0,4,0,0,0,0,0,6.37695,0,0.14439999999999997,34.769499999999994,0,1,1,0,0,0,0,0,0,0,0,0,0,0,0,0,1,0,0,0,0,0,0,0,0,0,1,0,0,0,0,0,0,0,0,0,0,0,0,0,0,0,0,0,0,0,0,0,0,0,0,0,0,0,0,0,0,0,0,0,0,0,0,0,0,0,0,0,0,0,0,0,0,0,0,0,0,0,0,0,0,0,0,0,0
CCCCCCCCCC#CC=CCNCCO,8.542912364236955,8.542912364236955,0.19223673292846555,0.19223673292846555,0.4361961975802639,10.555555555555555,251.414,222.18199999999996,251.22491454800002,104,0,1.0555555555555556,1.7777777777777777,2.5,2.391145174031294,3.17788353081585,237.21685286280805,13.313708498984765,11.880088726931236,11.880088726931236,8.914213562373096,7.364251477375216,7.364251477375216,4.522534476197778,4.522534476197778,2.759345413703758,2.759345413703758,1.683892955233714,1.683892955233714,-0.7800000000000001,17.22,16.219999999999995,15.219999999999995,112.86710103925776,10.423315998847038,0.0,0.0,0.0,0.0,0.0,0.0,0.0,0.0,0.0,63.36555568179185,12.49684172975989,19.51033443475116,6.606881964512918,5.106527394840706,0.0,0.0,5.316788604006331,0.0,58.29031018309871,19.696394776338067,12.152040213667762,0.0,11.840868637711289,5.316788604006331,0.0,0.0,0.0,24.80292217117877,0.0,11.840868637711289,58.29031018309871,12.152040213667762,0.0,0.0,0.0,32.26,0.0,0.0,0.0,6.606881964512918,6.544756405912575,12.965578028838586,44.94575136048208,0.0,12.152040213667762,24.081394441408243,5.106527394840706,0.0,0.0,0.0,11.608908203237498,0.0,6.204850532614332,0.0,14.308582191068373,3.8776590730797986,0.0,0.75,18,2,2,0,0,0,0,0,0,0,0,0,2,2,2,0,11,0,0,0,0,0,15.517133333333327,0,3.2686000000000015,79.48150000000004,0,1,1,0,0,0,0,0,0,0,0,0,0,0,0,0,1,0,0,0,0,0,0,0,0,0,1,0,0,0,0,0,0,0,0,0,0,0,0,0,0,0,0,0,0,0,0,0,0,0,0,0,0,0,0,0,0,0,0,0,0,0,0,0,0,0,0,0,0,0,0,0,0,0,0,0,0,0,0,0,0,0,0,7,0
CCCCCC=CCCCCCCCCC#CC=CCNCCO,8.60019535964227,8.60019535964227,0.18974834346780134,0.18974834346780134,0.22553904665935495,11.25,333.56,294.248,333.30316486799995,138,0,0.8333333333333334,1.5,2.2083333333333335,2.5986923395869,3.1999034601887013,348.71675308694444,17.55634918610405,15.86321639005668,15.86321639005668,11.914213562373096,10.014081391636275,10.014081391636275,6.278396047364983,6.278396047364983,3.9175937041676216,3.9175937041676216,2.443972610619559,2.443972610619559,-1.04,22.96,21.96,20.96,150.36715069345314,10.423315998847038,0.0,0.0,0.0,0.0,0.0,0.0,0.0,0.0,0.0,75.5175958954596,38.18012822146393,19.51033443475116,6.606881964512918,5.106527394840706,0.0,0.0,5.316788604006331,0.0,83.97359667480276,19.696394776338067,24.304080427335524,0.0,11.840868637711289,5.316788604006331,0.0,0.0,0.0,24.80292217117877,0.0,11.840868637711289,83.97359667480276,24.304080427335524,0.0,0.0,0.0,32.26,0.0,0.0,0.0,6.606881964512918,6.544756405912575,12.965578028838586,70.62903785218613,0.0,12.152040213667762,36.233434655076,5.106527394840706,0.0,0.0,0.0,11.681094820958922,0.0,6.257916199540354,0.0,24.186877713381843,3.8741112661188755,0.0,0.7272727272727273,24,2,2,0,0,0,0,0,0,0,0,0,2,2,2,0,16,0,0,0,0,0,21.0084,0,5.3852000000000055,107.08950000000007,0,1,1,0,0,0,0,0,0,0,0,0,0,0,0,0,1,0,0,0,0,0,0,0,0,0,3,0,0,0,0,0,0,0,0,0,0,0,0,0,0,0,0,0,0,0,0,0,0,0,0,0,0,0,0,0,0,0,0,0,0,0,0,0,0,0,0,0,0,0,0,0,0,0,0,0,0,0,0,0,0,0,0,10,0
CCCCC(C)CCCC=CCCCCCCCCC#CC=CCNCCO,8.627666692687303,8.627666692687303,0.18935305111446699,0.18935305111446699,0.14454608971781827,12.535714285714286,389.6680000000001,342.2920000000001,389.365765124,162,0,0.8571428571428571,1.5357142857142858,2.2857142857142856,2.7038212103426558,3.2703788024556375,415.8840902304432,20.547913017666765,18.854780221619396,18.854780221619396,13.808060412490446,11.907928241753625,11.907928241753625,7.960918032077149,7.960918032077149,5.061440554284973,5.061440554284973,3.2128713111079246,3.2128713111079246,-1.04,26.96,23.99852080123267,23.000064102564103,175.8269191510396,10.423315998847038,0.0,0.0,0.0,0.0,0.0,0.0,0.0,0.0,0.0,95.28297634100227,44.09803426762532,19.51033443475116,6.606881964512918,5.106527394840706,0.0,0.0,5.316788604006331,5.917906046161393,103.73897712034542,19.696394776338067,24.304080427335524,0.0,11.840868637711289,5.316788604006331,0.0,0.0,0.0,24.80292217117877,0.0,17.75877468387268,103.73897712034542,24.304080427335524,0.0,0.0,0.0,32.26,0.0,0.0,0.0,6.606881964512918,6.544756405912575,18.883484074999977,83.47068109803816,0.0,12.152040213667762,43.15717185476663,5.106527394840706,0.0,0.0,0.0,11.716074924793043,0.0,7.19419336412756,0.0,27.11734725197909,6.305717792433643,0.0,0.7692307692307693,28,2,2,0,0,0,0,0,0,0,1,0,2,2,2,0,19,0,0,0,0,1,23.1071471714726,0,6.801500000000008,125.4875000000001,0,1,1,0,0,0,0,0,0,0,0,0,0,0,0,0,1,0,0,0,0,0,0,0,0,0,3,0,0,0,0,0,0,0,0,0,0,0,0,0,0,0,0,0,0,0,0,0,0,0,0,0,0,0,0,0,0,0,0,0,0,0,0,0,0,0,0,0,0,0,0,0,0,0,0,0,0,0,0,0,0,0,0,9,0
CC(CCCC=CCCCCCCCCC#CC=CCNCCO)CCCCCCC=CCN,8.654280986442174,8.654280986442174,0.18650120395827918,0.18650120395827918,0.07755190675200728,12.676470588235293,472.80200000000036,416.3540000000002,472.43926441199994,196,0,0.7352941176470589,1.3235294117647058,2.0294117647058822,2.841109549478234,3.3133988972474016,541.3705531973185,24.790553704786046,22.41525815393446,22.41525815393446,16.80806041249045,14.258899665292,14.258899665292,9.517360119638331,9.517360119638331,6.13142740574492,6.13142740574492,3.982902996324533,3.982902996324533,-1.3399999999999999,32.65999999999999,29.691585596967773,28.692615786040435,212.30191738785106,16.156983476009223,0.0,0.0,0.0,0.0,0.0,0.0,0.0,0.0,0.0,106.9321009779054,56.93967751347735,26.055090840663738,6.606881964512918,5.106527394840706,0.0,0.0,5.316788604006331,11.651573523323577,116.07770478943283,26.241151182250643,36.45612064100329,0.0,11.840868637711289,11.050456081168516,0.0,0.0,0.0,31.347678577091347,0.0,17.75877468387268,116.07770478943283,36.45612064100329,0.0,0.0,0.0,58.28,0.0,0.0,0.0,6.606881964512918,13.08951281182515,18.883484074999977,102.7331459668162,0.0,12.152040213667762,48.38547486874376,10.84019487200289,0.0,0.0,0.0,11.747482584178007,5.452352979147927,7.178054973873291,0.0,35.244489516623375,4.710953279510743,0.0,0.7419354838709677,34,4,3,0,0,0,0,0,0,0,1,0,3,3,3,0,24,0,0,0,0,1,28.521387811675506,0,7.466800000000008,151.8588999999999,0,1,1,0,0,0,0,0,0,0,0,0,0,0,0,0,1,1,0,0,0,0,0,0,0,0,4,0,0,0,0,0,0,0,0,0,0,0,0,0,0,0,0,0,0,0,0,0,0,0,0,0,0,0,0,0,0,0,0,0,0,0,0,0,0,0,0,0,0,0,0,0,0,0,0,0,0,0,0,0,0,0,0,12,0
CC(O)CN,8.23611111111111,8.23611111111111,0.33796296296296324,-0.33796296296296324,0.43375529257897977,15.0,75.111,66.039,75.068413908,32,0,2.0,2.2,2.2,1.3787834934861756,2.5395388613593903,20.854752972273346,4.284457050376173,3.309020915065757,3.309020915065757,2.270055610029662,1.652045739864513,1.652045739864513,1.0847236264415954,1.0847236264415954,0.34111151573446186,0.34111151573446186,0.0,0.0,-0.08,4.920000000000001,2.1751020408163266,3.92,31.603259705831494,10.84019487200289,0.0,0.0,0.0,0.0,0.0,0.0,0.0,0.0,0.0,0.0,6.923737199690624,6.544756405912575,6.103966387748303,5.106527394840706,0.0,0.0,0.0,5.733667477162185,13.027703587438927,6.544756405912575,0.0,0.0,0.0,5.733667477162185,0.0,0.0,0.0,17.755250188501584,0.0,0.0,6.923737199690624,0.0,0.0,0.0,0.0,46.25,0.0,0.0,0.0,6.103966387748303,6.544756405912575,0.0,0.0,6.923737199690624,0.0,0.0,10.84019487200289,0.0,0.0,0.0,8.23611111111111,4.921296296296296,0.0,0.0,-0.33796296296296324,2.013888888888889,0.0,1.0,5,3,2,0,0,0,0,0,0,0,1,0,2,2,2,0,1,0,0,0,0,1,2.1403004081632657,0,-0.6741000000000001,20.735200000000003,0,1,1,0,0,0,0,0,0,0,0,0,0,0,0,0,0,1,0,0,0,0,0,0,0,0,0,0,0,0,0,0,0,0,0,0,0,0,0,0,0,0,0,0,0,0,0,0,0,0,0,0,0,0,0,0,0,0,0,0,0,0,0,0,0,0,0,0,0,0,0,0,0,0,0,0,0,0,0,0,0,0,0,0,0
OC1=C2CC12,8.364583333333332,8.364583333333332,0.6064814814814812,0.6064814814814812,0.445502876956558,41.2,68.07499999999999,64.04299999999999,68.026214748,26,0,1.8,2.2,2.2,2.10845859334435,2.545788326143117,106.81635834269237,3.4391575887554247,2.731670645876131,2.731670645876131,2.393846850117352,1.8127587479967415,1.8127587479967415,1.6671888218651525,1.6671888218651525,1.2602776275204504,1.2602776275204504,0.5368243224831399,0.5368243224831399,-0.46,1.8537145016877583,0.25094234141581956,0.06304245049244735,29.927045783972677,5.106527394840706,0.0,0.0,0.0,0.0,0.0,0.0,0.0,0.0,0.0,0.0,11.993926152995277,5.917906046161393,5.759164871656176,5.106527394840706,0.0,0.0,0.0,5.917906046161393,6.4208216229260096,0.0,11.332269401725444,0.0,0.0,0.0,0.0,0.0,0.0,5.106527394840706,0.0,5.917906046161393,6.4208216229260096,11.332269401725444,0.0,0.0,0.0,20.23,0.0,0.0,0.0,0.0,11.67707091781757,0.0,11.993926152995277,0.0,0.0,0.0,5.106527394840706,0.0,0.0,0.0,8.364583333333332,1.3101851851851853,1.2916666666666665,0.0,1.2002314814814814,0.0,0.0,0.5,5,1,1,2,0,2,0,0,0,0,1,0,1,1,1,0,0,1,0,1,0,1,0.09303509147399705,2,0.832,17.761799999999997,0,1,1,0,0,0,0,0,0,0,0,0,0,0,0,0,0,0,0,0,0,0,0,0,0,0,2,0,0,0,0,0,0,0,0,0,1,0,0,0,0,0,0,0,0,0,0,0,0,0,0,0,0,0,0,0,0,0,0,0,0,0,0,0,0,0,0,0,0,0,0,0,0,0,0,0,0,0,0,0,0,0,0,0,0
OC1=C2OCOC=CCCC12,9.143021541950112,9.143021541950112,0.1818055555555551,0.1818055555555551,0.5765660185511929,28.90909090909091,154.165,144.08499999999998,154.06299418,60,0,1.5454545454545454,2.4545454545454546,3.3636363636363638,2.6281138663465584,1.9493415317227762,217.3770603374623,7.681798275874712,6.117081327556205,6.117081327556205,5.393846850117351,3.717963656017738,3.717963656017738,2.680067696153304,2.680067696153304,1.9126038817932156,1.9126038817932156,1.2124346996894582,1.2124346996894582,-1.12,6.58150302768166,2.490345126604231,1.1791956334386666,64.9243016683886,14.580253302440804,11.518329743312352,0.0,6.792942306099827,0.0,0.0,0.0,0.0,0.0,0.0,0.0,18.9176633526859,0.0,12.179986494582185,14.580253302440804,0.0,0.0,0.0,5.917906046161393,12.841643245852019,6.792942306099827,23.856430298567023,0.0,0.0,0.0,0.0,0.0,0.0,11.899469700940532,9.473725907600098,5.917906046161393,12.841643245852019,23.856430298567023,0.0,0.0,0.0,38.69,0.0,0.0,0.0,12.71084835226122,11.518329743312352,12.841643245852019,0.0,6.26208044842079,6.076020106833881,0.0,14.580253302440804,10.057083333333333,0.0,0.0,9.143021541950112,0.0,1.3045833333333334,0.0,5.447302532123961,0.21467592592592588,0.0,0.5,11,1,3,1,1,2,0,0,0,0,1,0,3,1,3,1,0,0,0,0,0,1,1.4900194537016376,2,1.684,38.55580000000001,0,1,1,0,0,0,0,0,0,0,0,0,0,0,0,0,0,0,0,0,0,0,0,0,0,0,3,0,0,0,0,0,0,0,0,0,1,0,0,0,0,2,0,0,0,0,0,0,0,0,0,0,0,0,0,0,0,0,0,0,0,0,0,0,0,0,0,0,0,0,0,0,0,0,0,0,0,0,0,0,0,0,0,0,0
OC1=[SH2]2C=CCCC12,9.036887860082304,9.036887860082304,0.41242283950617276,-0.41242283950617276,0.48672034838810146,37.375,130.212,120.13199999999998,130.04523594,46,0,1.75,2.625,3.125,2.4581739035731753,2.2525524603606235,180.96755675238097,5.560477932315068,4.593477965441931,5.593477965441931,3.893846850117352,2.9894621157954777,4.644162654174729,2.372887266320534,4.826109559580295,1.8373337459458365,4.374085250740975,1.2416508451758153,3.4867363342573237,-0.08000000000000004,4.7665885097226965,1.4528623872557007,0.5005542980735374,50.95179698389781,5.106527394840706,0.0,0.0,0.0,0.0,0.0,0.0,10.484065045802941,0.0,0.0,11.484072197488544,12.841643245852019,5.249938029982174,5.0506276603385345,5.106527394840706,15.534692706141476,0.0,0.0,0.0,18.091581275834194,0.0,11.484072197488544,0.0,0.0,0.0,0.0,0.0,10.484065045802941,15.407093085161414,0.0,0.0,12.841643245852019,11.484072197488544,0.0,0.0,0.0,20.23,10.484065045802941,0.0,0.0,0.0,5.249938029982174,5.0506276603385345,12.841643245852019,0.0,0.0,11.484072197488544,5.106527394840706,0.0,0.0,0.0,12.733647119341562,0.0,0.0,0.0,4.604701646090534,0.0,-0.41242283950617276,0.5,8,1,1,0,2,2,0,0,0,0,1,0,0,1,2,2,0,0,0,0,0,1,0.8656496451626637,2,1.0975,40.17880000000002,0,1,1,0,0,0,0,0,0,0,0,0,0,0,0,0,0,0,0,0,0,0,0,0,0,0,1,0,0,0,0,0,0,0,0,0,1,0,0,0,0,0,0,0,0,0,0,0,0,0,0,0,0,0,0,0,0,0,0,0,0,0,0,0,0,0,0,0,0,0,0,0,0,0,0,0,0,0,0,0,0,0,0,0,0
OC1=C2CC=B[SH2]C=CCCC1CCC2,10.126292517006803,10.126292517006803,0.438179012345679,0.438179012345679,0.6245828140864778,29.733333333333334,222.16199999999992,203.00999999999996,222.124966628,82,0,1.4,2.3333333333333335,3.2666666666666666,2.277962864006991,2.1541589792036158,306.74398016946014,10.510225400620904,9.076605628567375,10.076605628567375,7.377010097711744,5.846398811243085,7.001099349622336,4.330824687098603,5.330824687098603,3.2542737737610725,4.110578474011855,2.3765670658046325,3.0443615007560774,-0.43506493506493527,11.062400172637313,5.594759140693074,3.006580770583322,96.453107617252,0.0,0.0,0.0,0.0,0.0,96.14438659932557,0.0,0.0,0.0,0.0,0.0,0.0,0.0,0.0,5.106527394840706,23.778681821553416,0.0,0.0,5.917906046161393,38.524929737556064,0.0,22.816341599213985,0.0,0.0,0.0,0.0,0.0,11.61301671166629,17.272192504727833,0.0,5.917906046161393,38.524929737556064,22.816341599213985,0.0,0.0,0.0,20.23,0.0,5.106527394840706,0.0,0.0,11.67707091781757,37.29630320337033,18.414747775921285,0.0,0.0,23.649737307375666,0.0,0.0,0.810187704711514,0.0,12.383725434618292,1.2862962962962965,3.361064814814815,0.0,11.214281305114639,0.0,0.0,0.5833333333333334,15,1,1,1,1,2,0,0,0,0,1,2,1,1,3,1,0,0,0,0,0,1,4.1260976322578164,2,2.9154000000000018,72.18580000000003,0,1,1,0,0,0,0,0,0,0,0,0,0,0,0,0,0,0,0,0,0,0,0,0,0,0,3,0,0,0,0,0,0,0,0,0,1,0,0,0,0,0,0,0,0,0,0,0,0,0,0,0,0,0,0,0,0,0,0,0,0,0,0,0,0,0,0,0,0,0,0,0,0,0,0,0,0,0,0,0,0,0,0,0,0
C=C(O)CC,8.166666666666666,8.166666666666666,0.25462962962963,0.25462962962963,0.46486266744374594,7.4,72.107,64.04299999999999,72.057514876,30,0,2.0,2.2,2.2,1.3787834934861756,2.8473789230876716,38.912609383243264,4.284457050376173,3.361427157873053,3.361427157873053,2.270055610029662,1.6378203601230739,1.6378203601230739,0.9197811566101115,0.9197811566101115,0.4081138830084189,0.4081138830084189,0.0,0.0,-0.46,4.54,1.8224858757062146,3.5400000000000005,31.938708091031135,5.106527394840706,0.0,0.0,0.0,0.0,0.0,0.0,0.0,0.0,0.0,13.502672883289122,0.0,6.4208216229260096,5.759164871656176,5.106527394840706,0.0,0.0,0.0,0.0,13.344558822616634,0.0,12.338100555254673,0.0,0.0,0.0,0.0,0.0,0.0,5.106527394840706,0.0,0.0,13.344558822616634,12.338100555254673,0.0,0.0,0.0,20.23,0.0,0.0,0.0,5.759164871656176,6.4208216229260096,0.0,0.0,0.0,6.923737199690624,6.578935683598497,5.106527394840706,0.0,0.0,0.0,8.166666666666666,0.0,0.25462962962963,0.0,0.6666666666666666,5.078703703703703,0.0,0.5,5,1,1,0,0,0,0,0,0,0,0,0,1,1,1,0,1,0,0,0,0,0,1.6548171751412428,0,1.4681,22.059799999999996,0,1,1,0,0,0,0,0,0,0,0,0,0,0,0,0,0,0,0,0,0,0,0,0,0,0,1,0,0,0,0,0,0,0,0,0,0,0,0,0,0,0,0,0,0,0,0,0,0,0,0,0,0,0,0,0,0,0,0,0,0,0,0,0,0,0,0,0,0,0,0,0,0,0,0,0,0,0,0,0,0,0,0,0,0
CCCN(F)CC=CCO,12.42706632653061,12.42706632653061,0.013923611111111178,-0.013923611111111178,0.4652104751295704,11.6,147.19299999999998,133.081,147.105942288,60,0,1.5,2.2,2.7,1.8918171912353576,3.1990981635772138,95.60689651177816,7.819990956308912,6.255519327134586,6.255519327134586,4.808060412490447,3.474650844443824,3.474650844443824,2.022812209827979,2.022812209827979,1.041827284383624,1.041827284383624,0.5973641527932569,0.5973641527932569,-0.41,9.59,6.706414435389988,5.7217523056653485,60.89418157789057,5.106527394840706,0.0,0.0,0.0,0.0,0.0,0.0,0.0,0.0,9.603306981400786,19.075777413358384,6.4208216229260096,13.08951281182515,6.606881964512918,9.58780050957414,0.0,0.0,5.12203386666735,0.0,13.344558822616634,19.696394776338067,12.152040213667762,0.0,0.0,0.0,4.481273114733436,0.0,0.0,29.924956037846123,0.0,0.0,13.344558822616634,12.152040213667762,0.0,0.0,0.0,23.47,0.0,4.481273114733436,0.0,13.151638370425493,11.666790272579926,6.4208216229260096,6.076020106833881,6.076020106833881,6.923737199690624,0.0,5.106527394840706,12.42706632653061,0.0,0.0,8.995715624212648,0.0,0.0,0.0,3.945798611111111,2.6314194381456284,0.0,0.7142857142857143,10,1,2,0,0,0,0,0,0,0,0,0,2,1,3,0,5,0,0,0,0,0,6.4314514435389984,0,1.1314,39.1978,0,1,1,0,0,0,0,0,0,0,0,0,0,0,0,1,0,0,0,0,0,0,0,0,0,0,0,0,0,0,0,0,0,0,0,0,0,0,0,0,0,0,0,0,1,0,0,0,0,0,0,0,0,0,0,0,0,0,0,0,0,0,0,0,0,0,0,0,0,0,0,0,0,0,0,0,0,0,0,0,0,0,0,0,0
OC1=CCC1,8.309027777777779,8.309027777777779,0.5601851851851856,0.5601851851851856,0.4540302843163703,20.4,70.09100000000001,64.04299999999999,70.041864812,28,0,1.8,2.2,2.2,1.2987949406953987,2.511032397353282,64.04820237218406,3.698670612749268,2.9387774270626785,2.9387774270626785,2.393846850117352,1.7740836134019287,1.7740836134019287,1.2341367529406753,1.2341367529406753,0.7804407609821429,0.7804407609821429,0.273437012170987,0.273437012170987,-0.46,2.7602643171806167,0.7441340301580889,0.2735427283035098,30.932876937501902,5.106527394840706,0.0,0.0,0.0,0.0,0.0,0.0,0.0,0.0,0.0,0.0,12.49684172975989,6.4208216229260096,5.759164871656176,5.106527394840706,0.0,0.0,0.0,0.0,12.841643245852019,0.0,11.835184978490057,0.0,0.0,0.0,0.0,0.0,0.0,5.106527394840706,0.0,0.0,12.841643245852019,11.835184978490057,0.0,0.0,0.0,20.23,0.0,0.0,0.0,0.0,5.759164871656176,12.841643245852019,0.0,0.0,6.076020106833881,0.0,5.106527394840706,0.0,0.0,0.0,8.309027777777779,0.0,0.5601851851851856,0.0,3.7974537037037033,0.0,0.0,0.5,5,1,1,1,0,1,0,0,0,0,0,0,1,1,1,0,0,0,0,0,0,0,0.41080132212903553,1,1.2221,19.945799999999995,0,1,1,0,0,0,0,0,0,0,0,0,0,0,0,0,0,0,0,0,0,0,0,0,0,0,2,0,0,0,0,0,0,0,0,0,0,0,0,0,0,0,0,0,0,0,0,0,0,0,0,0,0,0,0,0,0,0,0,0,0,0,0,0,0,0,0,0,0,0,0,0,0,0,0,0,0,0,0,0,0,0,0,0,0
CCCCCC=CCC=CCO,8.428024124594742,8.428024124594742,0.1564233241505968,0.1564233241505968,0.4573251536748563,11.833333333333334,168.27999999999997,148.11999999999998,168.15141526,70,0,1.0,1.75,2.4166666666666665,2.098390961316241,3.0843361651247143,124.9658022036436,9.071067811865477,7.999255359377749,7.999255359377749,5.914213562373096,4.8229943757255045,4.8229943757255045,2.856867403593995,2.856867403593995,1.6852523181400603,1.6852523181400603,0.9755929368046291,0.9755929368046291,-0.56,11.44,10.44,9.44,75.80369985962314,5.106527394840706,0.0,0.0,0.0,0.0,0.0,0.0,0.0,0.0,0.0,44.06946087287817,19.26246486877803,0.0,6.606881964512918,5.106527394840706,0.0,0.0,0.0,0.0,39.02784531432067,6.606881964512918,24.304080427335524,0.0,0.0,0.0,0.0,0.0,0.0,11.713409359353623,0.0,0.0,39.02784531432067,24.304080427335524,0.0,0.0,0.0,20.23,0.0,0.0,0.0,6.606881964512918,0.0,6.4208216229260096,25.683286491704038,6.076020106833881,6.076020106833881,19.075777413358384,5.106527394840706,0.0,0.0,0.0,8.428024124594742,0.0,0.0,0.0,14.199580042071926,2.372395833333333,0.0,0.6363636363636364,12,1,1,0,0,0,0,0,0,0,0,0,1,1,1,0,7,0,0,0,0,0,9.952799999999998,0,3.061500000000002,54.124800000000036,0,1,1,0,0,0,0,0,0,0,0,0,0,0,0,0,0,0,0,0,0,0,0,0,0,0,3,0,0,0,0,0,0,0,0,0,0,0,0,0,0,0,0,0,0,0,0,0,0,0,0,0,0,0,0,0,0,0,0,0,0,0,0,0,0,0,0,0,0,0,0,0,0,0,0,0,0,0,0,0,0,0,0,3,0
OCC=CCC=CCCCCCCCC1CCCCC1,8.582010497567085,8.582010497567085,0.16140589569161,0.16140589569161,0.37430726204617926,17.45,278.47999999999996,244.20799999999994,278.260965708,116,0,0.75,1.45,2.25,2.4932184976100884,1.7877979696496593,248.49186425914638,14.305272330547487,13.233459878059756,13.233459878059756,9.931851652578137,8.840632465930545,8.840632465930545,6.210238554722515,6.210238554722515,4.41881623463417,4.41881623463417,3.164750525560054,3.164750525560054,-0.56,17.491440329218108,13.424313785563017,10.254170750723993,125.71740562126679,5.106527394840706,0.0,0.0,0.0,0.0,0.0,0.0,0.0,0.0,0.0,88.51229665659565,25.180370914939424,0.0,6.606881964512918,5.106527394840706,0.0,0.0,0.0,5.917906046161393,83.47068109803816,6.606881964512918,24.304080427335524,0.0,0.0,0.0,0.0,0.0,0.0,11.713409359353623,0.0,5.917906046161393,83.47068109803816,24.304080427335524,0.0,0.0,0.0,20.23,0.0,0.0,0.0,6.606881964512918,0.0,12.338727669087403,77.04985947511214,6.076020106833881,6.076020106833881,12.152040213667762,5.106527394840706,0.0,0.0,0.0,8.582010497567085,0.0,1.068202607445413,0.0,26.521714332629223,0.16140589569161,0.0,0.7894736842105263,20,1,1,1,0,1,0,0,0,0,0,0,1,1,1,0,11,1,0,1,0,0,11.74052917704378,1,5.792200000000006,88.87680000000007,0,1,1,0,0,0,0,0,0,0,0,0,0,0,0,0,0,0,0,0,0,0,0,0,0,0,3,0,0,0,0,0,0,0,0,0,0,0,0,0,0,0,0,0,0,0,0,0,0,0,0,0,0,0,0,0,0,0,0,0,0,0,0,0,0,0,0,0,0,0,0,0,0,0,0,0,0,0,0,0,0,0,0,5,0
CC12C=C1CCCC2CCCCCCCC=CCC=CCO,8.610092019697996,8.610092019697996,0.15795971513605434,0.15795971513605434,0.3686909718602899,27.363636363636363,302.50199999999995,268.22999999999996,302.26096570799996,124,0,1.0909090909090908,1.8636363636363635,2.727272727272727,3.2051234053256223,1.3955653875175942,404.1302028029219,15.675515818550565,14.396596584876288,14.396596584876288,10.7710036028249,9.401962969844394,9.401962969844394,7.247622705789879,7.247622705789879,5.563701883458101,5.563701883458101,3.9769896015324626,3.9769896015324626,-0.8200000000000001,17.532554434128176,9.348380697745055,5.426155605490637,136.75185566434652,5.106527394840706,0.0,0.0,0.0,0.0,0.0,0.0,0.0,0.0,0.0,68.56022875563333,50.86365740664347,5.41499046939678,6.606881964512918,5.106527394840706,0.0,0.0,0.0,11.332896515558172,77.55277505187675,6.606881964512918,35.953205064238674,0.0,0.0,0.0,0.0,0.0,0.0,11.713409359353623,0.0,11.332896515558172,77.55277505187675,35.953205064238674,0.0,0.0,0.0,20.23,0.0,0.0,0.0,6.606881964512918,5.41499046939678,12.338727669087403,64.20821622926012,11.64912463690315,6.076020106833881,25.151797520192265,5.106527394840706,0.0,0.0,0.0,8.610092019697996,2.3309486807177047,0.9640359407787463,0.0,25.720453348098847,2.6244700107067103,0.0,0.7142857142857143,22,1,1,2,0,2,0,0,0,0,2,0,1,1,1,0,11,1,0,1,0,2,7.450045157007651,2,5.958300000000007,95.83280000000005,0,1,1,0,0,0,0,0,0,0,0,0,0,0,0,0,0,0,0,0,0,0,0,0,0,0,5,0,0,0,0,0,0,0,0,0,1,0,0,0,0,0,0,0,0,0,0,0,0,0,0,0,0,0,0,0,0,0,0,0,0,0,0,0,0,0,0,0,0,0,0,0,0,0,0,0,0,0,0,0,0,0,0,5,0
C#CCCCC(C)CB=CCC[N+]C(O)(CCCCC=CO)CCCCCNCC,11.045819432989486,11.045819432989486,0.6654071280008361,-0.9052886940034686,0.1084076474132832,14.6,417.46700000000027,371.09900000000016,417.36468553209,170,2,1.1333333333333333,1.9,2.6,2.7309540982122975,4.201113789349877,476.25930702394106,22.340806236480212,19.619450900622393,19.619450900622393,14.575827365456817,12.070447508187293,12.070447508187293,8.356251451565948,8.356251451565948,5.409116865670717,5.409116865670717,3.503639512433505,3.503639512433505,-1.0850649350649353,28.914935064935065,21.15858485137641,18.91284699171913,186.77048153153308,0.0,0.0,0.0,0.0,0.0,179.98664841334065,0.0,0.0,0.0,0.0,6.923737199690624,0.0,0.0,0.0,10.213054789681411,12.887200721599992,0.0,10.633577208012662,5.917906046161393,102.94249286010748,19.634269217737724,12.338100555254671,0.0,12.343784214475903,10.633577208012662,0.0,0.0,0.0,48.459510322989374,0.0,18.261690260637295,90.89733387449338,12.338100555254671,6.320173391643847,0.0,0.0,66.59,5.724985593970254,5.106527394840706,0.0,0.0,18.883484074999977,89.87998288114991,6.4208216229260096,6.076020106833881,0.0,43.288686647849545,11.529877290460965,0.0,0.0,0.0,27.81375565185893,-0.9052886940034686,5.564824813914877,0.0,20.73719046546415,9.372851096098849,0.0,0.8,30,3,4,0,0,0,0,0,0,0,2,0,3,3,5,0,21,0,0,0,0,2,20.393303568115588,0,4.835800000000003,132.28930000000003,0,2,1,0,0,0,0,0,0,0,0,0,0,0,0,1,1,0,0,0,0,0,0,0,0,0,1,0,0,0,0,0,0,0,0,0,0,0,0,0,0,0,0,0,0,0,0,0,0,0,0,0,0,0,0,0,0,0,0,0,0,0,0,0,0,0,0,0,0,0,0,0,0,0,0,0,0,0,1,0,0,0,0,5,0
C#CCCCC(C)CB=CCC[N+]C(O)(CCCC#CC1CCNO1)CCCCCNCC,11.18467399333214,11.18467399333214,0.011236116407486563,-0.9289344092340053,0.15766697837657181,18.303030303030305,456.50400000000036,409.1280000000002,456.37558456409005,184,2,1.2727272727272727,2.121212121212121,2.878787878787879,3.320260099121402,2.329601232167545,604.7132865511336,24.03947684922948,21.210242107583213,21.210242107583213,16.093465455661857,13.164523606515607,13.164523606515607,9.189869504262736,9.189869504262736,5.981923773234703,5.981923773234703,3.914790986956966,3.914790986956966,-1.1450649350649353,29.886327375042164,20.247229142984413,17.01658723223916,204.00657519123752,0.0,0.0,0.0,0.0,0.0,185.3244440724415,0.0,5.480096598121202,0.0,0.0,6.923737199690624,0.0,6.544756405912575,0.0,9.94411597857734,12.887200721599992,0.0,16.113673806133864,5.917906046161393,109.04645924785578,26.1790256236503,0.0,0.0,24.18465285218719,16.113673806133864,0.0,0.0,0.0,56.00170572180954,4.8375885837366335,30.102558898348583,90.89733387449338,0.0,6.320173391643847,0.0,0.0,67.62,5.724985593970254,5.106527394840706,0.0,6.103966387748303,18.883484074999977,90.16265883864169,6.4208216229260096,0.0,0.0,55.292863279675714,16.57772708336322,0.0,0.0,5.30729304907629,19.27135078189105,1.9302795303408216,11.944396204673057,0.0,17.706232709614515,10.257114391070928,0.0,0.8148148148148148,33,3,5,0,1,1,0,0,0,0,3,0,4,3,6,1,19,0,1,1,0,3,18.336827836506867,1,3.6709000000000023,141.17219999999995,0,1,0,0,0,0,0,0,0,0,0,0,0,0,0,1,2,0,1,0,0,0,0,0,0,0,0,0,0,0,0,0,0,0,0,0,0,0,0,0,0,0,0,0,0,0,0,0,0,0,0,0,0,0,0,0,0,0,0,0,0,0,0,0,0,0,0,0,0,0,0,0,0,0,0,0,0,0,1,0,0,0,0,4,0
C#CCCCC(C)CB=CCC[N+]C(O)(CCCC#CC1CC1(N)NONC)CCCCCNCC,11.256087122743523,11.256087122743523,0.09535648677785669,-0.9626812686105994,0.05148738915603093,21.27777777777778,500.5610000000004,449.15300000000025,500.4130326920901,202,2,1.2777777777777777,2.0833333333333335,2.8333333333333335,3.5127247125172403,2.3799356964881406,704.2791640737533,26.53947684922948,23.08048559558629,23.08048559558629,17.3881058621659,13.960295760541648,13.960295760541648,10.105688810555442,10.105688810555442,6.607676258454201,6.607676258454201,4.1315495227239465,4.1315495227239465,-1.2250649350649354,32.803691409070076,19.828939363769212,15.792675417883043,221.21530868573285,5.733667477162185,0.0,0.0,0.0,0.0,185.96365518248786,0.0,4.938314213673218,10.960193196242404,0.0,6.923737199690624,0.0,7.04767198267719,0.0,10.044841608513924,12.887200721599992,0.0,21.593770404255064,17.569479569484972,108.6053528954774,26.681941200414915,0.0,0.0,24.18465285218719,27.32743788141725,0.0,0.0,0.0,56.06351494619577,4.938314213673218,36.020464944509975,90.89733387449338,0.0,6.320173391643847,0.0,0.0,105.67,11.387845629340166,5.106527394840706,0.0,5.917906046161393,25.304305697925987,77.19708080980311,6.4208216229260096,7.04767198267719,0.0,60.77295987779691,22.41212019046199,0.0,0.0,4.971070973444039,19.348804280262957,9.961016953319154,12.101273318712124,0.0,17.283527614091746,9.325707817395015,1.6752657094416294,0.8214285714285714,36,6,7,1,0,1,0,0,0,0,4,0,6,5,8,0,22,1,0,1,0,4,18.068400218284655,1,2.707900000000003,151.98529999999988,0,1,0,0,0,0,0,0,0,0,0,0,0,0,0,1,3,1,2,0,0,0,0,0,0,0,0,0,0,0,0,0,0,0,0,0,0,0,0,0,0,0,0,0,0,0,0,0,0,0,0,0,0,0,0,0,0,0,0,0,0,0,0,0,0,0,0,0,0,0,0,0,0,0,0,0,0,0,1,0,0,0,0,4,0
CCCCNCOCCCCO,8.467742095116282,8.467742095116282,0.27045960532973523,0.27045960532973523,0.40744334988310504,10.5,175.27199999999996,154.10399999999998,175.157228912,74,0,1.25,2.0833333333333335,2.75,2.098390961316241,2.72724281291869,68.92878689342031,9.071067811865477,8.012316135456203,8.012316135456203,5.914213562373096,4.807791597579559,4.807791597579559,2.836852827291069,2.836852827291069,1.6080199440217107,1.6080199440217107,0.8342105903496675,0.8342105903496675,-0.12,11.879999999999999,10.88,9.88,75.11642910831335,9.843390348640755,0.0,0.0,0.0,0.0,0.0,5.316788604006331,0.0,0.0,0.0,13.344558822616634,25.807221274690605,13.213763929025836,6.730816747499484,9.843390348640755,0.0,0.0,5.316788604006331,0.0,32.60702369139466,26.489337082437896,0.0,0.0,0.0,5.316788604006331,0.0,0.0,0.0,31.595864477278603,4.736862953800049,0.0,32.60702369139466,0.0,0.0,0.0,0.0,41.489999999999995,0.0,0.0,0.0,6.606881964512918,6.730816747499484,25.99328161627751,12.841643245852019,0.0,0.0,12.240525803696954,9.843390348640755,5.260056689342404,0.0,0.0,11.646240536159366,0.0,0.0,0.0,4.2206648556269775,4.873037918871253,0.0,1.0,12,2,3,0,0,0,0,0,0,0,0,0,3,2,3,0,9,0,0,0,0,0,10.7712,0,1.1226999999999998,50.04950000000002,0,1,1,0,0,0,0,0,0,0,0,0,0,0,0,0,1,0,0,0,0,0,0,0,0,0,0,0,0,0,0,0,0,0,0,0,0,0,0,0,0,1,0,0,0,0,0,0,0,0,0,0,0,0,0,0,0,0,0,0,0,0,0,0,0,0,0,0,0,0,0,0,0,0,0,0,0,0,0,0,0,0,0,2,0
CNCCCCCCCCNCOCCCCO,8.58283525060283,8.58283525060283,0.2689554829284655,0.2689554829284655,0.31078276698775575,11.0,260.4219999999999,228.16599999999994,260.246378264,110,0,0.8333333333333334,1.5,2.1666666666666665,2.391145174031294,2.862306209193584,129.75568111715518,13.313708498984765,12.047850041388942,12.047850041388942,8.914213562373096,7.454238206986285,7.454238206986285,4.708173170850712,4.708173170850712,2.9312432487250737,2.9312432487250737,1.7913173715362147,1.7913173715362147,-0.16,17.839999999999996,16.839999999999996,15.84,112.49100186390444,15.160178952647085,0.0,0.0,0.0,0.0,0.0,5.316788604006331,0.0,0.0,0.0,25.683286491704038,45.820471286206384,13.213763929025836,6.730816747499484,9.843390348640755,0.0,0.0,10.633577208012662,0.0,51.36657298340809,40.08176547102766,0.0,0.0,0.0,10.633577208012662,0.0,0.0,0.0,45.18829286586836,4.736862953800049,0.0,51.36657298340809,0.0,0.0,0.0,0.0,53.519999999999996,0.0,0.0,0.0,6.606881964512918,6.730816747499484,32.53803802219009,38.524929737556064,0.0,7.04767198267719,10.633577208012662,9.843390348640755,5.378551238708997,0.0,0.0,15.034969461018802,0.0,0.0,0.0,9.710516027817034,3.8645043632753335,2.0114589091798316,1.0,18,3,4,0,0,0,0,0,0,0,0,0,4,3,4,0,15,0,0,0,0,0,16.690311111111104,0,1.8825999999999996,76.77020000000006,0,1,1,0,0,0,0,0,0,0,0,0,0,0,0,0,2,0,0,0,0,0,0,0,0,0,0,0,0,0,0,0,0,0,0,0,0,0,0,0,0,1,0,0,0,0,0,0,0,0,0,0,0,0,0,0,0,0,0,0,0,0,0,0,0,0,0,0,0,0,0,0,0,0,0,0,0,0,0,0,0,0,0,6,0
CNCCCCC=CNCCCCCCCCNCOCCCCO,8.64565019045259,8.64565019045259,0.2646538583281248,0.2646538583281248,0.18769811380900261,11.44,357.58300000000014,314.23900000000003,357.335527616,150,0,0.8,1.52,2.28,2.628133523535876,3.0119983876481493,263.32582068779425,18.263455967290597,16.530977704514385,16.530977704514385,12.414213562373096,10.338048355971567,10.338048355971567,6.560448158926187,6.560448158926187,4.108850583613231,4.108850583613231,2.5305681416473447,2.5305681416473447,-0.6200000000000001,24.38,23.38,23.379999999999995,155.5409137017079,20.476967556653417,0.0,0.0,0.0,0.0,0.0,5.316788604006331,0.0,0.0,0.0,31.75930659853792,71.28289104480486,19.75852033493841,6.730816747499484,9.843390348640755,0.0,0.0,15.950365812018994,0.0,70.62903785218613,46.62652187694023,12.27597499665433,0.0,0.0,15.950365812018994,0.0,0.0,0.0,51.733049271780935,4.736862953800049,0.0,70.62903785218613,12.27597499665433,0.0,0.0,0.0,65.55,0.0,0.0,0.0,6.606881964512918,6.730816747499484,39.08279442810266,57.787394606334104,0.0,7.04767198267719,28.22634080867332,9.843390348640755,5.422519026655956,0.0,0.0,18.50717662334824,0.0,0.0,0.0,17.652977217876227,4.910114110722164,2.007213021397415,0.9,25,4,5,0,0,0,0,0,0,0,0,0,5,4,5,0,21,0,0,0,0,0,22.800175999999997,0,3.1562000000000014,107.76390000000008,0,1,1,0,0,0,0,0,0,0,0,0,0,0,0,0,3,0,0,0,0,0,0,0,0,0,1,0,0,0,0,0,0,0,0,0,0,0,0,0,0,1,0,0,0,0,0,0,0,0,0,0,0,0,0,0,0,0,0,0,0,0,0,0,0,0,0,0,0,0,0,0,0,0,0,0,0,0,0,0,0,0,0,8,0
OCC=COP1CC1,8.239949189552364,8.239949189552364,0.05998971193415592,-0.05998971193415592,0.4566745968377412,19.625,132.09900000000002,123.02699999999999,132.03401615800001,46,0,1.625,2.375,2.875,2.5075307521001715,1.9347391074327125,88.42945954287094,5.819990956308912,4.578696363402672,5.473123554402589,3.931851652578137,2.6085413680782814,4.2386008038157446,1.5887877480545696,3.657644824726657,0.8177445442339224,2.0499650322939997,0.3183666775501064,1.11398271034625,-0.07,6.056103404791929,3.05590397630444,2.2919342640284075,49.997719920405856,9.630274556552523,0.0,0.0,0.0,0.0,0.0,0.0,0.0,0.0,0.0,0.0,6.076020106833881,12.323820054935842,21.017485301621505,9.630274556552523,8.148522888687797,0.0,0.0,0.0,0.0,18.93070201944876,12.338100555254671,0.0,0.0,0.0,0.0,0.0,8.148522888687797,24.037229414289467,4.5237471617118175,0.0,0.0,12.338100555254671,0.0,0.0,0.0,29.46,0.0,0.0,0.0,14.755404853200716,0.0,0.0,12.323820054935842,12.338100555254671,0.0,0.0,9.630274556552523,5.117592592592592,0.0,0.0,8.239949189552364,0.0,0.0,0.0,5.690040522381793,0.08648148148148138,-0.05998971193415592,0.6,8,1,2,0,1,1,0,0,0,0,0,0,2,1,3,1,3,0,1,1,0,0,2.3133588094518145,1,0.9195,33.96479999999999,0,1,1,0,0,0,0,0,0,0,0,0,0,0,0,0,0,0,0,0,0,0,0,0,0,0,0,0,0,0,0,0,0,0,0,0,0,0,0,0,0,0,0,0,0,0,0,0,0,0,0,0,0,0,0,0,0,0,0,0,0,0,0,0,0,0,0,0,0,0,0,0,0,0,0,0,0,0,0,0,0,0,0,0,0
OCC=COP1C=NCC=NNCOCCCC1,8.644053820040924,8.644053820040924,0.0074569546214566795,-0.7122990677752579,0.5996753206686576,22.833333333333332,273.273,253.11299999999997,273.12422813,102,0,1.5,2.4444444444444446,3.3333333333333335,2.406156815764523,2.4011165634465343,284.7070028518503,12.891058768174391,10.364499507991896,11.258926698991813,8.931851652578137,5.945896785316507,7.459898468514616,3.51055672702794,5.233694712976805,2.061746241322432,3.6321300657308435,1.2194603756933038,2.5488762734441743,-0.97,15.088719906048148,11.13935462526405,8.169523870405138,108.61156101185566,14.367137510352572,14.879339636187282,0.0,0.0,0.0,0.0,10.418196129746054,0.0,5.101407525739723,0.0,0.0,18.9176633526859,18.983392571516156,25.369407802923515,14.367137510352572,20.318812452300342,0.0,5.425791397110385,10.093812258375392,12.841643245852019,32.65124710990582,12.338100555254671,0.0,0.0,5.425791397110385,0.0,0.0,8.148522888687797,49.92806406835906,9.260610115511867,0.0,12.841643245852019,22.431912813630063,0.0,0.0,0.0,75.44,8.148522888687797,0.0,0.0,6.606881964512918,13.27557315341206,25.61043523783286,0.0,18.552701134789988,5.955688984077229,15.519603655485778,14.367137510352572,10.867225249080859,0.0,4.247859399932813,12.585499461173614,2.785126550237481,1.8490239984882841,0.0,7.779594382506089,1.6720441004301936,-0.7122990677752579,0.6363636363636364,18,2,6,0,1,1,0,0,0,0,1,0,6,2,7,1,3,0,0,0,0,1,9.337700104152843,1,1.2774999999999999,74.13750000000003,0,1,1,0,0,0,0,0,0,0,0,0,0,0,1,2,1,0,0,0,0,0,0,0,0,0,0,0,0,0,0,0,0,0,0,0,0,0,0,0,0,1,0,0,0,0,1,0,0,0,0,0,0,0,0,0,0,0,0,0,0,0,0,0,0,0,0,0,0,0,0,0,0,0,0,0,0,0,0,0,0,0,0,0,0
OCC=COP1CC=CCCN(CCI)NCC=NNCOCCCC1,8.848873027900748,8.848873027900748,0.015853754195724656,-0.5407945574731947,0.17785524950388454,22.615384615384617,498.3460000000003,466.09000000000015,498.125675514,150,0,1.3846153846153846,2.3076923076923075,3.1538461538461537,2.6412968749119097,2.5037702224494436,413.46922592479154,18.7110497244833,15.355348156123489,18.40727363829972,12.863703305156275,9.056205882372597,12.211846990199223,5.575583368202102,8.641124366632502,3.508947585560015,5.84435570728478,2.1989001166894564,4.374016552571313,-0.25,23.788834951456312,18.1291088385683,13.88840830449827,171.75795817528095,14.367137510352572,6.730816747499484,0.0,0.0,0.0,0.0,5.425791397110385,10.434703921064916,5.101407525739723,0.0,34.74291084073582,25.33848497561191,49.20712421901621,21.017485301621505,14.367137510352572,36.95399409529117,0.0,15.8604953181753,5.101407525739723,19.26246486877803,56.33022235149329,24.490140768922434,0.0,0.0,10.85158279422077,0.0,0.0,30.739393515755854,72.66026284982385,9.260610115511867,0.0,19.26246486877803,29.591548294662157,0.0,0.0,0.0,78.35000000000001,8.148522888687797,0.0,0.0,6.606881964512918,13.27557315341206,55.710232102346346,0.0,12.338100555254671,6.2146005795353165,55.70481368465085,14.367137510352572,12.399788211476022,2.3901345278569806,0.0,15.209661491080414,6.28110834043548,0.0,0.0,14.624610494751085,3.8295655659472865,-0.5407945574731947,0.7058823529411765,26,3,7,0,1,1,0,0,0,0,1,0,7,3,9,1,5,0,0,0,0,1,16.58732222991112,1,2.4371,117.86520000000004,0,1,1,0,0,0,0,0,0,0,0,0,0,0,0,2,2,0,0,0,0,0,0,0,0,1,1,0,0,0,0,0,0,0,0,0,0,0,0,0,0,1,0,0,1,1,1,0,0,0,0,0,0,0,0,0,0,0,0,0,0,0,0,0,0,0,0,0,0,0,0,0,0,0,0,0,0,0,0,0,0,0,0,0,0
CC1(SCCCCCNOCCOCCCOO)CCCCC=CC=CCC1O,10.69555498686605,10.69555498686605,0.05620703310066322,-0.2882400146397157,0.2000090873473617,23.20689655172414,431.6390000000002,390.3110000000002,431.270544412,170,0,1.0344827586206897,1.896551724137931,2.7586206896551726,2.7507562358101305,2.0293503412493448,435.4256858454975,21.047913017666765,18.020773416601713,18.83726999752944,14.188487256621396,11.012923826193097,11.998522385846586,7.617322746045824,9.246871856558695,5.052539367288639,6.681004660846337,3.137155915798925,4.5292173799628594,-0.41,26.624977264777893,18.366214586820305,14.263834666471292,180.50340742936282,9.843390348640755,0.0,0.0,0.0,0.0,0.0,10.094823978033402,10.367667551377313,11.761884949391115,0.0,37.14572367318754,57.622342166919495,17.898660823643052,25.924612281287054,24.825785279930265,11.761884949391115,0.0,5.480096598121202,0.0,75.56212064699059,38.72513787071103,24.304080427335524,0.0,0.0,5.480096598121202,0.0,0.0,11.761884949391115,59.93988950081437,14.462022490792794,0.0,64.71113180602472,24.304080427335524,0.0,0.0,0.0,80.18,0.0,5.106527394840706,0.0,10.850988840965861,32.84834948097768,50.82253975021543,12.841643245852019,0.0,11.761884949391115,41.59548517840346,14.831686931833449,5.266296998302917,1.9391123909895673,9.293606507198229,18.87262328665589,2.971254285552054,1.0850949546485262,0.0,17.530160432236034,4.958517811083446,0.0,0.8181818181818182,29,3,6,1,0,1,0,0,0,0,2,0,7,3,7,0,15,0,0,0,0,2,16.862070545314577,1,4.503500000000004,120.05730000000008,0,1,1,0,0,0,0,0,0,0,0,0,0,0,0,0,1,0,1,0,0,0,0,0,0,0,3,0,0,0,0,0,0,0,0,0,0,0,0,0,0,1,0,0,0,0,0,0,0,0,0,0,0,0,0,0,0,0,0,0,0,0,0,0,0,0,0,0,0,0,0,0,0,0,0,1,0,0,0,0,0,0,0,2,0
O=CO,8.36111111111111,8.36111111111111,0.25,-0.25,0.3801607209681124,4.0,46.025,44.009,46.005479304,18,0,2.0,2.0,2.0,0.9182958340544894,2.1874960973678963,10.264662506490405,2.7071067811865475,1.4328121551534467,1.4328121551534467,1.4142135623730951,0.49390115014267705,0.49390115014267705,0.105409255338946,0.105409255338946,0.0,0.0,0.0,0.0,-0.53,2.4699999999999993,1.4699999999999982,1.4700000000000009,17.695006880069332,5.106527394840706,0.0,0.0,0.0,6.472220864716464,0.0,4.794537184071822,0.0,0.0,0.0,0.0,0.0,0.0,0.0,9.901064578912528,6.472220864716464,0.0,0.0,0.0,0.0,0.0,0.0,0.0,0.0,0.0,0.0,0.0,0.0,11.57874825955717,4.794537184071822,0.0,0.0,0.0,0.0,0.0,0.0,37.3,0.0,0.0,0.0,6.472220864716464,0.0,0.0,0.0,0.0,0.0,0.0,9.901064578912528,0.0,0.0,8.36111111111111,6.888888888888889,0.0,0.0,0.0,0.0,-0.25,0.0,0.0,3,1,2,0,0,0,0,0,0,0,0,0,1,1,2,0,0,0,0,0,0,0,1.2102999999999982,0,-0.29919999999999997,8.6928,0,0,0,0,0,0,0,0,0,1,1,0,0,0,0,0,0,0,0,0,0,0,0,0,0,0,0,0,0,0,0,0,0,0,0,0,0,0,0,0,0,0,0,0,0,0,0,0,0,0,0,0,0,0,0,0,0,0,0,0,0,0,0,0,0,0,0,0,0,0,0,0,0,0,0,0,0,0,0,0,0,0,0,0,0
CN=CCC=CCCO,8.337890369110607,8.337890369110607,0.23588081065759647,0.23588081065759647,0.44348927133466143,11.777777777777779,127.18699999999998,114.08299999999997,127.099714036,52,0,1.4444444444444444,2.2222222222222223,2.7777777777777777,1.88523483624215,3.0417224175993,97.089273230246,6.949747468305834,5.747798342128435,5.747798342128435,4.414213562373095,3.0797184559888797,3.0797184559888797,1.660161789113556,1.660161789113556,0.8864989828688696,0.8864989828688696,0.454879091596653,0.454879091596653,-0.6300000000000001,8.369999999999997,7.369999999999997,7.3699999999999966,55.92885692008106,10.098932127476374,0.0,0.0,0.0,0.0,0.0,0.0,0.0,0.0,0.0,12.152040213667762,6.4208216229260096,26.289976149651434,0.0,5.106527394840706,6.2146005795353165,0.0,0.0,4.992404732635669,12.841643245852019,13.654553947190108,12.152040213667762,0.0,0.0,0.0,0.0,0.0,0.0,24.975681921566128,0.0,0.0,12.841643245852019,17.14444494630343,0.0,0.0,0.0,32.59,0.0,0.0,0.0,6.606881964512918,0.0,12.841643245852019,0.0,7.04767198267719,18.36664079320308,4.992404732635669,5.106527394840706,0.0,0.0,3.7945705782312924,8.337890369110607,0.0,0.0,0.0,7.381774376417233,0.23588081065759647,1.7498838655832705,0.5714285714285714,9,1,2,0,0,0,0,0,0,0,0,0,2,1,2,0,4,0,0,0,0,0,6.854099999999995,0,1.0156999999999998,39.875800000000005,0,1,1,0,0,0,0,0,0,0,0,0,0,0,1,1,0,0,0,0,0,0,0,0,0,0,1,0,0,0,0,0,0,0,0,0,0,0,0,0,0,0,0,0,0,0,0,0,0,0,0,0,0,0,0,0,0,0,0,0,0,0,0,0,0,0,0,0,0,0,0,0,0,0,0,0,0,0,0,0,0,0,0,0,0
CCC(C)CCO,8.367777777777778,8.367777777777778,0.3422685185185186,0.3422685185185186,0.5709677520374143,14.142857142857142,102.17699999999999,88.06499999999998,102.104465068,44,0,1.5714285714285714,2.142857142857143,2.2857142857142856,1.679822907155627,2.8318199660707846,35.161259458730164,5.698670612749268,5.145884208249226,5.145884208249226,3.308060412490447,2.9171813973207374,2.9171813973207374,2.0257019383311934,2.0257019383311934,1.3188221497590007,1.3188221497590007,0.4245106830230397,0.4245106830230397,-0.04,6.96,4.127785234899329,3.799034859521332,45.35819535200859,5.106527394840706,0.0,0.0,0.0,0.0,0.0,0.0,0.0,0.0,0.0,20.268296022307258,12.338727669087403,6.606881964512918,0.0,5.106527394840706,0.0,0.0,0.0,5.917906046161393,26.689117645233267,6.606881964512918,0.0,0.0,0.0,0.0,0.0,0.0,0.0,11.713409359353623,0.0,5.917906046161393,26.689117645233267,0.0,0.0,0.0,0.0,20.23,0.0,0.0,0.0,0.0,12.52478801067431,6.4208216229260096,6.4208216229260096,0.0,0.0,13.847474399381248,5.106527394840706,0.0,0.0,0.0,8.367777777777778,0.0,0.699074074074074,0.0,2.135972222222222,4.630509259259259,0.0,1.0,7,1,1,0,0,0,0,0,0,0,1,0,1,1,1,0,3,0,0,0,0,1,4.104197890699904,0,1.4149,31.15779999999998,0,1,1,0,0,0,0,0,0,0,0,0,0,0,0,0,0,0,0,0,0,0,0,0,0,0,0,0,0,0,0,0,0,0,0,0,0,0,0,0,0,0,0,0,0,0,0,0,0,0,0,0,0,0,0,0,0,0,0,0,0,0,0,0,0,0,0,0,0,0,0,0,0,0,0,0,0,0,0,0,0,0,0,0,0
C=CC#CCO,7.9759722222222225,7.9759722222222225,0.07736111111111121,-0.07736111111111121,0.41282846279801205,5.5,82.10199999999999,76.05399999999999,82.041864812,32,0,1.8333333333333333,2.5,2.6666666666666665,1.6143308351592656,3.1289037313210235,83.84690469506812,4.82842712474619,3.4387774270626785,3.4387774270626785,2.914213562373095,1.6167045816687877,1.6167045816687877,0.6833522908343939,0.6833522908343939,0.28318108673614095,0.28318108673614095,0.11781233010746706,0.11781233010746706,-0.74,5.260000000000001,4.26,3.2600000000000002,37.302875597287006,5.106527394840706,6.606881964512918,0.0,0.0,0.0,0.0,0.0,0.0,0.0,0.0,18.419804321309787,6.076020106833881,0.0,0.0,5.106527394840706,0.0,0.0,0.0,0.0,0.0,6.606881964512918,12.654955790432378,0.0,11.840868637711289,0.0,0.0,0.0,0.0,11.713409359353623,0.0,11.840868637711289,0.0,12.654955790432378,0.0,0.0,0.0,20.23,0.0,0.0,0.0,6.606881964512918,0.0,0.0,6.076020106833881,0.0,0.0,18.419804321309787,5.106527394840706,0.0,0.0,0.0,7.9759722222222225,0.0,4.847222222222221,0.0,1.4406944444444445,3.236111111111111,0.0,0.2,6,1,1,0,0,0,0,0,0,0,0,0,1,1,1,0,0,0,0,0,0,0,3.7346000000000004,0,0.16809999999999997,25.05879999999999,0,1,1,0,0,0,0,0,0,0,0,0,0,0,0,0,0,0,0,0,0,0,0,0,0,0,1,0,0,0,0,0,0,0,0,0,0,0,0,0,0,0,0,0,0,0,0,0,0,0,0,0,0,0,0,0,0,0,0,0,0,0,0,0,0,0,0,0,0,0,0,0,0,0,0,0,0,0,0,0,0,0,0,0,0
O=C=CCCCCO,9.524953231292518,9.524953231292518,0.21497732426303862,0.21497732426303862,0.42746461317528883,8.125,114.144,104.06399999999998,114.06807956,46,0,1.5,2.25,2.75,1.8088121254443208,2.8204519879532417,82.52932501298082,6.242640687119286,4.7612392798996375,4.7612392798996375,3.914213562373095,2.7172753363074453,2.7172753363074453,1.5413639889610287,1.5413639889610287,0.83990892887109,0.83990892887109,0.4171286038872406,0.4171286038872406,-0.5900000000000001,7.41,6.41,5.41,48.8301144198681,5.106527394840706,5.941359007037427,0.0,0.0,0.0,0.0,0.0,4.794537184071822,0.0,0.0,0.0,25.33848497561191,6.606881964512918,0.0,9.901064578912528,5.941359007037427,0.0,0.0,0.0,19.26246486877803,6.606881964512918,6.076020106833881,0.0,0.0,0.0,0.0,0.0,0.0,17.654768366391053,4.794537184071822,0.0,19.26246486877803,6.076020106833881,0.0,0.0,0.0,37.3,0.0,4.794537184071822,0.0,6.606881964512918,0.0,19.26246486877803,6.076020106833881,5.941359007037427,0.0,0.0,5.106527394840706,0.0,0.0,9.524953231292518,8.253164682539683,0.0,1.6699603174603177,0.0,3.8369444444444443,0.21497732426303862,0.0,0.6666666666666666,8,1,2,0,0,0,0,0,0,0,0,0,2,1,2,0,4,0,0,0,0,0,5.9372625,0,0.5367999999999999,31.200299999999984,0,1,1,0,0,0,0,0,0,0,0,1,0,0,0,0,0,0,0,0,0,0,0,0,0,0,1,0,0,0,0,0,0,0,0,0,0,0,0,0,0,0,0,0,0,0,0,0,0,0,0,0,0,0,0,0,0,0,0,0,0,0,0,0,0,0,0,0,0,0,0,0,0,0,0,0,0,0,0,0,0,0,0,2,0
CCCCCCCN=CO,8.177288123582766,8.177288123582766,0.7779903628117913,0.7779903628117913,0.3457055293620954,10.9,143.23000000000002,126.09399999999998,143.131014164,60,0,1.2,1.9,2.5,1.9671544718900458,2.7707909042401324,81.32677655889418,7.6568542494923815,6.7144181473088285,6.7144181473088285,4.914213562373096,4.039732326697708,4.039732326697708,2.4358645997960537,2.4358645997960537,1.4724163765680456,1.4724163765680456,0.8643789093047533,0.8643789093047533,-0.53,9.47,8.470000000000002,7.470000000000003,62.98340206666193,5.106527394840706,0.0,6.400660921122227,0.0,0.0,0.0,4.992404732635669,0.0,0.0,0.0,32.60702369139466,6.4208216229260096,6.544756405912575,0.0,5.106527394840706,6.400660921122227,0.0,0.0,4.992404732635669,39.02784531432067,6.544756405912575,0.0,0.0,0.0,0.0,0.0,0.0,0.0,18.051944721875508,0.0,0.0,39.02784531432067,4.992404732635669,0.0,0.0,0.0,32.59,0.0,0.0,0.0,0.0,0.0,19.366238949960813,25.683286491704038,0.0,0.0,11.916141932326294,5.106527394840706,0.0,0.0,3.699987244897959,8.177288123582766,0.0,0.0,0.0,7.144460742630385,2.978263888888889,0.0,0.875,10,1,2,0,0,0,0,0,0,0,0,0,1,1,2,0,6,0,0,0,0,0,8.021090000000003,0,2.5431,44.746800000000015,0,1,1,0,0,0,0,0,0,0,0,0,0,0,1,1,0,0,0,0,0,0,0,0,0,0,0,0,0,0,0,0,0,0,0,0,0,0,0,0,0,0,0,0,0,0,0,0,0,0,0,0,0,0,0,0,0,0,0,0,0,0,0,0,0,0,0,0,0,0,0,0,0,0,0,0,0,0,0,0,0,0,0,4,0
CC([N+])C=CCC=CCCCCCCN=CO,8.977318577089743,8.977318577089743,0.3426112517384097,-0.3426112517384097,0.2683140402587172,14.235294117647058,236.35899999999995,212.16699999999994,236.18831480808998,95,3,1.1176470588235294,1.8823529411764706,2.588235294117647,2.300533223291743,3.19195586729491,232.37670888118552,12.769738424614747,10.755489869943464,10.755489869943464,8.270055610029662,6.392919575839537,6.392919575839537,4.100402287283286,4.100402287283286,2.343085141316163,2.343085141316163,1.444719447559263,1.444719447559263,-1.09,15.91,12.977069081153589,14.91,105.1337393856858,5.106527394840706,0.0,6.400660921122227,0.0,6.041840829147961,5.733667477162185,4.992404732635669,0.0,0.0,0.0,31.069703566353663,31.75930659853792,13.4684936056032,0.0,5.106527394840706,6.400660921122227,0.0,5.733667477162185,4.992404732635669,51.49050776639466,6.544756405912575,24.304080427335524,0.0,0.0,5.733667477162185,0.0,0.0,0.0,24.093785551023466,0.0,0.0,45.448666937246685,29.296485159971194,0.0,0.0,0.0,54.89,0.0,0.0,0.0,6.041840829147961,0.0,32.20788219581283,19.26246486877803,12.999757306524504,6.076020106833881,17.14444494630343,10.84019487200289,0.0,0.0,3.7421996824708694,8.322038517881737,8.977318577089743,0.0,-0.3426112517384097,15.650727013210814,2.4836607944185785,0.0,0.6428571428571429,17,1,3,0,0,0,0,0,0,0,1,0,1,1,3,0,10,0,0,0,0,1,12.14500994595021,0,3.4829000000000017,73.56580000000004,0,1,1,0,0,0,0,0,0,0,0,0,0,0,1,2,0,0,0,0,0,0,0,0,0,0,3,0,0,0,0,0,0,0,0,0,0,0,0,0,0,0,0,0,0,0,0,0,0,0,0,0,0,0,0,0,0,0,0,0,0,0,0,0,0,0,0,0,0,0,0,0,0,0,0,0,0,0,0,0,0,0,0,4,0
CN=CO,7.583333333333333,7.583333333333333,0.75,0.75,0.3135996788855619,9.25,59.068000000000005,54.028,59.03711378,24,0,2.0,2.25,2.25,1.370950594454669,2.549193338482967,21.219280948873624,3.414213562373095,2.4717774601895415,2.4717774601895415,1.914213562373095,0.9636113749942803,0.9636113749942803,0.3736689435850863,0.3736689435850863,0.11547005383792516,0.11547005383792516,0.0,0.0,-0.53,3.4699999999999998,2.4699999999999993,1.4699999999999982,24.793749380282293,5.106527394840706,0.0,6.400660921122227,0.0,0.0,0.0,4.992404732635669,0.0,0.0,0.0,0.0,0.0,7.04767198267719,0.0,5.106527394840706,6.400660921122227,0.0,0.0,4.992404732635669,0.0,7.04767198267719,0.0,0.0,0.0,0.0,0.0,0.0,0.0,18.554860298640122,0.0,0.0,0.0,4.992404732635669,0.0,0.0,0.0,32.59,0.0,0.0,0.0,0.0,0.0,6.400660921122227,7.04767198267719,0.0,0.0,4.992404732635669,5.106527394840706,0.0,0.0,3.1666666666666665,7.583333333333333,0.0,0.0,0.0,0.75,0.0,1.5,0.5,4,1,2,0,0,0,0,0,0,0,0,0,1,1,2,0,0,0,0,0,0,0,2.142724999999999,0,0.20250000000000007,17.044800000000002,0,1,1,0,0,0,0,0,0,0,0,0,0,0,1,1,0,0,0,0,0,0,0,0,0,0,0,0,0,0,0,0,0,0,0,0,0,0,0,0,0,0,0,0,0,0,0,0,0,0,0,0,0,0,0,0,0,0,0,0,0,0,0,0,0,0,0,0,0,0,0,0,0,0,0,0,0,0,0,0,0,0,0,0,0
CNC=CCCOOCCC#CO,8.092503842900634,8.092503842900634,0.3782758566389519,0.3782758566389519,0.26622554195077147,9.615384615384615,185.22299999999998,170.10299999999995,185.10519334,74,0,1.3846153846153846,2.1538461538461537,2.8461538461538463,2.155710272483118,2.9784985770520436,181.03417307090746,9.778174593052025,7.746837839553127,7.746837839553127,6.414213562373096,4.101433882591555,4.101433882591555,2.1622498412828137,2.1622498412828137,1.1251546078490247,1.1251546078490247,0.5837889003174395,0.5837889003174395,-1.18,11.820000000000002,10.82,10.82,78.46889201323354,10.423315998847038,6.106494660442553,0.0,0.0,0.0,0.0,0.0,9.775141906512223,0.0,0.0,11.996454425689524,12.620776512746458,13.4684936056032,13.213763929025836,14.881669301352929,0.0,0.0,5.316788604006331,0.0,12.841643245852019,20.261435911703025,12.27597499665433,0.0,12.026928979298198,5.316788604006331,0.0,0.0,0.0,25.36796330654373,9.775141906512223,12.026928979298198,12.841643245852019,12.27597499665433,0.0,0.0,0.0,50.72,0.0,0.0,0.0,0.0,19.634585551951844,6.4208216229260096,0.0,6.106494660442553,19.323646979331517,11.237222922861974,14.881669301352929,0.0,0.0,9.546354166666667,10.956038580869896,0.0,2.4360257341764378,0.0,6.8299818785411315,0.8968607489292013,1.8347388908166673,0.5555555555555556,13,2,4,0,0,0,0,0,0,0,0,0,4,2,4,0,7,0,0,0,0,0,9.837876923076925,0,0.7813000000000001,49.04950000000002,0,1,1,0,0,0,0,0,0,0,0,0,0,0,0,0,1,0,0,0,0,0,0,0,0,0,0,0,0,0,0,0,0,0,0,0,0,0,0,0,0,0,0,0,0,0,0,0,0,0,0,0,0,0,0,0,0,0,0,0,0,0,0,0,0,0,0,0,0,0,0,0,0,0,0,0,0,0,0,0,0,0,0,0,0
C=NNCCCCNC=CCCOOCCC#CO,8.185679966666097,8.185679966666097,0.3642118084906547,0.3642118084906547,0.15363049667356357,9.894736842105264,269.3449999999999,246.16099999999994,269.173941596,108,0,1.2105263157894737,2.0,2.789473684210526,2.430151800897395,3.07752197594433,284.5933666261758,14.020815280171313,11.229585340985823,11.229585340985823,9.414213562373096,6.34837522754492,6.34837522754492,3.6010333991233177,3.6010333991233177,2.0478368270207743,2.0478368270207743,1.142780392410733,1.142780392410733,-1.71,17.29,16.290000000000003,16.29,114.34398116052313,15.849107395957422,6.106494660442553,0.0,0.0,0.0,0.0,0.0,9.775141906512223,5.101407525739723,0.0,11.996454425689524,25.462419758598475,26.227850591051094,13.213763929025836,14.881669301352929,6.717516156299933,0.0,10.742580001116716,5.101407525739723,25.683286491704038,26.303276740850986,12.27597499665433,0.0,12.026928979298198,10.742580001116716,0.0,0.0,0.0,38.12732029199162,9.775141906512223,12.026928979298198,25.683286491704038,17.37738252239405,0.0,0.0,0.0,75.11000000000001,0.0,0.0,0.0,0.0,19.634585551951844,32.351977680603184,0.0,6.106494660442553,12.27597499665433,28.481938002012015,14.881669301352929,0.0,0.0,9.728681699616597,14.924776917641271,2.8071173828822342,2.4544383817992523,0.0,9.085727969415068,5.999257648645578,0.0,0.6153846153846154,19,3,6,0,0,0,0,0,0,0,0,0,6,3,6,0,13,0,0,0,0,0,14.823900000000002,0,1.1369,74.77820000000003,0,1,1,0,0,0,0,0,0,0,0,0,0,0,0,1,2,0,0,0,0,0,0,0,0,0,0,0,0,0,0,0,0,0,0,0,0,0,0,0,0,0,0,0,0,0,1,0,0,0,0,0,0,0,0,0,0,0,0,0,0,0,0,0,0,0,0,0,0,0,0,0,0,0,0,0,0,0,0,0,0,0,0,1,0
OC#CCCOOCCC=CNCCCCNN=CCC1=CCC1,8.235594802180048,8.235594802180048,0.36653634178981354,0.36653634178981354,0.10710091280580135,13.416666666666666,335.44800000000015,306.21600000000007,335.220891788,134,0,1.25,2.0833333333333335,2.875,2.5510163718097942,1.7335320827593126,450.16067599394455,17.133699455293677,14.298499441738173,14.298499441738173,11.931851652578137,8.602624847984329,8.602624847984329,5.359764862346074,5.359764862346074,3.370547936177202,3.370547936177202,1.8895779108237685,1.8895779108237685,-1.9699999999999998,20.075392646391283,15.907916229637987,12.561774247373195,144.4732575467927,15.849107395957422,6.106494660442553,0.0,0.0,0.0,0.0,0.0,9.775141906512223,5.101407525739723,0.0,23.645579062592674,38.3040630044505,32.145756637212486,13.213763929025836,14.881669301352929,6.2146005795353165,0.0,10.742580001116716,5.101407525739723,44.94575136048208,26.303276740850986,23.92509963355748,0.0,12.026928979298198,10.742580001116716,0.0,0.0,0.0,37.62440471522701,9.775141906512223,12.026928979298198,44.94575136048208,29.026507159297203,0.0,0.0,0.0,75.11,0.0,0.0,0.0,0.0,19.634585551951847,38.77279930352918,18.414747775921285,0.0,24.5970702366322,27.840441952545962,14.881669301352929,0.0,0.0,9.812979333573947,15.672003570826888,4.580308082571927,2.4693109854463517,0.0,16.90212930414856,2.729935390098995,0.0,0.6111111111111112,24,3,6,1,0,1,0,0,0,0,0,0,6,3,6,0,15,0,0,0,0,0,13.306569353995124,1,2.617400000000001,95.65520000000004,0,1,1,0,0,0,0,0,0,0,0,0,0,0,0,1,2,0,0,0,0,0,0,0,0,0,2,0,0,0,0,0,0,0,0,0,0,0,0,0,0,0,0,0,0,0,1,0,0,0,0,0,0,0,0,0,0,0,0,0,0,0,0,0,0,0,0,0,0,0,0,0,0,0,0,0,0,0,0,0,0,0,0,1,0
OCC1=CC1,8.137731481481481,8.137731481481481,0.2777777777777777,0.2777777777777777,0.44004259286107944,18.2,70.09100000000001,64.04299999999999,70.041864812,28,0,2.0,2.6,2.6,2.1209520310264027,2.2190209125228417,64.04820237218406,3.698670612749268,2.9387774270626785,2.9387774270626785,2.431851652578137,1.7202579722620615,1.7202579722620615,1.224610463936145,1.224610463936145,0.6958897716192616,0.6958897716192616,0.20126822852228377,0.20126822852228377,-0.30000000000000004,2.9127659574468083,0.8301939058171747,0.48406518786781355,30.932876937501902,5.106527394840706,0.0,0.0,0.0,0.0,0.0,0.0,0.0,0.0,0.0,6.076020106833881,11.993926152995277,0.0,6.606881964512918,5.106527394840706,0.0,0.0,0.0,0.0,6.4208216229260096,6.606881964512918,11.64912463690315,0.0,0.0,0.0,0.0,0.0,0.0,11.713409359353623,0.0,0.0,6.4208216229260096,11.64912463690315,0.0,0.0,0.0,20.23,0.0,0.0,0.0,6.606881964512918,0.0,6.4208216229260096,5.573104530069267,0.0,6.076020106833881,0.0,5.106527394840706,0.0,0.0,0.0,8.137731481481481,1.1851851851851853,0.0,0.0,3.0659722222222223,0.2777777777777777,0.0,0.5,5,1,1,1,0,1,0,0,0,0,0,0,1,1,1,0,1,0,0,0,0,0,0.4836321093888136,1,0.30879999999999996,19.785799999999995,0,1,1,0,0,0,0,0,0,0,0,0,0,0,0,0,0,0,0,0,0,0,0,0,0,0,1,0,0,0,0,0,0,0,0,0,0,0,0,0,0,0,0,0,0,0,0,0,0,0,0,0,0,0,0,0,0,0,0,0,0,0,0,0,0,0,0,0,0,0,0,0,0,0,0,0,0,0,0,0,0,0,0,0,0
OCC1=C=CC1,8.266481481481481,8.266481481481481,0.1909722222222221,0.1909722222222221,0.45558392236253303,16.5,82.10199999999999,76.05399999999999,82.041864812,32,0,2.0,2.6666666666666665,2.6666666666666665,1.3143204867061786,2.536040667287095,107.10685239814568,4.405777393935816,3.4387774270626785,3.4387774270626785,2.931851652578137,1.9702579722620615,1.9702579722620615,1.3142531313629622,1.3142531313629622,0.8455082707564342,0.8455082707564342,0.35659290880892636,0.35659290880892636,-0.52,3.662481751824818,1.2920713305898495,0.38254225170865636,36.60821601971425,5.106527394840706,0.0,0.0,0.0,0.0,0.0,0.0,0.0,0.0,5.731218590741754,0.0,6.076020106833881,11.993926152995277,6.606881964512918,5.106527394840706,0.0,0.0,0.0,0.0,6.4208216229260096,6.606881964512918,17.380343227644904,0.0,0.0,0.0,0.0,0.0,0.0,11.713409359353623,0.0,0.0,6.4208216229260096,17.380343227644904,0.0,0.0,0.0,20.23,0.0,0.0,0.0,6.606881964512918,0.0,11.993926152995277,0.0,0.0,6.076020106833881,5.731218590741754,5.106527394840706,0.0,0.0,0.0,8.266481481481481,3.8599537037037037,0.0,0.0,2.8492592592592594,0.1909722222222221,0.0,0.4,6,1,1,1,0,1,0,0,0,0,0,0,1,1,1,0,1,0,0,0,0,0,0.7886979450568893,1,0.4639,23.298799999999993,0,1,1,0,0,0,0,0,0,0,0,0,0,0,0,0,0,0,0,0,0,0,0,0,0,0,0,0,0,0,0,0,0,0,0,0,0,0,0,0,0,0,0,0,0,0,0,0,0,0,0,0,0,0,0,0,0,0,0,0,0,0,0,0,0,0,0,0,0,0,0,0,0,0,0,0,0,0,0,0,0,0,0,0,0
OCC1=CCCCCC=C=CC1,8.943735591458806,8.943735591458806,0.1926388888888888,0.1926388888888888,0.4662517576246117,18.916666666666668,164.248,148.11999999999998,164.120115132,66,0,1.25,2.0833333333333335,2.9166666666666665,2.138341099079251,2.551224019579529,207.0440022382591,8.648418081055103,7.421905090188121,7.421905090188121,5.931851652578137,4.614104822379414,4.614104822379414,3.0839824714428477,3.0839824714428477,2.038642081952652,2.038642081952652,1.2660427837787174,1.2660427837787174,-0.78,9.309126559714795,5.817954575285077,3.5646069197864145,74.10826567390966,5.106527394840706,0.0,0.0,0.0,0.0,0.0,0.0,0.0,0.0,5.731218590741754,6.076020106833881,49.82925285836707,0.0,6.606881964512918,5.106527394840706,0.0,0.0,0.0,0.0,32.10410811463005,6.606881964512918,29.532383441312664,0.0,0.0,0.0,0.0,0.0,0.0,11.713409359353623,0.0,0.0,32.10410811463005,29.532383441312664,0.0,0.0,0.0,20.23,0.0,0.0,0.0,6.606881964512918,0.0,24.835569398847294,12.841643245852019,0.0,6.076020106833881,17.883258804409515,5.106527394840706,0.0,0.0,0.0,8.943735591458806,4.240324074074074,0.0,0.0,11.789968112244898,0.1926388888888888,0.0,0.5454545454545454,12,1,1,1,0,1,0,0,0,0,0,0,1,1,1,0,1,0,0,0,0,0,4.513339621666709,1,2.5805000000000007,50.90680000000003,0,1,1,0,0,0,0,0,0,0,0,0,0,0,0,0,0,0,0,0,0,0,0,0,0,0,2,0,0,0,0,0,0,0,0,0,0,0,0,0,0,0,0,0,0,0,0,0,0,0,0,0,0,0,0,0,0,0,0,0,0,0,0,0,0,0,0,0,0,0,0,0,0,0,0,0,0,0,0,0,0,0,0,0,0
OCC1=CCCNCCCNCCCCCCCC=C=CC1,9.34999396071886,9.34999396071886,0.15486111111111112,0.15486111111111112,0.5142212997017136,21.227272727272727,306.49399999999997,272.222,306.26711370799995,126,0,0.8181818181818182,1.5454545454545454,2.409090909090909,2.5359643110113845,2.3386591047878817,343.34434605961553,15.719485892920583,14.078759339680506,14.078759339680506,10.931851652578137,9.028318384752508,9.028318384752508,5.998196033815944,5.998196033815944,3.966292371094585,3.966292371094585,2.5625924336682435,2.5625924336682435,-0.86,19.187303689687795,15.051788250673834,11.762233311345993,136.12752695629862,15.740104602853368,0.0,0.0,0.0,0.0,0.0,0.0,0.0,0.0,5.731218590741754,25.33848497561191,82.42910010494339,0.0,6.606881964512918,5.106527394840706,0.0,0.0,10.633577208012662,0.0,57.787394606334104,32.78590758816322,29.532383441312664,0.0,0.0,10.633577208012662,0.0,0.0,0.0,37.89243498300392,0.0,0.0,57.787394606334104,29.532383441312664,0.0,0.0,0.0,44.29,0.0,5.106527394840706,0.0,6.606881964512918,0.0,51.0145950224976,38.524929737556064,0.0,6.076020106833881,28.51683601242218,0.0,0.0,0.0,0.0,16.322923625634004,4.340619974395227,0.0,0.0,17.022319990394692,4.480803076242741,0.0,0.7368421052631579,22,3,3,0,1,1,0,0,0,0,0,0,3,3,3,1,1,0,0,0,0,0,13.127419647206976,1,3.320100000000001,95.11420000000005,0,1,1,0,0,0,0,0,0,0,0,0,0,0,0,0,2,0,0,0,0,0,0,0,0,0,1,0,0,0,0,0,0,0,0,0,0,0,0,0,0,0,0,0,0,0,0,0,0,0,0,0,0,0,0,0,0,0,0,0,0,0,0,0,0,0,0,0,0,0,0,0,0,0,0,0,0,0,0,0,0,0,0,0,0
CCC=CO,7.885694444444445,7.885694444444445,0.9131944444444444,0.9131944444444444,0.46486266744374594,9.8,72.107,64.04299999999999,72.057514876,30,0,1.8,2.4,2.4,1.4056390622295665,2.622415807990217,30.62919048309069,4.121320343559642,3.309020915065757,3.309020915065757,2.414213562373095,1.7068872947309053,1.7068872947309053,0.793021749359365,0.793021749359365,0.34111151573446186,0.34111151573446186,0.10540925533894599,0.10540925533894599,-0.46,4.54,3.54,3.5400000000000005,31.938708091031128,5.106527394840706,0.0,0.0,0.0,0.0,0.0,0.0,0.0,0.0,0.0,12.999757306524504,6.4208216229260096,0.0,6.26208044842079,5.106527394840706,0.0,0.0,0.0,0.0,13.344558822616634,0.0,12.338100555254671,0.0,0.0,0.0,0.0,0.0,0.0,5.106527394840706,0.0,0.0,13.344558822616634,12.338100555254671,0.0,0.0,0.0,20.23,0.0,0.0,0.0,0.0,0.0,12.682902071346799,0.0,6.076020106833881,6.923737199690624,0.0,5.106527394840706,0.0,0.0,0.0,7.885694444444445,0.0,0.0,0.0,3.6493055555555554,1.965,0.0,0.5,5,1,1,0,0,0,0,0,0,0,0,0,1,1,1,0,1,0,0,0,0,0,3.21432,0,1.4681,22.059799999999996,0,1,1,0,0,0,0,0,0,0,0,0,0,0,0,0,0,0,0,0,0,0,0,0,0,0,1,0,0,0,0,0,0,0,0,0,0,0,0,0,0,0,0,0,0,0,0,0,0,0,0,0,0,0,0,0,0,0,0,0,0,0,0,0,0,0,0,0,0,0,0,0,0,0,0,0,0,0,0,0,0,0,0,0,0
COC=CCCO,8.186077097505668,8.186077097505668,0.1943055555555555,0.1943055555555555,0.5265198222725608,10.0,102.13300000000001,92.05299999999998,102.06807956,42,0,1.7142857142857142,2.4285714285714284,2.857142857142857,1.690933805959686,2.7771492902446893,50.041843979966416,5.535533905932738,4.424375986716168,4.424375986716168,3.414213562373095,2.2017599406734134,2.2017599406734134,1.119769216623778,1.119769216623778,0.5280739198931392,0.5280739198931392,0.2388020258589078,0.2388020258589078,-0.5,6.5,5.5,5.5,43.41719543493461,9.843390348640755,0.0,0.0,0.0,0.0,0.0,0.0,0.0,0.0,0.0,0.0,12.49684172975989,6.606881964512918,13.371877989698323,9.843390348640755,0.0,0.0,0.0,0.0,6.4208216229260096,13.716679505790452,12.338100555254671,0.0,0.0,0.0,0.0,0.0,0.0,18.823206900631156,4.736862953800049,0.0,6.4208216229260096,12.338100555254671,0.0,0.0,0.0,29.46,0.0,0.0,0.0,6.606881964512918,6.4208216229260096,0.0,0.0,19.447898096532203,0.0,4.736862953800049,5.106527394840706,4.552222222222222,0.0,0.0,8.186077097505668,0.0,0.0,0.0,3.9901388888888887,0.1943055555555555,1.5772562358276645,0.6,7,1,2,0,0,0,0,0,0,0,0,0,2,1,2,0,3,0,0,0,0,0,5.107142857142857,0,0.5288999999999999,27.851799999999987,0,1,1,0,0,0,0,0,0,0,0,0,0,0,0,0,0,0,0,0,0,0,0,0,0,0,0,0,0,0,0,0,0,0,0,0,0,0,0,0,0,1,0,0,0,0,0,0,0,0,0,0,0,0,0,1,0,0,0,0,0,0,0,0,0,0,0,0,0,0,0,0,0,0,0,0,0,0,0,0,0,0,0,0,0
NOCCCCO,8.196510770975056,8.196510770975056,0.2255555555555555,0.2255555555555555,0.37925757987707226,9.428571428571429,105.137,94.04899999999998,105.078978592,44,0,1.4285714285714286,2.142857142857143,2.5714285714285716,1.690933805959686,2.447472887876344,28.870765403276856,5.535533905932738,4.261239279899637,4.261239279899637,3.414213562373095,2.3406051610071668,2.3406051610071668,1.3015043908351245,1.3015043908351245,0.6703025805035832,0.6703025805035832,0.2971988048242885,0.2971988048242885,-0.12,6.880000000000001,5.88,5.88,43.03578554921295,9.94411597857734,0.0,0.0,0.0,0.0,0.0,0.0,5.896975471277056,0.0,0.0,0.0,12.841643245852019,6.606881964512918,6.606881964512918,9.94411597857734,0.0,0.0,0.0,5.896975471277056,12.841643245852019,13.213763929025836,0.0,0.0,0.0,5.896975471277056,0.0,0.0,0.0,18.32029132386654,4.8375885837366335,0.0,12.841643245852019,0.0,0.0,0.0,0.0,55.480000000000004,0.0,0.0,0.0,6.606881964512918,6.606881964512918,12.841643245852019,0.0,0.0,0.0,10.734564055013688,5.106527394840706,0.0,0.0,4.232777777777778,8.196510770975056,0.0,4.68765589569161,0.0,1.6152777777777778,0.7677777777777777,0.0,1.0,7,3,3,0,0,0,0,0,0,0,0,0,3,2,3,0,4,0,0,0,0,0,5.779200000000001,0,-0.35079999999999995,26.45919999999999,0,1,1,0,0,0,0,0,0,0,0,0,0,0,0,0,0,1,0,0,0,0,0,0,0,0,0,0,0,0,0,0,0,0,0,0,0,0,0,0,0,0,0,0,0,0,0,0,0,0,0,0,0,0,0,0,0,0,0,0,0,0,0,0,0,0,0,0,0,0,0,0,0,0,0,0,0,0,0,0,0,0,0,1,0
CCC#CCCCO,8.2978089569161,8.2978089569161,0.262295918367347,0.262295918367347,0.41973337998992044,7.75,112.17199999999998,100.07599999999998,112.088815004,46,0,1.375,2.125,2.625,1.8088121254443208,2.903769769889818,86.29528571077476,6.242640687119286,5.275640720246148,5.275640720246148,3.914213562373095,2.980441328389933,2.980441328389933,1.5342669695298001,1.5342669695298001,0.7616672736016926,0.7616672736016926,0.38083363680084625,0.38083363680084625,-0.48,7.519999999999999,6.52,5.52,50.722362858264475,5.106527394840706,0.0,0.0,0.0,0.0,0.0,0.0,0.0,0.0,11.840868637711289,6.923737199690624,6.4208216229260096,19.448525210364938,0.0,5.106527394840706,0.0,0.0,0.0,0.0,26.186202068468653,6.606881964512918,0.0,0.0,11.840868637711289,0.0,0.0,0.0,0.0,11.713409359353623,0.0,11.840868637711289,26.186202068468653,0.0,0.0,0.0,0.0,20.23,0.0,0.0,0.0,6.606881964512918,0.0,19.26246486877803,0.0,0.0,6.923737199690624,11.840868637711289,5.106527394840706,0.0,0.0,0.0,8.2978089569161,0.0,5.847916666666666,0.0,2.5721910430839,2.2820833333333335,0.0,0.7142857142857143,8,1,1,0,0,0,0,0,0,0,0,0,1,1,1,0,2,0,0,0,0,0,6.128799999999998,0,1.1723,34.38679999999999,0,1,1,0,0,0,0,0,0,0,0,0,0,0,0,0,0,0,0,0,0,0,0,0,0,0,0,0,0,0,0,0,0,0,0,0,0,0,0,0,0,0,0,0,0,0,0,0,0,0,0,0,0,0,0,0,0,0,0,0,0,0,0,0,0,0,0,0,0,0,0,0,0,0,0,0,0,0,0,0,0,0,0,1,0
CC=CCCO,8.14611111111111,8.14611111111111,0.2681944444444444,0.2681944444444444,0.4958090298855456,10.333333333333334,86.134,76.05399999999999,86.07316494,36,0,1.6666666666666667,2.3333333333333335,2.5,1.6143308351592656,2.658099936249019,39.20310343869658,4.82842712474619,4.016127696252305,4.016127696252305,2.914213562373095,2.1351596590036603,2.1351596590036603,1.0813175260736412,1.0813175260736412,0.5314683719357631,0.5314683719357631,0.24120226591665966,0.24120226591665966,-0.3,5.699999999999999,4.7,3.7,38.30365020542773,5.106527394840706,0.0,0.0,0.0,0.0,0.0,0.0,0.0,0.0,0.0,12.152040213667762,13.344558822616634,6.606881964512918,0.0,5.106527394840706,0.0,0.0,0.0,0.0,13.344558822616634,6.606881964512918,12.152040213667762,0.0,0.0,0.0,0.0,0.0,0.0,11.713409359353623,0.0,0.0,13.344558822616634,12.152040213667762,0.0,0.0,0.0,20.23,0.0,0.0,0.0,6.606881964512918,0.0,6.4208216229260096,0.0,0.0,19.075777413358384,0.0,5.106527394840706,0.0,0.0,0.0,8.14611111111111,0.0,0.0,0.0,4.645555555555556,2.208333333333333,0.0,0.6,6,1,1,0,0,0,0,0,0,0,0,0,1,1,1,0,2,0,0,0,0,0,4.465,0,0.9448999999999999,26.51679999999999,0,1,1,0,0,0,0,0,0,0,0,0,0,0,0,0,0,0,0,0,0,0,0,0,0,0,1,0,0,0,0,0,0,0,0,0,0,0,0,0,0,0,0,0,0,0,0,0,0,0,0,0,0,0,0,0,0,0,0,0,0,0,0,0,0,0,0,0,0,0,0,0,0,0,0,0,0,0,0,0,0,0,0,0,0
C=CCCC(C)COCCO,8.414044233434115,8.414044233434115,0.11922453703703706,0.11922453703703706,0.45020174462731505,12.909090909090908,158.24099999999999,140.09699999999998,158.130679816,66,0,1.6363636363636365,2.3636363636363638,2.909090909090909,2.013988365499947,3.0759776431055115,91.56352280933721,8.52709773749546,7.2528031114623595,7.2528031114623595,5.308060412490447,4.103921466251542,4.103921466251542,2.769718874187486,2.769718874187486,1.5015836790024593,1.5015836790024593,0.8347697796967307,0.8347697796967307,-0.33999999999999997,10.659999999999998,7.763519668737061,7.557860674492904,68.87696389252105,9.843390348640755,0.0,0.0,0.0,0.0,0.0,0.0,0.0,0.0,6.578935683598497,12.999757306524504,18.75954929201341,6.606881964512918,13.213763929025836,9.843390348640755,0.0,0.0,0.0,5.917906046161393,19.765380445542643,19.820645893538753,12.654955790432378,0.0,0.0,0.0,0.0,0.0,0.0,24.927173288379457,4.736862953800049,5.917906046161393,19.765380445542643,12.654955790432378,0.0,0.0,0.0,29.46,0.0,0.0,0.0,6.606881964512918,12.52478801067431,19.448525210364938,0.0,0.0,6.076020106833881,13.502672883289122,9.843390348640755,5.157333711262282,0.0,0.0,8.414044233434115,0.0,0.5690277777777776,0.0,4.084447593852356,7.108480017006802,0.0,0.7777777777777778,11,1,2,0,0,0,0,0,0,0,1,0,2,1,2,0,7,0,0,0,0,1,7.523556333521551,0,1.5976,46.49980000000002,0,1,1,0,0,0,0,0,0,0,0,0,0,0,0,0,0,0,0,0,0,0,0,0,0,0,1,0,0,0,0,0,0,0,0,0,0,0,0,0,0,1,0,0,0,0,0,0,0,0,0,0,0,0,0,0,0,0,0,0,0,0,0,0,0,0,0,0,0,0,0,0,0,0,0,0,0,0,0,0,0,0,0,0,0
CCCCCCCCCOC(CCC)CCO,8.90647957482217,8.90647957482217,0.25167104974797283,0.25167104974797283,0.4893104048238119,12.882352941176471,244.41899999999995,212.16299999999995,244.240230264,104,0,0.8235294117647058,1.4705882352941178,2.0588235294117645,2.328115604014224,3.2328600106395835,130.883509367128,12.769738424614747,11.91809352939202,11.91809352939202,8.346065214951233,7.571315304307988,7.571315304307988,4.915076690325991,4.915076690325991,3.163169478811726,3.163169478811726,2.0861400837832753,2.0861400837832753,-0.08,16.920000000000005,13.982814070351761,12.17125628140704,107.75621961108497,9.843390348640755,0.0,0.0,0.0,0.0,0.0,0.0,0.0,0.0,0.0,58.79322575986332,19.26246486877803,13.213763929025836,6.103966387748303,9.843390348640755,0.0,0.0,0.0,0.0,84.15965701638966,13.213763929025836,0.0,0.0,0.0,0.0,0.0,0.0,0.0,24.424257711614842,4.736862953800049,0.0,78.05569062864136,0.0,0.0,0.0,0.0,29.46,0.0,0.0,0.0,12.71084835226122,0.0,25.869346833290948,44.94575136048208,0.0,0.0,13.847474399381248,9.843390348640755,5.790646573444192,0.0,0.0,8.90647957482217,0.0,0.0,0.0,12.590112595210103,5.546094589856869,0.0,1.0,17,1,2,0,0,0,0,0,0,0,1,0,2,1,2,0,13,0,0,0,0,1,13.91701259237364,0,4.304700000000005,74.34380000000006,0,1,1,0,0,0,0,0,0,0,0,0,0,0,0,0,0,0,0,0,0,0,0,0,0,0,0,0,0,0,0,0,0,0,0,0,0,0,0,0,0,1,0,0,0,0,0,0,0,0,0,0,0,0,0,0,0,0,0,0,0,0,0,0,0,0,0,0,0,0,0,0,0,0,0,0,0,0,0,0,0,0,0,6,0
CCCCCCCCCOCC1=CCCSC(CCO)C1,9.083073322411074,9.083073322411074,0.3093601780990174,0.3093601780990174,0.4077353279659323,19.333333333333332,314.5350000000001,280.263,314.22795132799996,124,0,1.1904761904761905,1.9523809523809523,2.7142857142857144,2.7116692436661336,1.9930816761698724,265.9439409692196,15.175515818550565,13.817905651418606,14.634402232346332,10.363703305156275,8.84558899855629,9.894343788536945,6.034159129014989,7.442407419478851,4.025037544865777,5.370215513510024,2.7441824662031364,3.9354529204882476,0.009999999999999933,19.05759638267492,13.657716230174852,10.376410173235787,135.27872179392656,9.843390348640755,0.0,0.0,0.0,0.0,0.0,0.0,0.0,11.761884949391115,0.0,51.524687044080565,37.009244628520094,18.46370195900801,6.606881964512918,9.843390348640755,11.761884949391115,0.0,0.0,0.0,76.38189145893291,25.573499500285543,11.64912463690315,0.0,0.0,0.0,0.0,0.0,11.761884949391115,35.92996492510842,4.736862953800049,0.0,71.13195342895074,11.64912463690315,0.0,0.0,0.0,29.46,0.0,0.0,0.0,0.0,11.856819994495092,32.47622879780386,56.27170949729813,0.0,11.761884949391115,12.999757306524504,9.843390348640755,5.842817066641471,2.001443057444625,0.0,9.671884106613932,1.4457368471442247,1.1864351851851853,0.0,14.902543548007364,4.282473522296532,0.0,0.8888888888888888,21,1,2,0,1,1,0,0,0,0,1,0,3,1,3,1,12,0,0,0,0,1,12.39444016303718,1,4.958000000000006,94.07780000000007,0,1,1,0,0,0,0,0,0,0,0,0,0,0,0,0,0,0,0,0,0,0,0,0,0,0,1,0,0,0,0,0,0,0,0,0,0,0,0,0,0,1,0,0,0,0,0,0,0,0,0,0,0,0,0,0,0,0,0,0,0,0,0,0,0,0,0,0,0,0,0,0,0,0,0,1,0,0,0,0,0,0,0,6,0
CCCCCCCCCOCC1=C(CNC=[N+])CCCSC(CCO)C1,9.31371092004272,9.31371092004272,0.2518215978521039,0.2518215978521039,0.1930577771075321,18.46153846153846,383.6220000000002,344.31000000000006,383.27267590809,150,2,1.1923076923076923,1.9615384615384615,2.6923076923076925,2.6304264212028747,2.3977895134899083,388.20736689716097,18.87418643129983,16.679332809291658,17.49582939021938,12.812391710140018,10.506199769619409,11.554954559600066,7.203772015906351,8.612020306370212,4.976848576581871,6.374999419425413,3.41962605535894,4.655075138390806,-0.5200000000000001,23.519246467817897,16.639015591465725,11.247568977650518,164.60876131998918,9.843390348640755,6.544756405912575,5.409283605791522,0.0,0.0,6.338535362521884,5.316788604006331,0.0,11.761884949391115,0.0,45.448666937246685,49.00317078151538,18.46370195900801,6.606881964512918,9.843390348640755,18.100420311913,0.0,10.726072209797852,0.0,82.80271308185893,32.118255906198115,11.146209060138535,0.0,0.0,10.726072209797852,0.0,0.0,11.761884949391115,48.813256693542876,4.736862953800049,0.0,77.55277505187675,11.146209060138535,0.0,0.0,0.0,63.790000000000006,0.0,5.106527394840706,0.0,6.606881964512918,18.401576400407667,50.80237904841164,49.671138797694596,0.0,11.761884949391115,12.240525803696954,10.146146559591571,6.003794249181154,1.9809690453089066,0.0,21.698685878044863,2.7417140816991665,1.1420380409108088,0.0,14.19902860925635,4.733770095598748,0.0,0.8571428571428571,26,2,4,0,1,1,0,0,0,0,1,0,3,2,5,1,15,0,0,0,0,1,15.051427256828738,1,4.136300000000003,113.83850000000008,0,1,1,0,0,0,0,0,0,0,0,0,0,0,0,1,1,0,0,0,0,0,0,0,0,0,0,0,0,0,0,0,0,0,0,0,0,0,0,0,0,1,0,0,0,0,0,0,0,0,0,0,0,0,0,0,0,0,0,0,0,0,0,0,0,0,0,0,0,0,0,0,0,0,0,1,0,0,0,0,0,0,0,6,0
CC=CCCCCCCCCO,8.529790419266881,8.529790419266881,0.35969492908886846,0.35969492908886846,0.4375798268948315,11.166666666666666,170.296,148.11999999999998,170.167065324,72,0,0.9166666666666666,1.5,2.0833333333333335,2.098390961316241,2.8138640277129197,97.17723487531201,9.071067811865477,8.258768383371592,8.258768383371592,5.914213562373096,5.13515965900366,5.13515965900366,3.202637869633283,3.202637869633283,2.0146069553025328,2.0146069553025328,1.2477655442233675,1.2477655442233675,-0.3,11.7,10.7,9.700000000000001,76.4933028918074,5.106527394840706,0.0,0.0,0.0,0.0,0.0,0.0,0.0,0.0,0.0,37.8353267053718,26.186202068468653,6.606881964512918,0.0,5.106527394840706,0.0,0.0,0.0,0.0,51.8694885601727,6.606881964512918,12.152040213667762,0.0,0.0,0.0,0.0,0.0,0.0,11.713409359353623,0.0,0.0,51.8694885601727,12.152040213667762,0.0,0.0,0.0,20.23,0.0,0.0,0.0,0.0,6.606881964512918,6.4208216229260096,38.524929737556064,0.0,0.0,19.075777413358384,5.106527394840706,0.0,0.0,0.0,8.529790419266881,0.0,0.0,0.0,13.039831887989358,2.4303776927437646,0.0,0.8181818181818182,12,1,1,0,0,0,0,0,0,0,0,0,1,1,1,0,8,0,0,0,0,0,10.4325,0,3.285500000000002,54.218800000000044,0,1,1,0,0,0,0,0,0,0,0,0,0,0,0,0,0,0,0,0,0,0,0,0,0,0,2,0,0,0,0,0,0,0,0,0,0,0,0,0,0,0,0,0,0,0,0,0,0,0,0,0,0,0,0,0,0,0,0,0,0,0,0,0,0,0,0,0,0,0,0,0,0,0,0,0,0,0,0,0,0,0,0,6,0
CNCCNCCCCCCO,8.51503318786192,8.51503318786192,0.3404596053297353,0.3404596053297353,0.4418987469255066,10.5,174.28799999999995,152.11199999999997,174.173213324,74,0,0.9166666666666666,1.6666666666666667,2.3333333333333335,2.098390961316241,2.72724281291869,68.92878689342031,9.071067811865477,8.10406784499234,8.10406784499234,5.914213562373096,4.876887937796659,4.876887937796659,2.9913737507163467,2.9913737507163467,1.8134439688983295,1.8134439688983295,1.0537451371165811,1.0537451371165811,-0.12,11.879999999999999,10.88,9.88,75.55274606241453,15.740104602853368,0.0,0.0,0.0,0.0,0.0,0.0,0.0,0.0,0.0,12.841643245852019,26.434071634441782,19.696394776338067,0.0,5.106527394840706,0.0,0.0,10.633577208012662,0.0,25.683286491704038,33.288823164927834,0.0,0.0,0.0,10.633577208012662,0.0,0.0,0.0,38.39535055976854,0.0,0.0,25.683286491704038,0.0,0.0,0.0,0.0,44.29,0.0,0.0,0.0,0.0,6.606881964512918,32.475912463589744,12.841643245852019,0.0,7.04767198267719,10.633577208012662,5.106527394840706,0.0,0.0,0.0,14.936595962459057,0.0,0.0,0.0,4.567015069916856,3.535150648413636,1.9612383192104512,1.0,12,3,3,0,0,0,0,0,0,0,0,0,3,3,3,0,9,0,0,0,0,0,10.7712,0,0.3480999999999997,52.35020000000003,0,1,1,0,0,0,0,0,0,0,0,0,0,0,0,0,2,0,0,1,0,0,0,0,0,0,0,0,0,0,0,0,0,0,0,0,0,0,0,0,0,0,0,0,0,0,0,0,0,0,0,0,0,0,0,0,0,0,0,0,0,0,0,0,0,0,0,0,0,0,0,0,0,0,0,0,0,0,0,0,0,0,0,3,0
C=CC=CCC=C=CCO,8.29670981355505,8.29670981355505,0.05721489984882844,0.05721489984882844,0.46142644498670554,8.9,136.194,124.09799999999997,136.088815004,54,0,1.4,2.2,2.8,1.9671544718900458,3.433246585423691,159.5670797313873,7.6568542494923815,5.955285285007729,5.955285285007729,4.914213562373096,3.193237863728583,3.193237863728583,1.6570460138820082,1.6570460138820082,0.8530887739746646,0.8530887739746646,0.446913189487537,0.446913189487537,-1.04,8.960000000000003,7.960000000000003,6.9600000000000035,61.694609566461395,5.106527394840706,0.0,0.0,0.0,0.0,0.0,0.0,0.0,0.0,5.731218590741754,24.80699600410014,18.57286183659377,0.0,6.606881964512918,5.106527394840706,0.0,0.0,0.0,0.0,6.4208216229260096,6.606881964512918,42.69025480850965,0.0,0.0,0.0,0.0,0.0,0.0,11.713409359353623,0.0,0.0,6.4208216229260096,42.69025480850965,0.0,0.0,0.0,20.23,0.0,0.0,0.0,6.606881964512918,0.0,6.4208216229260096,0.0,12.152040213667762,18.228060320501644,12.310154274340253,5.106527394840706,0.0,0.0,0.0,8.29670981355505,2.8084070294784578,0.0,0.0,9.811931768077601,3.5829513888888886,0.0,0.2222222222222222,10,1,1,0,0,0,0,0,0,0,0,0,1,1,1,0,4,0,0,0,0,0,7.132160000000004,0,1.8222999999999998,43.69280000000001,0,1,1,0,0,0,0,0,0,0,0,0,0,0,0,0,0,0,0,0,0,0,0,0,0,0,3,0,0,0,0,0,0,0,0,0,0,0,0,0,0,0,0,0,0,0,0,0,0,0,0,0,0,0,0,0,0,0,0,0,0,0,0,0,0,0,0,0,0,0,0,0,0,0,0,0,0,0,0,0,0,0,0,0,0
CC(N)O,7.833333333333334,7.833333333333334,0.6666666666666667,-0.6666666666666667,0.36309242251232526,15.75,61.084,54.028,61.052763844,26,0,2.0,2.0,2.0,0.8112781244591328,2.3237900077244498,10.75488750216347,3.5773502691896257,2.6019141338792093,2.6019141338792093,1.7320508075688772,1.1688824922701204,1.1688824922701204,0.7406034215804806,0.7406034215804806,0.0,0.0,0.0,0.0,-0.08,3.9200000000000004,1.2624657534246575,253.91999999999993,25.238317591434885,10.84019487200289,0.0,0.0,0.0,0.0,0.0,0.0,0.0,0.0,0.0,0.0,6.923737199690624,0.0,6.22790117073487,5.106527394840706,0.0,0.0,0.0,5.733667477162185,13.151638370425495,0.0,0.0,0.0,0.0,5.733667477162185,0.0,0.0,0.0,11.334428565575575,0.0,0.0,6.923737199690624,0.0,0.0,0.0,0.0,46.25,6.22790117073487,0.0,0.0,0.0,0.0,0.0,6.923737199690624,0.0,0.0,5.733667477162185,5.106527394840706,0.0,0.0,0.0,7.833333333333334,4.666666666666667,0.0,0.0,-0.6666666666666667,1.5,0.0,1.0,4,3,2,0,0,0,0,0,0,0,1,0,2,2,2,0,0,0,0,0,0,1,1.2372164383561646,0,-0.7166,15.868200000000002,0,1,1,0,0,0,0,0,0,0,0,0,0,0,0,0,0,1,0,0,0,0,0,0,0,0,0,0,0,0,0,0,0,0,0,0,0,0,0,0,0,0,0,0,0,0,0,0,0,0,0,0,0,0,0,0,0,0,0,0,0,0,0,0,0,0,0,0,0,0,0,0,0,0,0,0,0,0,0,0,0,0,0,0,0
OCCC=C[N+]1=CC1,8.319580498866213,8.319580498866213,0.25430555555555556,0.25430555555555556,0.5093948530838064,16.875,112.152,102.07199999999999,112.07569036009,44,0,1.75,2.5,3.0,2.5075307521001715,2.0529250911799704,126.49022499567306,5.819990956308912,4.747798342128435,4.747798342128435,3.931851652578137,2.7986832257890577,2.7986832257890577,1.776423333080501,1.776423333080501,0.9860436153134735,0.9860436153134735,0.4533214356641376,0.4533214356641376,-0.63,5.505685210312076,2.6220265669762735,1.8880008431998145,48.76805513875056,5.106527394840706,0.0,6.199954889820448,12.75935698544789,0.0,0.0,0.0,0.0,4.575525859479815,0.0,0.0,12.49684172975989,6.606881964512918,0.0,9.682053254320522,6.2146005795353165,0.0,0.0,0.0,6.4208216229260096,13.151638370425493,12.27597499665433,0.0,0.0,0.0,0.0,0.0,0.0,29.048292204281328,0.0,0.0,6.4208216229260096,12.27597499665433,0.0,0.0,0.0,23.240000000000002,0.0,0.0,0.0,6.606881964512918,0.0,12.965578028838586,0.0,0.0,12.27597499665433,10.790126439015133,5.106527394840706,2.065138888888889,0.0,0.0,8.319580498866213,0.0,0.0,0.0,6.789617346938775,1.3256632653061224,0.0,0.5,8,1,2,0,1,1,0,0,0,0,0,0,1,1,2,1,3,0,0,0,0,0,1.8045066113558268,1,-0.020600000000000174,32.03419999999999,0,1,1,0,0,0,0,0,0,0,0,0,0,0,0,1,0,0,0,0,0,0,0,0,0,0,0,0,0,0,0,0,0,0,0,0,0,0,0,0,0,0,0,0,0,0,0,0,0,0,0,0,0,0,0,0,0,0,0,0,0,0,0,0,0,0,0,0,0,0,0,0,0,0,0,0,0,0,0,0,0,0,0,0,0
OCCC=C[N+]1=C=CONCC1,8.516262991307634,8.516262991307634,0.18333758503401376,0.18333758503401376,0.565641578255958,17.25,169.20399999999998,156.09999999999997,169.09715407609,66,0,1.75,2.6666666666666665,3.5,2.33280879193427,2.433672418775395,217.0977500432694,8.648418081055103,6.863153413778846,6.863153413778846,5.931851652578137,3.937897774143547,3.937897774143547,2.3495889752738304,2.3495889752738304,1.3966747549768632,1.3966747549768632,0.8191662399282653,0.8191662399282653,-1.09,9.001659028414297,5.546327874677207,3.344861860188002,71.42578224795243,9.94411597857734,0.0,12.744711295733023,12.13187951186398,0.0,0.0,0.0,0.0,10.055622457601018,0.0,0.0,12.49684172975989,6.606881964512918,6.544756405912575,14.519641838057154,5.86979906344319,0.0,5.480096598121202,0.0,6.4208216229260096,19.696394776338067,18.53805544507512,0.0,0.0,5.480096598121202,0.0,0.0,0.0,35.24824709410178,4.8375885837366335,0.0,6.4208216229260096,18.53805544507512,0.0,0.0,0.0,44.5,0.0,0.0,0.0,6.606881964512918,6.4208216229260096,13.08951281182515,6.26208044842079,0.0,16.851500856134145,11.349895661564393,9.94411597857734,1.8706944444444444,0.0,4.8199521289997485,8.516262991307634,2.7246288422776517,2.895654761904762,0.0,5.914674036281179,1.7581327947845806,0.0,0.5,12,2,4,0,1,1,0,0,0,0,0,0,3,2,4,1,3,0,0,0,0,0,4.160512698969496,1,-0.38680000000000025,44.63490000000003,0,1,1,0,0,0,0,0,0,0,0,0,0,0,0,1,1,0,1,0,0,0,0,0,0,0,0,0,0,0,0,0,0,0,0,0,0,0,0,0,0,0,0,0,0,0,0,0,0,0,0,0,0,0,0,0,0,0,0,0,0,0,0,0,0,0,0,0,0,0,0,0,0,0,0,0,0,0,0,0,0,0,0,0,0
CC(C)C=NCCCO,8.357599206349207,8.357599206349207,0.2454714663643236,0.2454714663643236,0.4471099342910174,11.555555555555555,129.203,114.08299999999998,129.1153641,54,0,1.5555555555555556,2.2222222222222223,2.6666666666666665,1.8005768964064195,3.0443477257162135,78.98533616859814,7.112884175122364,6.170448072938811,6.170448072938811,4.2700556100296625,3.3786882934934224,3.3786882934934224,2.376429306284565,2.376429306284565,0.8488788632293364,0.8488788632293364,0.4473518809640674,0.4473518809640674,-0.37,8.630000000000004,5.76106159895151,7.6300000000000034,56.61845995226531,5.106527394840706,0.0,0.0,0.0,0.0,0.0,4.992404732635669,0.0,0.0,0.0,13.847474399381248,12.338727669087403,19.36623894996081,0.0,5.106527394840706,6.2146005795353165,0.0,0.0,10.910310778797061,20.268296022307258,13.151638370425493,0.0,0.0,0.0,0.0,0.0,0.0,0.0,24.472766344801514,0.0,5.917906046161393,20.268296022307258,4.992404732635669,0.0,0.0,0.0,32.59,0.0,0.0,0.0,6.606881964512918,5.917906046161393,12.965578028838586,0.0,0.0,6.2146005795353165,18.839879132016918,5.106527394840706,0.0,0.0,4.075601851851852,8.357599206349207,0.0,0.5311970899470898,0.0,2.6933333333333334,5.175601851851852,0.0,0.8571428571428571,9,1,2,0,0,0,0,0,0,0,0,0,2,1,2,0,4,0,0,0,0,0,5.524217955439062,0,1.0956000000000001,39.899800000000006,0,1,1,0,0,0,0,0,0,0,0,0,0,0,1,1,0,0,0,0,0,0,0,0,0,0,0,0,0,0,0,0,0,0,0,0,0,0,0,0,0,0,0,0,0,0,0,0,0,0,0,0,0,0,0,0,0,0,0,0,0,0,0,0,0,0,0,0,0,0,0,0,0,0,0,0,0,0,0,0,0,0,0,0,0
CCCCCCCCO,8.42278195074326,8.42278195074326,0.3671875,0.3671875,0.5470483699238978,10.0,130.23100000000002,112.08699999999997,130.135765196,56,0,0.8888888888888888,1.4444444444444444,2.0,1.88523483624215,2.595082706793886,37.832293921787276,6.949747468305834,6.396961063805792,6.396961063805792,4.414213562373095,4.023334547203385,4.023334547203385,2.491373750716347,2.491373750716347,1.5116672736016925,1.5116672736016925,0.8921334847648997,0.8921334847648997,-0.04,8.960000000000003,7.960000000000003,7.9600000000000035,58.08807958080182,5.106527394840706,0.0,0.0,0.0,0.0,0.0,0.0,0.0,0.0,0.0,39.02784531432067,6.4208216229260096,6.606881964512918,0.0,5.106527394840706,0.0,0.0,0.0,0.0,45.448666937246685,6.606881964512918,0.0,0.0,0.0,0.0,0.0,0.0,0.0,11.713409359353623,0.0,0.0,45.448666937246685,0.0,0.0,0.0,0.0,20.23,0.0,0.0,0.0,0.0,6.606881964512918,6.4208216229260096,32.10410811463005,0.0,0.0,6.923737199690624,5.106527394840706,0.0,0.0,0.0,8.42278195074326,0.0,0.0,0.0,7.495702239229025,2.5815158100277147,0.0,1.0,9,1,1,0,0,0,0,0,0,0,0,0,1,1,1,0,6,0,0,0,0,0,7.924622222222228,0,2.3392000000000013,40.461800000000004,0,1,1,0,0,0,0,0,0,0,0,0,0,0,0,0,0,0,0,0,0,0,0,0,0,0,0,0,0,0,0,0,0,0,0,0,0,0,0,0,0,0,0,0,0,0,0,0,0,0,0,0,0,0,0,0,0,0,0,0,0,0,0,0,0,0,0,0,0,0,0,0,0,0,0,0,0,0,0,0,0,0,0,5,0
CCCCCC=CC(C)CCCCCCO,8.650573096490096,8.650573096490096,0.3540525006298816,0.3540525006298816,0.39969365941352397,13.4375,226.4039999999999,196.16399999999996,226.22966558000002,96,0,1.0,1.75,2.4375,2.284123172077043,3.253430960190279,151.51394111779547,12.0626316434282,11.250332214934314,11.250332214934314,7.808060412490447,7.083848063987404,7.083848063987404,4.827713644817351,4.827713644817351,3.006539648699486,3.006539648699486,1.8686162277732903,1.8686162277732903,-0.3,15.700000000000001,12.768027210884354,11.772992700729928,101.95307134939382,5.106527394840706,0.0,0.0,0.0,0.0,0.0,0.0,0.0,0.0,0.0,58.10362272767907,31.60119253786543,6.606881964512918,0.0,5.106527394840706,0.0,0.0,0.0,5.917906046161393,71.63486900571534,6.606881964512918,12.152040213667762,0.0,0.0,0.0,0.0,0.0,0.0,11.713409359353623,0.0,5.917906046161393,71.63486900571534,12.152040213667762,0.0,0.0,0.0,20.23,0.0,0.0,0.0,0.0,6.606881964512918,12.338727669087403,51.36657298340809,0.0,0.0,25.99951461304901,5.106527394840706,0.0,0.0,0.0,8.650573096490096,0.0,0.732178760393046,0.0,16.039897190736767,4.910684285713423,0.0,0.8666666666666667,16,1,1,0,0,0,0,0,0,0,1,0,1,1,1,0,11,0,0,0,0,1,12.528626700680272,0,4.701800000000005,72.61680000000005,0,1,1,0,0,0,0,0,0,0,0,0,0,0,0,0,0,0,0,0,0,0,0,0,0,0,2,0,0,0,0,0,0,0,0,0,0,0,0,0,0,0,0,0,0,0,0,0,0,0,0,0,0,0,0,0,0,0,0,0,0,0,0,0,0,0,0,0,0,0,0,0,0,0,0,0,0,0,0,0,0,0,0,6,0
CCCCC(CCCC=CC(C)CCCCCCO)C(C)C,8.751131137857515,8.751131137857515,0.35226550621731234,0.35226550621731234,0.2617125487767878,14.818181818181818,310.566,268.22999999999996,310.323565964,132,0,0.8181818181818182,1.5,2.1363636363636362,2.489921824412044,3.6530664490727176,244.29169507500342,16.63154574418055,15.819246315686662,15.819246315686662,10.61259086513076,9.888378516627716,9.888378516627716,7.4091605052491145,7.4091605052491145,4.849178604542608,4.849178604542608,3.1316355648599754,3.1316355648599754,-0.3,21.700000000000003,15.590178346173998,13.36896310815269,140.1427240357735,5.106527394840706,0.0,0.0,0.0,0.0,0.0,0.0,0.0,0.0,0.0,78.37191874998632,49.857826253114226,6.606881964512918,0.0,5.106527394840706,0.0,0.0,0.0,17.75371813848418,98.32398665094861,6.606881964512918,12.152040213667762,0.0,0.0,0.0,0.0,0.0,0.0,11.713409359353623,0.0,17.75371813848418,98.32398665094861,12.152040213667762,0.0,0.0,0.0,20.23,0.0,0.0,0.0,0.0,6.606881964512918,24.174539761410188,64.20821622926012,0.0,0.0,39.84698901243026,5.106527394840706,0.0,0.0,0.0,8.751131137857515,0.0,2.486838767886262,0.0,19.010856508241307,9.751173586014918,0.0,0.9047619047619048,22,1,1,0,0,0,0,0,0,0,2,0,1,1,1,0,15,0,0,0,0,2,15.37758500508981,0,6.754200000000009,100.17880000000008,0,1,1,0,0,0,0,0,0,0,0,0,0,0,0,0,0,0,0,0,0,0,0,0,0,0,2,0,0,0,0,0,0,0,0,0,0,0,0,0,0,0,0,0,0,0,0,0,0,0,0,0,0,0,0,0,0,0,0,0,0,0,0,0,0,0,0,0,0,0,0,0,0,0,0,0,0,0,0,0,0,0,0,5,0
CCC=CCC=CCCCCCC(CCCC=CC(C)CCCCCCO)C(C)C,8.82113057802174,8.82113057802174,0.34858233103693337,0.34858233103693337,0.14525940509443458,14.6,418.7500000000003,364.31800000000015,418.41746634799995,176,0,0.6333333333333333,1.2666666666666666,2.0,2.7250833057301533,3.756722933814727,418.0795166005451,22.288399993672925,20.95707451719135,20.95707451719135,14.61259086513076,13.188038345149835,13.188038345149835,9.491702013471913,9.491702013471913,6.207617146552692,6.207617146552692,4.066349686443389,4.066349686443389,-0.8200000000000001,29.18,22.856062906853115,20.452681999454565,189.68305488657785,5.106527394840706,0.0,0.0,0.0,0.0,0.0,0.0,0.0,0.0,0.0,102.67599917732184,75.54111274481828,6.606881964512918,0.0,5.106527394840706,0.0,0.0,0.0,17.75371813848418,124.00727314265266,6.606881964512918,36.45612064100329,0.0,0.0,0.0,0.0,0.0,0.0,11.713409359353623,0.0,17.75371813848418,124.00727314265266,36.45612064100329,0.0,0.0,0.0,20.23,0.0,0.0,0.0,0.0,12.52478801067431,31.098276961100815,77.04985947511214,0.0,0.0,64.15106943976578,5.106527394840706,0.0,0.0,0.0,8.82113057802174,0.0,2.4221136965518077,0.0,33.05942219008144,9.69733353534501,0.0,0.7931034482758621,30,1,1,0,0,0,0,0,0,0,2,0,1,1,1,0,21,0,0,0,0,2,22.231330520732463,0,9.426999999999998,136.92680000000001,0,1,1,0,0,0,0,0,0,0,0,0,0,0,0,0,0,0,0,0,0,0,0,0,0,0,6,0,0,0,0,0,0,0,0,0,0,0,0,0,0,0,0,0,0,0,0,0,0,0,0,0,0,0,0,0,0,0,0,0,0,0,0,0,0,0,0,0,0,0,0,0,0,0,0,0,0,0,0,0,0,0,0,7,0
CCCC#CO,7.83625,7.83625,0.8020833333333333,0.8020833333333333,0.4718591341882732,6.166666666666667,84.11799999999998,76.05399999999999,84.057514876,34,0,1.6666666666666667,2.3333333333333335,2.5,1.6143308351592656,2.7867275295518557,65.74296763342026,4.82842712474619,3.861427157873053,3.861427157873053,2.914213562373095,2.0342669695298,2.0342669695298,1.0385800941716261,1.0385800941716261,0.4540569415042094,0.4540569415042094,0.1809016994374947,0.1809016994374947,-0.64,5.36,4.360000000000002,3.3600000000000017,37.992478629471265,5.106527394840706,6.106494660442553,0.0,0.0,0.0,0.0,0.0,0.0,0.0,0.0,12.844171518546268,6.4208216229260096,6.4208216229260096,0.0,5.106527394840706,0.0,0.0,0.0,0.0,19.765380445542643,0.0,0.0,0.0,12.026928979298198,0.0,0.0,0.0,0.0,5.106527394840706,0.0,12.026928979298198,19.765380445542643,0.0,0.0,0.0,0.0,20.23,0.0,0.0,0.0,0.0,0.0,12.841643245852019,0.0,0.0,13.030231860133178,5.920434318855644,5.106527394840706,0.0,0.0,0.0,7.83625,0.0,2.5034722222222223,0.0,3.6420833333333333,2.0181944444444446,0.0,0.6,6,1,1,0,0,0,0,0,0,0,0,0,1,1,1,0,1,0,0,0,0,0,3.8949333333333356,0,1.1199000000000001,24.61979999999999,0,1,1,0,0,0,0,0,0,0,0,0,0,0,0,0,0,0,0,0,0,0,0,0,0,0,0,0,0,0,0,0,0,0,0,0,0,0,0,0,0,0,0,0,0,0,0,0,0,0,0,0,0,0,0,0,0,0,0,0,0,0,0,0,0,0,0,0,0,0,0,0,0,0,0,0,0,0,0,0,0,0,0,1,0
CCCC(C)CCCCCCC#CO,8.239676918742541,8.239676918742541,0.8482277494331065,0.8482277494331065,0.4575807290085656,11.857142857142858,196.33399999999997,172.14199999999997,196.182715388,82,0,1.0714285714285714,1.7857142857142858,2.4285714285714284,2.168783701993628,3.073534673697299,163.80971386197632,10.648418081055103,9.681418114181966,9.681418114181966,6.808060412490447,5.928113819647153,5.928113819647153,4.135315641256884,4.135315641256884,2.6092314762810793,2.6092314762810793,1.752779564629982,1.752779564629982,-0.64,13.359999999999998,10.440906148867313,9.448028169014082,88.91201554464415,5.106527394840706,6.106494660442553,0.0,0.0,0.0,0.0,0.0,0.0,0.0,0.0,58.29283845579296,12.338727669087403,6.4208216229260096,0.0,5.106527394840706,0.0,0.0,0.0,5.917906046161393,65.21404738278935,0.0,0.0,0.0,12.026928979298198,0.0,0.0,0.0,0.0,5.106527394840706,0.0,17.94483502545959,65.21404738278935,0.0,0.0,0.0,0.0,20.23,0.0,0.0,0.0,0.0,0.0,18.75954929201341,38.524929737556064,0.0,6.106494660442553,19.767908718236892,5.106527394840706,0.0,0.0,0.0,8.239676918742541,0.0,3.574004260463495,0.0,11.917672157004318,4.601979997122979,0.0,0.8461538461538461,14,1,1,0,0,0,0,0,0,0,1,0,1,1,1,0,8,0,0,0,0,1,9.963607582061949,0,4.096600000000003,61.48580000000005,0,1,1,0,0,0,0,0,0,0,0,0,0,0,0,0,0,0,0,0,0,0,0,0,0,0,0,0,0,0,0,0,0,0,0,0,0,0,0,0,0,0,0,0,0,0,0,0,0,0,0,0,0,0,0,0,0,0,0,0,0,0,0,0,0,0,0,0,0,0,0,0,0,0,0,0,0,0,0,0,0,0,0,4,0
COOCCC=[N+]C#COCCCO,8.405910766129505,8.405910766129505,0.11042108293388253,0.11042108293388253,0.20147381317377314,9.857142857142858,201.22199999999995,186.10199999999998,201.09955938009,79,1,1.4285714285714286,2.2857142857142856,3.0,2.209692218593626,3.2198636509198137,194.7239726093763,10.485281374238573,8.23205623751387,8.23205623751387,6.914213562373096,4.312671115529929,4.312671115529929,2.2284780797633506,2.2284780797633506,1.126297706986006,1.126297706986006,0.5407204697774374,0.5407204697774374,-1.09,12.91,11.91,10.909999999999998,83.61750057717677,9.843390348640755,11.599286697148587,6.106494660442553,6.2146005795353165,0.0,6.04436910184221,0.0,9.775141906512223,0.0,0.0,0.0,0.0,13.027703587438928,20.137501128716462,19.618532255152978,6.2146005795353165,0.0,4.992404732635669,0.0,12.841643245852019,26.93044343481629,0.0,0.0,12.150863762284763,4.992404732635669,0.0,0.0,0.0,38.25157140919231,14.512004860312272,12.150863762284763,12.841643245852019,0.0,0.0,0.0,0.0,62.02000000000001,0.0,0.0,0.0,6.606881964512918,26.055407174877857,0.0,7.109797541277533,6.2146005795353165,0.0,26.918410401432656,9.843390348640755,4.810955215419501,0.0,12.694098600105509,8.405910766129505,0.0,0.0,2.4404202097505667,5.213984979016094,0.9842855287734364,1.450344700805386,0.6666666666666666,14,1,5,0,0,0,0,0,0,0,0,0,5,1,5,0,7,0,0,0,0,0,10.982721428571429,0,-0.32149999999999984,51.20680000000003,0,1,1,0,0,0,0,0,0,0,0,0,0,0,1,1,0,0,0,0,0,0,0,0,0,0,0,0,0,0,0,0,0,0,0,0,0,0,0,0,0,1,0,0,0,0,0,0,0,0,0,0,0,0,0,0,0,0,0,0,0,0,0,0,0,0,0,0,0,0,0,0,0,0,0,0,0,0,0,0,0,0,0,0,0
OCCCOC#C[N+]=CCCOOCCC1=CC1,8.474800634576887,8.474800634576887,0.11068579707479898,0.11068579707479898,0.15592949978331608,13.055555555555555,253.29799999999992,234.14599999999996,253.13085950809,99,1,1.3333333333333333,2.1666666666666665,2.9444444444444446,3.1896510397436386,1.7894048179306499,327.618283061295,12.891058768174391,10.43072685026314,10.43072685026314,8.931851652578137,6.097128165906102,6.097128165906102,3.7002832694540997,3.7002832694540997,2.091088858491668,2.091088858491668,1.0242922109367454,1.0242922109367454,-1.35,14.710060060060057,10.782020961567783,9.846331466601736,107.38183484904974,9.843390348640755,11.599286697148587,6.106494660442553,6.2146005795353165,0.0,6.04436910184221,0.0,9.775141906512223,0.0,0.0,11.64912463690315,12.841643245852019,13.027703587438928,19.634585551951847,19.618532255152978,6.2146005795353165,0.0,4.992404732635669,0.0,25.683286491704038,26.427527858051672,11.64912463690315,0.0,12.150863762284763,4.992404732635669,0.0,0.0,0.0,37.748655832427694,14.512004860312274,12.150863762284763,25.683286491704038,11.64912463690315,0.0,0.0,0.0,62.02000000000001,0.0,0.0,0.0,6.606881964512918,32.66228913939077,12.841643245852019,5.573104530069267,6.2146005795353165,0.0,23.21928860175431,19.618532255152978,4.865925681692415,0.0,13.722117753754624,8.474800634576887,1.4413285936901732,0.0,2.481308416311122,9.56704577449987,1.6141398121415764,0.0,0.6153846153846154,18,1,5,1,0,1,0,0,0,0,0,0,5,1,5,0,10,0,0,0,0,0,8.811343106304921,1,0.7688999999999999,67.46680000000003,0,1,1,0,0,0,0,0,0,0,0,0,0,0,1,1,0,0,0,0,0,0,0,0,0,0,1,0,0,0,0,0,0,0,0,0,0,0,0,0,0,1,0,0,0,0,0,0,0,0,0,0,0,0,0,0,0,0,0,0,0,0,0,0,0,0,0,0,0,0,0,0,0,0,0,0,0,0,0,0,0,0,0,0,0
CC1CC=CCCC1CCOOCCC=[N+]C#COCCCO,8.540693644595258,8.540693644595258,0.10995492166363219,0.10995492166363219,0.1674644312572138,20.956521739130434,323.4330000000001,294.201,323.20910982809,129,1,1.2608695652173914,2.130434782608696,3.0,2.7627561902476616,1.927395194746178,397.5611034785718,16.58972938092366,14.076991220205114,14.076991220205114,11.342535255101097,8.478356347836488,8.478356347836488,5.694282413075919,5.694282413075919,3.8471516389456597,3.8471516389456597,2.4195763335178935,2.4195763335178935,-1.3499999999999999,19.696189376443417,14.255513813586973,10.916991932940428,139.20654542103273,9.843390348640755,11.599286697148587,6.106494660442553,6.2146005795353165,0.0,6.04436910184221,0.0,9.775141906512223,0.0,0.0,19.075777413358384,37.51909858402682,13.027703587438928,19.634585551951844,19.618532255152978,6.2146005795353165,0.0,4.992404732635669,11.835812092322787,45.448666937246685,26.427527858051672,12.152040213667762,0.0,12.150863762284763,4.992404732635669,0.0,0.0,0.0,37.748655832427694,14.512004860312272,23.98667585460755,45.448666937246685,12.152040213667762,0.0,0.0,0.0,62.02000000000001,0.0,0.0,0.0,6.606881964512918,32.66228913939077,18.256633715248796,19.26246486877803,6.2146005795353165,0.0,36.219045908278815,19.618532255152978,4.9135798275059015,0.0,14.232320404272029,8.540693644595258,0.0,1.4434490325631266,2.5134296623921584,14.565193265232645,3.958000830105549,0.0,0.7222222222222222,23,1,5,1,0,1,0,0,0,0,2,0,5,1,5,0,10,0,0,0,0,2,12.207795640474526,1,2.431200000000001,90.41180000000004,0,1,1,0,0,0,0,0,0,0,0,0,0,0,1,1,0,0,0,0,0,0,0,0,0,0,2,0,0,0,0,0,0,0,0,0,0,0,0,0,0,1,0,0,0,0,0,0,0,0,0,0,0,0,0,0,0,0,0,0,0,0,0,0,0,0,0,0,0,0,0,0,0,0,0,0,0,0,0,0,0,0,0,0,0
CC1CCC2=C(CCCCOCC1CCOOCCC=[N+]C#COCCCO)C2,8.59890605813467,8.59890605813467,0.10524257900805623,0.10524257900805623,0.1501256466474999,22.96551724137931,407.5510000000002,370.2550000000001,407.26662470408996,163,1,1.1724137931034482,2.0344827586206895,2.9310344827586206,3.4739427440272297,1.529158623624518,563.3508398659335,20.572857044049094,17.866072878222457,17.866072878222457,14.308861750289882,11.070090265138147,11.070090265138147,7.86440571209482,7.86440571209482,5.520881629276335,5.520881629276335,3.4653860530783627,3.4653860530783627,-1.39,23.884735712869414,15.449947448377218,11.393612243401806,175.1389700689935,14.580253302440804,11.599286697148587,6.106494660442553,6.2146005795353165,0.0,6.04436910184221,0.0,9.775141906512223,0.0,0.0,18.06994625982916,56.78156345280486,26.241467516464763,19.634585551951844,24.355395208953027,6.2146005795353165,0.0,4.992404732635669,11.835812092322787,64.71113180602472,39.641291787077506,11.146209060138535,0.0,12.150863762284763,4.992404732635669,0.0,0.0,0.0,50.962419761453525,19.248867814112323,23.98667585460755,64.71113180602472,11.146209060138535,0.0,0.0,0.0,71.25000000000001,0.0,0.0,0.0,6.606881964512918,44.49810123171356,26.055407174877857,32.10410811463005,17.360809639673853,0.0,24.06700569461106,24.355395208953027,10.88608488455981,0.0,14.482037656548425,8.59890605813467,3.4393996499667585,1.1538685336969132,2.531310517355774,13.817041970628832,5.591350729108817,0.0,0.782608695652174,29,1,6,1,1,2,0,0,0,0,2,0,6,1,6,1,10,0,0,0,0,2,12.72475557180038,2,3.3721000000000014,112.96780000000008,0,1,1,0,0,0,0,0,0,0,0,0,0,0,1,1,0,0,0,0,0,0,0,0,0,0,2,0,0,0,0,0,0,0,0,0,0,0,0,0,0,2,0,0,0,0,0,0,0,0,0,0,0,0,0,0,0,0,0,0,0,0,0,0,0,0,0,0,0,0,0,0,0,0,0,0,0,0,0,0,0,0,0,0,0
C=CCBCC#CCO,8.229012660619803,8.229012660619803,0.019752692743764122,-0.019752692743764122,0.24900041907450918,7.222222222222222,121.97599999999998,110.88799999999998,122.090295372,48,0,1.5555555555555556,2.3333333333333335,2.888888888888889,1.88523483624215,2.9844278279707566,120.61317805208719,6.949747468305834,5.560097770622322,5.560097770622322,4.414213562373095,3.0898311281311113,3.0898311281311113,1.6925709333845922,1.6925709333845922,0.9140819272647093,0.9140819272647093,0.47907803464750376,0.47907803464750376,-0.6750649350649351,8.324935064935065,7.324935064935064,7.324935064935066,57.02005144515296,5.106527394840706,13.886395386640032,0.0,0.0,0.0,0.0,0.0,0.0,0.0,12.499370002454143,18.316627817333373,6.320173391643847,0.0,0.0,5.106527394840706,7.279513422127114,0.0,0.0,0.0,12.640346783287693,6.606881964512918,12.654955790432378,0.0,11.840868637711289,0.0,0.0,0.0,0.0,18.992922781480736,0.0,11.840868637711289,0.0,12.654955790432378,12.640346783287693,0.0,0.0,20.23,0.0,0.0,0.0,6.606881964512918,0.0,19.919860205414807,0.0,0.0,6.076020106833881,18.419804321309787,5.106527394840706,0.0,0.0,0.0,8.229012660619803,0.0,5.400490362811792,0.0,3.757256235827665,3.561157407407407,1.0520833333333335,0.42857142857142855,9,1,1,0,0,0,0,0,0,0,0,0,1,1,2,0,3,0,0,0,0,0,6.775512085605592,0,0.44119999999999987,41.82180000000002,0,1,1,0,0,0,0,0,0,0,0,0,0,0,0,0,0,0,0,0,0,0,0,0,0,0,1,0,0,0,0,0,0,0,0,0,0,0,0,0,0,0,0,0,0,0,0,0,0,0,0,0,0,0,0,0,0,0,0,0,0,0,0,0,0,0,0,0,0,0,0,0,0,0,0,0,0,0,0,0,0,0,0,0,0
O=CCCO,9.244861111111112,9.244861111111112,0.02430555555555558,-0.02430555555555558,0.4510247833148347,7.4,74.079,68.03099999999999,74.036779432,30,0,1.8,2.4,2.4,1.4056390622295665,2.4017152226171965,26.07403392114697,4.121320343559642,2.8470257175265417,2.8470257175265417,2.414213562373095,1.4601783168762168,1.4601783168762168,0.6789485990114584,0.6789485990114584,0.24695057507133847,0.24695057507133847,0.05270462766947299,0.05270462766947299,-0.37,4.63,3.63,3.6299999999999994,30.424891108862546,9.901064578912528,6.286160523129555,0.0,0.0,0.0,0.0,0.0,0.0,0.0,0.0,0.0,0.0,13.027703587438928,0.0,9.901064578912528,6.286160523129555,0.0,0.0,0.0,6.4208216229260096,6.606881964512918,0.0,0.0,0.0,0.0,0.0,0.0,0.0,17.99956988248318,4.794537184071822,0.0,6.4208216229260096,0.0,0.0,0.0,0.0,37.3,0.0,4.794537184071822,0.0,13.027703587438928,6.286160523129555,0.0,0.0,0.0,0.0,0.0,5.106527394840706,0.0,0.0,9.244861111111112,7.835,0.0,0.0,0.0,0.9444444444444444,-0.02430555555555558,0.0,0.6666666666666666,5,1,2,0,0,0,0,0,0,0,0,0,2,1,2,0,2,0,0,0,0,0,3.3613799999999996,0,-0.43229999999999996,17.7668,0,1,1,0,0,0,0,0,0,0,1,1,0,0,0,0,0,0,0,0,0,0,0,1,0,0,0,0,0,0,0,0,0,0,0,0,0,0,0,0,0,0,0,0,0,0,0,0,0,0,0,0,0,0,0,0,0,0,0,0,0,0,0,0,0,0,0,0,0,0,0,0,0,0,0,0,0,0,0,0,0,0,0,0,0
CNNCCO,8.094861111111111,8.094861111111111,0.18138888888888882,0.18138888888888882,0.2980371469013762,9.0,90.126,80.04599999999999,90.07931294,38,0,1.6666666666666667,2.3333333333333335,2.5,1.6143308351592656,2.3390923149762908,20.754887502163466,4.82842712474619,3.861427157873053,3.861427157873053,2.914213562373095,1.9197811566101115,1.9197811566101115,0.9003834930466157,0.9003834930466157,0.41358009417162633,0.41358009417162633,0.1809016994374947,0.1809016994374947,-0.12,5.88,4.880000000000001,3.88,37.333229396269836,5.106527394840706,0.0,0.0,0.0,0.0,0.0,10.85158279422077,0.0,0.0,0.0,0.0,7.04767198267719,6.544756405912575,6.606881964512918,5.106527394840706,0.0,0.0,10.85158279422077,0.0,0.0,20.199310353102682,0.0,0.0,0.0,10.85158279422077,0.0,0.0,0.0,25.305837747943386,0.0,0.0,0.0,0.0,0.0,0.0,0.0,44.29,0.0,0.0,0.0,6.606881964512918,6.544756405912575,0.0,0.0,7.04767198267719,0.0,10.85158279422077,5.106527394840706,0.0,0.0,0.0,8.094861111111111,5.356527777777778,0.0,0.0,0.0,0.7890277777777777,1.7595833333333333,1.0,6,3,3,0,0,0,0,0,0,0,0,0,3,3,3,0,3,0,0,0,0,0,4.782400000000001,0,-1.2972999999999997,24.1482,0,1,1,0,0,0,0,0,0,0,0,0,0,0,0,0,2,0,0,0,0,0,0,0,0,0,0,0,0,0,0,0,0,0,0,0,0,0,0,0,0,0,0,0,0,1,0,0,0,0,0,0,0,0,0,0,0,0,0,0,0,0,0,0,0,0,0,0,0,0,0,0,0,0,0,0,0,0,0,0,0,0,0,0,0
CN1C=C1O,8.222222222222221,8.222222222222221,0.37962962962962976,0.37962962962962976,0.44328787567013034,18.6,71.079,66.03899999999999,71.03711378,28,0,2.0,2.2,2.2,1.7899290753099995,2.3797087438224422,76.9622485822939,3.861807319565799,2.9717774601895415,2.9717774601895415,2.3045304526403108,1.4413012153418898,1.4413012153418898,1.0982034669914624,1.0982034669914624,0.6027683884586669,0.6027683884586669,0.14433756729740646,0.14433756729740646,-0.66,2.5704147465437788,0.45498771009762257,0.21031659863373026,30.32776849330866,10.006437125691184,0.0,0.0,5.883099654642741,0.0,0.0,0.0,0.0,0.0,0.0,0.0,0.0,7.04767198267719,6.199954889820448,5.106527394840706,0.0,0.0,4.899909730850478,0.0,0.0,7.04767198267719,12.08305454446319,0.0,0.0,0.0,0.0,0.0,0.0,17.054109108368372,0.0,0.0,0.0,12.08305454446319,0.0,0.0,0.0,23.240000000000002,0.0,0.0,0.0,0.0,5.883099654642741,0.0,0.0,18.147536603348115,0.0,0.0,5.106527394840706,0.0,0.0,1.6388888888888888,8.222222222222221,0.0,0.37962962962962976,0.0,1.6388888888888888,0.0,1.787037037037037,0.3333333333333333,5,1,2,0,1,1,0,0,0,0,0,0,2,1,2,1,0,0,0,0,0,0,0.23390142390622298,1,0.2887,18.474800000000002,0,1,1,0,0,0,0,0,0,0,0,0,0,0,0,1,0,0,0,0,0,0,0,0,0,0,0,0,0,0,0,0,0,0,0,0,0,0,0,0,0,0,0,0,0,0,0,0,0,0,0,0,0,0,0,0,0,0,0,0,0,0,0,0,0,0,0,0,0,0,0,0,0,0,0,0,0,0,0,0,0,0,0,0,0
CCCCC(CC)CCO,8.667114512471656,8.667114512471656,0.3633144368858654,0.3633144368858654,0.6071883827503706,13.5,144.258,124.09799999999997,144.15141526,62,0,1.2,1.9,2.3,1.977244203548989,3.2055351009964133,61.74860596185444,7.819990956308912,7.26720455180887,7.26720455180887,4.846065214951232,4.455186199781522,4.455186199781522,2.9287841517811795,2.9287841517811795,2.0806238308161373,2.0806238308161373,1.227959323423069,1.227959323423069,-0.04,9.96,7.071607142857144,4.803032525510205,64.45302169519842,5.106527394840706,0.0,0.0,0.0,0.0,0.0,0.0,0.0,0.0,0.0,39.53076089108528,12.338727669087403,6.606881964512918,0.0,5.106527394840706,0.0,0.0,0.0,5.917906046161393,45.95158251401129,6.606881964512918,0.0,0.0,0.0,0.0,0.0,0.0,0.0,11.713409359353623,0.0,5.917906046161393,45.95158251401129,0.0,0.0,0.0,0.0,20.23,0.0,0.0,0.0,0.0,6.606881964512918,12.338727669087403,25.683286491704038,0.0,0.0,13.847474399381248,5.106527394840706,0.0,0.0,0.0,8.667114512471656,0.0,0.768472222222222,0.0,6.116126228269085,4.78162037037037,0.0,1.0,10,1,1,0,0,0,0,0,0,0,1,0,1,1,1,0,6,0,0,0,0,1,7.0433207142857155,0,2.5852000000000017,45.008800000000015,0,1,1,0,0,0,0,0,0,0,0,0,0,0,0,0,0,0,0,0,0,0,0,0,0,0,0,0,0,0,0,0,0,0,0,0,0,0,0,0,0,0,0,0,0,0,0,0,0,0,0,0,0,0,0,0,0,0,0,0,0,0,0,0,0,0,0,0,0,0,0,0,0,0,0,0,0,0,0,0,0,0,0,1,0
CCCCC=CCCCCCCO,8.552078172441142,8.552078172441142,0.3535111961451247,0.3535111961451247,0.4279404213582339,11.23076923076923,184.32299999999995,160.13099999999997,184.182715388,78,0,0.8461538461538461,1.4615384615384615,2.076923076923077,2.155710272483118,2.931748969629998,107.69210414479322,9.778174593052025,8.96587516455814,8.96587516455814,6.414213562373096,5.673164461464445,5.673164461464445,3.540128540697004,3.540128540697004,2.1699155640655556,2.1699155640655556,1.2852230227886325,1.2852230227886325,-0.3,12.7,11.7,11.7,82.85824500620402,5.106527394840706,0.0,0.0,0.0,0.0,0.0,0.0,0.0,0.0,0.0,44.75906390506242,25.683286491704038,6.606881964512918,0.0,5.106527394840706,0.0,0.0,0.0,0.0,58.29031018309871,6.606881964512918,12.152040213667762,0.0,0.0,0.0,0.0,0.0,0.0,11.713409359353623,0.0,0.0,58.29031018309871,12.152040213667762,0.0,0.0,0.0,20.23,0.0,0.0,0.0,0.0,6.606881964512918,6.4208216229260096,44.94575136048208,0.0,0.0,19.075777413358384,5.106527394840706,0.0,0.0,0.0,8.552078172441142,0.0,0.0,0.0,14.369479840145425,2.5784419874134326,0.0,0.8333333333333334,13,1,1,0,0,0,0,0,0,0,0,0,1,1,1,0,9,0,0,0,0,0,11.429999999999998,0,3.6756000000000024,58.83580000000005,0,1,1,0,0,0,0,0,0,0,0,0,0,0,0,0,0,0,0,0,0,0,0,0,0,0,2,0,0,0,0,0,0,0,0,0,0,0,0,0,0,0,0,0,0,0,0,0,0,0,0,0,0,0,0,0,0,0,0,0,0,0,0,0,0,0,0,0,0,0,0,0,0,0,0,0,0,0,0,0,0,0,0,6,0
CCC(CC=CCCCCCCO)CCC=CCC=CNCN,8.718763815600646,8.718763815600646,0.33664861396265655,0.33664861396265655,0.22018539118556613,13.521739130434783,322.537,284.23299999999995,322.298413836,134,0,0.9565217391304348,1.7391304347826086,2.4782608695652173,2.572741189253884,3.594026804814226,310.76353433555033,17.012379111734035,15.05129712325554,15.05129712325554,11.346065214951233,9.33979768656624,9.33979768656624,6.002950238054954,6.002950238054954,4.026304935617643,4.026304935617643,2.4667006911286298,2.4667006911286298,-1.06,21.94,18.987755491881565,17.131021967526266,143.28832873762912,16.156983476009223,0.0,0.0,0.0,0.0,0.0,0.0,0.0,0.0,0.0,56.56630260263805,57.063612296463916,6.606881964512918,6.6686911888991425,5.106527394840706,0.0,0.0,5.316788604006331,11.651573523323577,71.13195342895074,13.275573153412061,36.580055423989855,0.0,0.0,11.050456081168516,0.0,0.0,0.0,18.382100548252765,0.0,5.917906046161393,71.13195342895074,36.580055423989855,0.0,0.0,0.0,58.28,0.0,0.0,0.0,0.0,13.275573153412061,25.18037091493942,44.94575136048208,0.0,6.199954889820448,42.62062633786636,10.84019487200289,0.0,0.0,0.0,11.677435965387842,5.330558510462742,0.8053128053971305,0.0,24.898744840782033,3.1212812113035877,0.0,0.7,23,4,3,0,0,0,0,0,0,0,1,0,3,3,3,0,16,0,0,0,0,1,18.112667630081805,0,4.647700000000003,102.02990000000005,0,1,1,0,0,0,0,0,0,0,0,0,0,0,0,0,1,1,0,0,0,0,0,0,0,0,5,0,0,0,0,0,0,0,0,0,0,0,0,0,0,0,0,0,0,0,0,0,0,0,0,0,0,0,0,0,0,0,0,0,0,0,0,0,0,0,0,0,0,0,0,0,0,0,0,0,0,0,0,0,0,0,0,4,0
CCOCO,7.844027777777778,7.844027777777778,0.15625,-0.15625,0.46796388626627083,8.4,76.095,68.03099999999999,76.052429496,32,0,1.8,2.4,2.4,1.4056390622295665,2.19060968716425,12.36452797660028,4.121320343559642,3.269675448336916,3.269675448336916,2.414213562373095,1.6006848163930112,1.6006848163930112,0.621898724700325,0.621898724700325,0.2954112381494592,0.2954112381494592,0.09128709291752768,0.09128709291752768,-0.08,4.920000000000001,3.9200000000000004,3.92,31.37691423832566,9.843390348640755,6.792942306099827,0.0,0.0,0.0,0.0,0.0,0.0,0.0,0.0,0.0,6.923737199690624,6.606881964512918,0.0,9.843390348640755,0.0,0.0,0.0,0.0,6.923737199690624,13.399824270612745,0.0,0.0,0.0,0.0,0.0,0.0,0.0,18.50635166545345,4.736862953800049,0.0,6.923737199690624,0.0,0.0,0.0,0.0,29.46,0.0,0.0,0.0,6.792942306099827,6.606881964512918,0.0,0.0,0.0,6.923737199690624,4.736862953800049,5.106527394840706,4.388888888888888,0.0,0.0,7.844027777777778,0.0,0.0,0.0,0.0,2.2670833333333333,0.0,1.0,5,1,2,0,0,0,0,0,0,0,0,0,2,1,2,0,2,0,0,0,0,0,3.8572800000000007,0,-0.027299999999999935,18.7118,0,1,1,0,0,0,0,0,0,0,0,0,0,0,0,0,0,0,0,0,0,0,0,0,0,0,0,0,0,0,0,0,0,0,0,0,0,0,0,0,0,1,0,0,0,0,0,0,0,0,0,0,0,0,0,0,0,0,0,0,0,0,0,0,0,0,0,0,0,0,0,0,0,0,0,0,0,0,0,0,0,0,0,0,0
CC(C)OCC[N+]CO,8.209265873015873,8.209265873015873,0.09577853363567645,-0.09577853363567645,0.533531448190932,10.666666666666666,132.18300000000002,118.071,132.10190510809,54,2,1.5555555555555556,2.2222222222222223,2.6666666666666665,1.8005768964064195,2.7466909068574954,57.01955000865388,7.112884175122364,6.001346094213048,6.001346094213048,4.2700556100296625,3.127761231420094,3.127761231420094,2.008180553616523,2.008180553616523,0.8005854394570378,0.8005854394570378,0.4236672886204338,0.4236672886204338,-0.12,8.880000000000003,6.006903553299494,7.880000000000003,56.02160276512352,9.843390348640755,6.606881964512918,0.0,6.544756405912575,6.730816747499484,0.0,0.0,0.0,0.0,0.0,0.0,13.847474399381248,0.0,11.420754991754634,9.843390348640755,0.0,0.0,5.316788604006331,0.0,19.95144078712955,19.882455117924977,0.0,0.0,0.0,5.316788604006331,0.0,0.0,0.0,31.09294890051399,4.736862953800049,0.0,13.847474399381248,0.0,0.0,0.0,0.0,43.56,0.0,0.0,0.0,12.834783135247786,13.151638370425493,0.0,0.0,0.0,13.847474399381248,5.316788604006331,9.843390348640755,5.139027777777778,0.0,0.0,11.883571428571429,0.0,0.0,0.0,0.2628637566137564,5.0478703703703705,0.0,1.0,9,1,3,0,0,0,0,0,0,0,0,0,2,1,3,0,5,0,0,0,0,0,5.926811505922169,0,-0.03439999999999993,35.17479999999999,0,1,1,0,0,0,0,0,0,0,0,0,0,0,0,1,0,0,0,0,0,0,0,0,0,0,0,0,0,0,0,0,0,0,0,0,0,0,0,0,0,1,0,0,0,0,0,0,0,0,0,0,0,0,0,0,0,0,0,0,0,0,0,0,0,0,0,0,0,0,0,0,0,0,0,0,0,0,0,0,0,0,0,0,0
OCC1CCCCSC1,8.802685185185185,8.802685185185185,0.3958333333333335,0.3958333333333335,0.6048765282627026,29.666666666666668,146.255,132.14299999999997,146.076536068,54,0,1.4444444444444444,2.3333333333333335,3.111111111111111,2.133849087255043,2.1826813172648256,67.31640245632484,6.52709773749546,5.6754528422727315,6.491949423200458,4.431851652578137,3.618322906598053,4.773023444977304,2.619296462531384,3.7691263767924426,1.762799850631042,3.047256901007215,1.1144619010444847,2.2947861135139602,0.31,7.417411385606875,4.1775191281712125,2.5866313231876212,60.840416338241226,5.106527394840706,0.0,0.0,0.0,0.0,0.0,0.0,0.0,11.761884949391115,0.0,6.4208216229260096,30.26525650550699,6.606881964512918,0.0,5.106527394840706,11.761884949391115,0.0,0.0,5.917906046161393,19.26246486877803,18.112589178006495,0.0,0.0,0.0,0.0,0.0,0.0,11.761884949391115,23.219116572847202,0.0,5.917906046161393,19.26246486877803,0.0,0.0,0.0,0.0,20.23,0.0,0.0,0.0,0.0,12.52478801067431,0.0,30.768172082271608,0.0,11.761884949391115,0.0,5.106527394840706,0.0,1.9884259259259258,0.0,8.802685185185185,0.0,3.0740740740740744,0.0,3.905648148148148,0.3958333333333335,0.0,1.0,9,1,1,0,1,1,0,0,0,0,1,0,2,1,2,1,1,0,1,1,0,1,3.442930882765295,1,1.512,41.75180000000002,0,1,1,0,0,0,0,0,0,0,0,0,0,0,0,0,0,0,0,0,0,0,0,0,0,0,0,0,0,0,0,0,0,0,0,0,0,0,0,0,0,0,0,0,0,0,0,0,0,0,0,0,0,0,0,0,0,0,0,0,0,0,0,0,0,0,0,0,0,0,0,0,0,0,0,1,0,0,0,0,0,0,0,0,0
CCCOC=CCCCO,8.394249574829932,8.394249574829932,0.26202160493827154,0.26202160493827154,0.45388315616735936,10.6,144.214,128.08599999999998,144.115029752,60,0,1.5,2.3,2.9,1.9671544718900458,2.8919542432757295,69.32677655889417,7.6568542494923815,6.5456963302758115,6.5456963302758115,4.914213562373096,3.789293565990911,3.789293565990911,2.1084111587201337,2.1084111587201337,1.0433300600665818,1.0433300600665818,0.531113498544975,0.531113498544975,-0.5,9.5,8.5,7.5,62.512021778124435,9.843390348640755,0.0,0.0,0.0,0.0,0.0,0.0,0.0,0.0,0.0,6.923737199690624,25.33848497561191,6.606881964512918,12.868962412933708,9.843390348640755,0.0,0.0,0.0,0.0,26.186202068468653,13.213763929025836,12.338100555254671,0.0,0.0,0.0,0.0,0.0,0.0,18.32029132386654,4.736862953800049,0.0,26.186202068468653,12.338100555254671,0.0,0.0,0.0,29.46,0.0,0.0,0.0,6.606881964512918,0.0,25.869346833290948,0.0,6.26208044842079,6.076020106833881,6.923737199690624,9.843390348640755,5.0671740362811795,0.0,0.0,8.394249574829932,0.0,0.0,0.0,6.418233418367347,3.120342970521542,0.0,0.75,10,1,2,0,0,0,0,0,0,0,0,0,2,1,2,0,6,0,0,0,0,0,8.075,0,1.6992,41.70280000000001,0,1,1,0,0,0,0,0,0,0,0,0,0,0,0,0,0,0,0,0,0,0,0,0,0,0,1,0,0,0,0,0,0,0,0,0,0,0,0,0,0,1,0,0,0,0,0,0,0,0,0,0,0,0,0,0,0,0,0,0,0,0,0,0,0,0,0,0,0,0,0,0,0,0,0,0,0,0,0,0,0,0,0,1,0
CCCC=NCO,8.094965986394557,8.094965986394557,0.06944444444444442,-0.06944444444444442,0.5240176706980242,10.571428571428571,101.14899999999999,90.06099999999999,101.084063972,42,0,1.7142857142857142,2.4285714285714284,2.857142857142857,1.690933805959686,2.7771492902446897,52.041843979966416,5.535533905932738,4.593097803749185,4.593097803749185,3.414213562373095,2.5060094934312476,2.5060094934312476,1.295244862502233,1.295244862502233,0.6285236824347465,0.6285236824347465,0.27812156471007077,0.27812156471007077,-0.37,6.630000000000001,5.630000000000001,5.629999999999999,43.888575723472115,5.106527394840706,6.730816747499484,0.0,0.0,0.0,0.0,4.992404732635669,0.0,0.0,0.0,13.344558822616634,6.4208216229260096,6.2146005795353165,0.0,5.106527394840706,6.2146005795353165,0.0,0.0,4.992404732635669,19.765380445542643,6.730816747499484,0.0,0.0,0.0,0.0,0.0,0.0,0.0,18.051944721875508,0.0,0.0,19.765380445542643,4.992404732635669,0.0,0.0,0.0,32.59,0.0,0.0,0.0,6.730816747499484,0.0,12.841643245852019,0.0,6.2146005795353165,0.0,11.916141932326294,5.106527394840706,0.0,0.0,3.592083333333333,8.094965986394557,0.0,0.0,0.0,3.8095833333333333,2.0033673469387754,0.0,0.8,7,1,2,0,0,0,0,0,0,0,0,0,2,1,2,0,3,0,0,0,0,0,5.332414285714287,0,0.8070999999999999,30.485799999999983,0,1,1,0,0,0,0,0,0,0,0,0,0,0,1,1,0,0,0,0,0,0,0,0,0,0,0,0,0,0,0,0,0,0,0,0,0,0,0,0,0,0,0,0,0,0,0,0,0,0,0,0,0,0,0,0,0,0,0,0,0,0,0,0,0,0,0,0,0,0,0,0,0,0,0,0,0,0,0,0,0,0,0,1,0
CC1[SH]=C1OCO,8.146944444444443,8.146944444444443,0.1600462962962963,-0.1600462962962963,0.2884897568581735,28.285714285714285,120.17299999999999,112.10899999999998,120.024500496,42,0,2.0,2.5714285714285716,2.7142857142857144,2.2178561135066155,2.085752027242342,99.86291712607164,5.276020881938894,4.087132531839952,4.981559722839869,3.3425352551010956,2.156858137125161,3.120469512119442,1.4167475942489887,2.8903162288198496,0.8229914983643596,1.9375061231573156,0.37759678642200667,0.8915880933493603,0.13999999999999996,5.280056022408964,1.9417898098626274,1.2597276501204215,46.06284880836143,9.843390348640755,6.792942306099827,0.0,0.0,0.0,0.0,0.0,0.0,11.350969244424817,0.0,0.0,6.923737199690624,5.249938029982174,5.0506276603385345,9.843390348640755,16.401596904763352,0.0,0.0,0.0,12.1736752296728,6.792942306099827,0.0,0.0,0.0,0.0,0.0,0.0,11.350969244424817,22.200035391261245,4.736862953800049,0.0,6.923737199690624,0.0,0.0,0.0,0.0,29.46,0.0,0.0,0.0,6.792942306099827,5.249938029982174,5.0506276603385345,11.350969244424817,0.0,0.0,6.923737199690624,9.843390348640755,4.724922839506172,1.2449691358024693,0.0,9.739212962962963,0.0,0.0,0.0,0.0,1.9020061728395063,0.0,0.75,7,1,2,0,1,1,0,0,0,0,1,0,2,2,3,1,1,0,0,0,0,1,1.464679854259646,1,-0.04970000000000008,31.62579999999999,0,1,1,0,0,0,0,0,0,0,0,0,0,0,0,0,0,0,0,0,0,0,1,0,0,0,0,0,0,0,0,0,0,0,0,0,0,0,0,0,0,1,0,0,0,0,0,0,0,0,0,0,0,0,0,0,0,0,0,0,0,0,0,0,0,0,0,0,0,0,0,0,0,0,0,0,0,0,0,0,0,0,0,0,0
OC=C=C=NCCO,8.131354875283446,8.131354875283446,0.00010770975056684229,0.00010770975056684229,0.2976600095075036,6.625,113.116,106.05999999999999,113.047678464,44,0,1.625,2.375,2.875,1.8088121254443208,3.4808935645068018,129.36409612807472,6.242640687119286,4.333204618062594,4.333204618062594,3.914213562373095,2.152936354125629,2.152936354125629,0.9905678895543533,0.9905678895543533,0.4199597852527795,0.4199597852527795,0.18041275935573986,0.18041275935573986,-1.01,6.989999999999999,5.990000000000001,4.99,47.30360341129961,10.213054789681411,6.26208044842079,0.0,0.0,0.0,0.0,0.0,4.992404732635669,0.0,0.0,0.0,5.731218590741754,5.86979906344319,13.151638370425493,10.213054789681411,5.86979906344319,0.0,0.0,4.992404732635669,0.0,13.151638370425493,11.993299039162544,0.0,0.0,0.0,0.0,0.0,0.0,29.2344922235501,0.0,0.0,0.0,16.985703771798214,0.0,0.0,0.0,52.82000000000001,0.0,0.0,0.0,6.606881964512918,12.806836854333365,0.0,0.0,0.0,0.0,16.593422386820613,10.213054789681411,0.0,0.0,3.477222222222222,16.07583049886621,2.1858333333333335,2.245416666666667,0.0,0.7092006802721087,0.30649659863945566,0.0,0.4,8,2,3,0,0,0,0,0,0,0,0,0,3,2,3,0,2,0,0,0,0,0,5.2337625,0,-0.12480000000000002,30.09959999999999,0,2,2,0,0,0,0,0,0,0,0,0,0,0,1,1,0,0,0,0,0,0,0,0,0,0,0,0,0,0,0,0,0,0,0,0,0,0,0,0,0,0,0,0,0,0,0,0,0,0,0,0,0,0,0,0,0,0,0,0,0,0,0,0,0,0,0,0,0,0,0,0,0,0,0,0,0,0,0,0,0,0,0,0,0
C=C(C)COC=C=C=NCCO,8.327157503841757,8.327157503841757,0.02907050474510786,0.02907050474510786,0.286032313748278,7.833333333333333,167.20799999999997,154.10399999999998,167.094628656,66,0,1.75,2.5,3.0833333333333335,2.0243641446269387,3.596264029638173,220.68303448440926,9.234204518682008,7.208452875399596,7.208452875399596,5.7700556100296625,3.6262216405553445,3.6262216405553445,2.2474305900291514,2.2474305900291514,0.8274019344949072,0.8274019344949072,0.40348979149654074,0.40348979149654074,-1.27,10.729999999999999,7.832774922918808,8.73,72.39308031401266,9.843390348640755,12.868962412933708,0.0,0.0,0.0,0.0,0.0,4.992404732635669,0.0,0.0,6.578935683598497,18.228060320501648,5.86979906344319,13.151638370425493,9.843390348640755,5.86979906344319,0.0,0.0,4.992404732635669,6.923737199690624,19.75852033493841,24.145339252830308,0.0,0.0,0.0,0.0,0.0,0.0,30.73484679322231,4.736862953800049,0.0,6.923737199690624,29.137743985465978,0.0,0.0,0.0,41.82,0.0,0.0,0.0,6.606881964512918,13.151638370425493,5.573104530069267,6.26208044842079,0.0,6.923737199690624,23.17235807041911,9.843390348640755,4.9546241969009825,0.0,3.6617247732426303,8.327157503841757,3.5042101547409086,2.464814814814815,0.0,1.3705895691609977,6.383545653964576,0.0,0.4444444444444444,12,1,3,0,0,0,0,0,0,0,0,0,3,1,3,0,5,0,0,0,0,0,7.003806243576566,0,0.9098999999999999,48.23680000000003,0,1,1,0,0,0,0,0,0,0,0,0,0,0,1,1,0,0,0,0,0,0,0,0,0,0,0,0,0,0,0,0,0,0,0,0,0,0,0,0,0,1,0,0,0,0,0,0,0,0,0,0,0,0,0,0,0,0,0,0,0,0,0,0,0,0,0,0,0,0,0,0,0,0,0,0,0,0,0,0,0,0,0,0,0
CBCCCC=[N+]CCO,8.355204790249433,8.355204790249433,0.17091049382716061,0.17091049382716061,0.31668947565418576,10.6,141.02300000000002,124.89499999999998,141.13194595209,57,1,1.6,2.4,3.0,1.9671544718900458,2.875473646773731,85.67529210449095,7.6568542494923815,6.7144181473088285,6.7144181473088285,4.914213562373096,4.006009493431248,4.006009493431248,2.3081438829514282,2.3081438829514282,1.2949758704459464,1.2949758704459464,0.725933872968952,0.725933872968952,-0.30506493506493515,9.694935064935065,8.694935064935065,7.6949350649350645,63.60575157133806,5.106527394840706,13.886395386640032,0.0,12.75935698544789,0.0,0.0,0.0,0.0,0.0,0.0,19.564083982978318,0.0,11.41322635556168,0.0,5.106527394840706,13.494114001662432,0.0,4.992404732635669,0.0,25.984905605904327,13.151638370425493,0.0,0.0,0.0,4.992404732635669,0.0,0.0,0.0,31.75227976692863,0.0,0.0,12.841643245852019,0.0,13.143262360052308,0.0,0.0,34.33,0.0,0.0,0.0,6.606881964512918,6.544756405912575,6.4208216229260096,20.02050843669697,0.0,6.2146005795353165,11.81549370104413,5.106527394840706,0.0,0.0,3.9866581632653064,8.355204790249433,0.0,0.0,0.0,5.482434098639455,2.9179251700680275,1.2577777777777779,0.8571428571428571,10,1,2,0,0,0,0,0,0,0,0,0,2,1,3,0,6,0,0,0,0,0,8.42968308483724,0,0.06839999999999985,47.20480000000003,0,1,1,0,0,0,0,0,0,0,0,0,0,0,1,1,0,0,0,0,0,0,0,0,0,0,0,0,0,0,0,0,0,0,0,0,0,0,0,0,0,0,0,0,0,0,0,0,0,0,0,0,0,0,0,0,0,0,0,0,0,0,0,0,0,0,0,0,0,0,0,0,0,0,0,0,0,0,0,0,0,0,0,1,0
CBC=C(CC=O)CCCCC=[N+]CCO,10.411517759009746,10.411517759009746,0.12422682209298364,0.12422682209298364,0.2587506755135784,12.0,223.12499999999997,200.94899999999996,223.17381076408998,89,1,1.4375,2.25,2.875,2.2819841858907695,3.5425981983373145,227.05865002596164,12.0626316434282,10.19158053852504,10.19158053852504,7.846065214951232,6.0539902505358505,6.0539902505358505,3.699555421009684,3.699555421009684,2.2776347483985955,2.2776347483985955,1.511166646276343,1.511166646276343,-0.8950649350649353,15.104935064935065,12.175832236414145,9.652006801072774,98.90238121118063,9.901064578912528,20.17255590976959,0.0,12.75935698544789,0.0,0.0,0.0,0.0,0.0,5.975371875551718,12.396193498477729,19.26246486877803,17.83404797848769,0.0,9.901064578912528,19.780274524791984,0.0,4.992404732635669,0.0,38.92719708303851,13.151638370425493,11.548476405620985,0.0,0.0,4.992404732635669,0.0,0.0,0.0,38.03844029005818,4.794537184071822,0.0,32.10410811463005,11.548476405620985,6.823088968408461,0.0,0.0,51.400000000000006,0.0,4.794537184071822,0.0,6.606881964512918,12.965578028838586,39.248960436960715,5.573104530069267,0.0,6.2146005795353165,17.79086557659585,5.106527394840706,0.0,0.0,14.444905340894351,8.505565314534783,1.2544416362223905,2.1470733215998368,0.0,7.593617082622765,2.7199412856073555,1.001122685185185,0.6666666666666666,16,1,3,0,0,0,0,0,0,0,0,0,3,1,4,0,10,0,0,0,0,0,11.49469720578617,0,0.9031999999999998,70.39580000000004,0,1,1,0,0,0,0,0,0,0,1,1,0,0,1,1,0,0,0,0,0,0,0,1,0,0,1,0,0,0,0,0,0,0,0,0,0,0,0,0,0,0,0,0,0,0,0,0,0,0,0,0,0,0,0,0,0,0,0,0,0,0,0,0,0,0,0,0,0,0,0,0,0,0,0,0,0,0,0,0,0,0,0,2,0
CCCC#CCCBC=C(CC=O)CCCCC=[N+]CCO,10.721449684913512,10.721449684913512,0.1166093491778919,0.1166093491778919,0.18676455856973057,11.272727272727273,303.255,273.015,303.23641102009,121,1,1.2727272727272727,2.090909090909091,2.8181818181818183,2.526356073727947,3.8171929838144103,380.28373213411095,16.30527233054749,14.020007663271231,14.020007663271231,10.846065214951233,8.511097031722397,8.511097031722397,5.287089046327183,5.287089046327183,3.2237490109926394,3.2237490109926394,2.020904845090348,2.020904845090348,-1.335064935064935,20.664935064935065,17.715786999950257,15.061406867877427,136.09125928941953,9.901064578912528,20.17255590976959,0.0,12.75935698544789,0.0,0.0,0.0,0.0,0.0,17.816240513263008,18.817015121403738,25.683286491704038,30.675691224339708,0.0,9.901064578912528,19.780274524791984,0.0,4.992404732635669,0.0,64.61048357474256,13.151638370425493,11.548476405620985,0.0,11.840868637711289,4.992404732635669,0.0,0.0,0.0,38.03844029005818,4.794537184071822,11.840868637711289,58.29031018309871,11.548476405620985,6.320173391643847,0.0,0.0,51.400000000000006,0.0,4.794537184071822,0.0,6.606881964512918,12.965578028838586,64.83159869738259,5.573104530069267,0.0,6.2146005795353165,29.7323824455893,5.106527394840706,0.0,0.0,14.79689074100803,8.60125066420038,1.2535317985218781,8.561833692225722,0.0,11.682785070727766,2.7545645147977047,1.015810185185185,0.6666666666666666,22,1,3,0,0,0,0,0,0,0,0,0,3,1,4,0,13,0,0,0,0,0,16.640708544463312,0,2.467000000000001,96.63980000000005,0,1,1,0,0,0,0,0,0,0,1,1,0,0,1,1,0,0,0,0,0,0,0,1,0,0,1,0,0,0,0,0,0,0,0,0,0,0,0,0,0,0,0,0,0,0,0,0,0,0,0,0,0,0,0,0,0,0,0,0,0,0,0,0,0,0,0,0,0,0,0,0,0,0,0,0,0,0,0,0,0,0,0,3,0
OCC1=CC[N+]C[N+]1,8.487314814814816,8.487314814814816,0.051111111111110885,0.051111111111110885,0.4664593401912904,20.375,112.13200000000002,104.068,112.06256571617999,42,4,1.75,2.625,3.0,1.9034911933164034,2.3728982555212776,100.60179219723159,5.819990956308912,4.540311399249142,4.540311399249142,3.931851652578137,2.538994677469281,2.538994677469281,1.5592917241850441,1.5592917241850441,0.9918101389533966,0.9918101389533966,0.5475835747588962,0.5475835747588962,-0.38,5.751233595800525,2.8139481376607582,1.2961943456330154,48.39754341911459,5.106527394840706,11.923670568519249,5.316788604006331,6.544756405912575,5.697039313055833,6.6686911888991425,0.0,0.0,0.0,0.0,0.0,0.0,0.0,6.076020106833881,5.106527394840706,0.0,0.0,10.633577208012662,0.0,0.0,19.820329559324634,11.773059419889714,0.0,0.0,10.633577208012662,0.0,0.0,0.0,24.92685695416534,0.0,0.0,0.0,11.773059419889714,0.0,0.0,0.0,48.43,0.0,0.0,0.0,6.606881964512918,13.213447594811718,5.697039313055833,0.0,0.0,6.076020106833881,10.633577208012662,5.106527394840706,0.0,0.0,0.0,16.30078703703704,0.7638888888888888,0.0,0.0,1.8229166666666667,1.2790740740740738,0.0,0.6,8,1,3,0,1,1,0,0,0,0,0,0,1,1,3,1,1,0,0,0,0,0,2.0229591332693593,1,-0.9575000000000002,29.170799999999993,0,1,1,0,0,0,0,0,0,0,0,0,0,0,0,2,0,0,0,0,0,0,0,0,0,0,0,0,0,0,0,0,0,0,0,0,0,0,0,0,0,0,0,0,0,0,0,0,0,0,0,0,0,0,0,0,0,0,0,0,0,0,0,0,0,0,0,0,0,0,0,0,0,0,0,0,0,0,0,0,0,0,0,0,0
C=CNCC=CCCO,8.330965608465608,8.330965608465608,0.22677508503401356,0.22677508503401356,0.4197544947136107,9.88888888888889,127.18699999999998,114.08299999999997,127.099714036,52,0,1.4444444444444444,2.2222222222222223,2.7777777777777777,1.88523483624215,2.942341601323771,88.91694057588533,6.949747468305834,5.507691527815025,5.507691527815025,4.414213562373095,3.0165344959298475,3.0165344959298475,1.596058888831618,1.596058888831618,0.8424726058998362,0.8424726058998362,0.4270947778583947,0.4270947778583947,-0.7600000000000001,8.24,7.24,7.24,55.89379358564473,10.423315998847038,0.0,0.0,0.0,0.0,0.0,0.0,0.0,0.0,0.0,18.73097589726626,12.620776512746458,13.151638370425493,0.0,5.106527394840706,0.0,0.0,5.316788604006331,0.0,6.4208216229260096,13.151638370425493,24.930930787086705,0.0,0.0,5.316788604006331,0.0,0.0,0.0,18.2581657652662,0.0,0.0,6.4208216229260096,24.930930787086705,0.0,0.0,0.0,32.26,0.0,0.0,0.0,6.606881964512918,0.0,12.965578028838586,0.0,6.199954889820448,12.152040213667762,11.895724287604828,5.106527394840706,0.0,0.0,0.0,11.233564814814814,0.0,0.0,0.0,6.260425170068027,4.506010015117158,0.0,0.42857142857142855,9,2,2,0,0,0,0,0,0,0,0,0,2,2,2,0,5,0,0,0,0,0,6.628622222222223,0,0.6580999999999999,39.04250000000001,0,1,1,0,0,0,0,0,0,0,0,0,0,0,0,0,1,0,0,0,0,0,0,0,0,0,0,0,0,0,0,0,0,0,0,0,0,0,0,0,0,0,0,0,0,0,0,0,0,0,0,0,0,0,0,0,0,0,0,0,0,0,0,0,0,0,0,0,0,0,0,0,0,0,0,0,0,0,0,0,0,0,0,0,0
CC#CCCCCO,8.317400793650794,8.317400793650794,0.2970181405895691,0.2970181405895691,0.4289849376689275,7.75,112.172,100.07599999999998,112.088815004,46,0,1.375,2.125,2.625,1.8088121254443208,2.7889996786622473,86.29528571077476,6.242640687119286,5.275640720246148,5.275640720246148,3.914213562373095,2.9197811566101115,2.9197811566101115,1.6074902742331632,1.6074902742331632,0.8866672736016925,0.8866672736016925,0.45019174652330773,0.45019174652330773,-0.48,7.519999999999999,6.52,5.52,50.722362858264475,5.106527394840706,0.0,0.0,0.0,0.0,0.0,0.0,0.0,0.0,11.840868637711289,0.0,19.765380445542643,13.027703587438928,0.0,5.106527394840706,0.0,0.0,0.0,0.0,26.186202068468653,6.606881964512918,0.0,0.0,11.840868637711289,0.0,0.0,0.0,0.0,11.713409359353623,0.0,11.840868637711289,26.186202068468653,0.0,0.0,0.0,0.0,20.23,0.0,0.0,0.0,0.0,6.606881964512918,19.26246486877803,0.0,0.0,6.923737199690624,11.840868637711289,5.106527394840706,0.0,0.0,0.0,8.317400793650794,0.0,5.716904761904762,0.0,2.836388888888889,2.129305555555556,0.0,0.7142857142857143,8,1,1,0,0,0,0,0,0,0,0,0,1,1,1,0,3,0,0,0,0,0,6.128799999999998,0,1.1723000000000001,34.38679999999999,0,1,1,0,0,0,0,0,0,0,0,0,0,0,0,0,0,0,0,0,0,0,0,0,0,0,0,0,0,0,0,0,0,0,0,0,0,0,0,0,0,0,0,0,0,0,0,0,0,0,0,0,0,0,0,0,0,0,0,0,0,0,0,0,0,0,0,0,0,0,0,0,0,0,0,0,0,0,0,0,0,0,0,2,0
CC(C=O)CCCCO,10.03652730536659,10.03652730536659,0.1634722222222218,0.1634722222222218,0.44473687089335123,13.11111111111111,130.187,116.07499999999999,130.099379688,54,0,1.5555555555555556,2.2222222222222223,2.6666666666666665,1.8853475857946647,2.9636223386039795,71.31640245632482,7.112884175122364,5.838589549089264,5.838589549089264,4.308060412490447,3.370861919399176,3.370861919399176,2.3327553612120058,2.3327553612120058,1.299887637854722,1.299887637854722,0.6461576233460625,0.6461576233460625,-0.37,8.630000000000004,5.76106159895151,5.501919994358112,55.88465956644897,9.901064578912528,6.286160523129555,0.0,0.0,0.0,0.0,0.0,0.0,0.0,0.0,13.344558822616634,12.841643245852019,12.52478801067431,0.0,9.901064578912528,6.286160523129555,0.0,0.0,5.917906046161393,26.186202068468653,6.606881964512918,0.0,0.0,0.0,0.0,0.0,0.0,0.0,17.99956988248318,4.794537184071822,5.917906046161393,26.186202068468653,0.0,0.0,0.0,0.0,37.3,0.0,4.794537184071822,0.0,12.52478801067431,0.0,25.548625391907585,0.0,0.0,6.923737199690624,0.0,5.106527394840706,0.0,0.0,10.03652730536659,8.363519935752079,0.0,0.1634722222222218,0.0,3.6349414210128494,2.134872448979592,0.0,0.8571428571428571,9,1,2,0,0,0,0,0,0,0,1,0,2,1,2,0,5,0,0,0,0,1,5.524217955439062,0,0.984,36.16479999999999,0,1,1,0,0,0,0,0,0,0,1,1,0,0,0,0,0,0,0,0,0,0,0,1,0,0,0,0,0,0,0,0,0,0,0,0,0,0,0,0,0,0,0,0,0,0,0,0,0,0,0,0,0,0,0,0,0,0,0,0,0,0,0,0,0,0,0,0,0,0,0,0,0,0,0,0,0,0,0,0,0,0,0,1,0
CC(C=O)CCCCNNNCN=NCO,10.321176992141964,10.321176992141964,0.157386549813463,-0.2876735845554528,0.17289725629592234,13.125,231.30000000000004,210.132,231.16952491199999,94,0,1.3125,2.125,2.8125,2.308840501660642,3.037975120051127,188.7381583080769,12.0626316434282,9.647230302462276,9.647230302462276,7.808060412490447,5.4104242326194,5.4104242326194,3.420079905775649,3.420079905775649,1.9333403182658084,1.9333403182658084,1.0423477414808193,1.0423477414808193,-0.8899999999999999,15.109999999999998,12.180871722182847,11.186277650648357,95.65118023102535,9.901064578912528,12.954851712028699,6.730816747499484,0.0,0.0,0.0,0.0,10.85158279422077,15.763294441473235,0.0,13.344558822616634,12.841643245852019,12.462662452073968,0.0,9.901064578912528,6.286160523129555,0.0,16.38637698443521,16.14640629742019,26.186202068468653,19.944264342311204,0.0,0.0,0.0,16.38637698443521,0.0,0.0,0.0,31.336952260281464,4.794537184071822,5.917906046161393,26.186202068468653,10.228500251258795,0.0,0.0,0.0,98.11000000000001,0.0,4.794537184071822,0.0,12.648722793660877,6.6686911888991425,32.09338179782016,0.0,0.0,6.923737199690624,26.614877235694003,5.106527394840706,0.0,0.0,10.321176992141964,15.227812366470896,8.424157139707734,0.157386549813463,0.0,3.9509369677856405,2.751863317413635,0.0,0.8888888888888888,16,4,7,0,0,0,0,0,0,0,1,0,7,4,7,0,11,0,0,0,0,1,11.503310732636423,0,-0.049999999999998546,60.16190000000004,0,1,1,0,0,0,0,0,0,0,1,1,0,0,0,2,3,0,0,0,0,0,0,1,0,0,0,0,0,0,0,0,1,0,0,0,0,0,0,0,0,0,0,0,0,2,0,0,0,0,0,0,0,0,0,0,0,0,0,0,0,0,0,0,0,0,0,0,0,0,0,0,0,0,0,0,0,0,0,0,0,0,0,1,0
OCC1C=CC1,8.33476851851852,8.33476851851852,0.32986111111111116,0.32986111111111116,0.4599851251089052,29.833333333333332,84.11800000000001,76.05399999999999,84.057514876,34,0,1.8333333333333333,2.5,2.5,1.3143204867061786,2.210825810886388,66.33869642763737,4.405777393935816,3.59347796544193,3.59347796544193,2.931851652578137,2.207639304075094,2.207639304075094,1.6065084517418071,1.6065084517418071,1.0815891843189651,1.0815891843189651,0.46392651441284116,0.46392651441284116,-0.30000000000000004,3.8754385964912283,1.43334818445088,0.45493337831000175,37.2978190518985,5.106527394840706,0.0,0.0,0.0,0.0,0.0,0.0,0.0,0.0,0.0,12.152040213667762,6.4208216229260096,12.52478801067431,0.0,5.106527394840706,0.0,0.0,0.0,5.917906046161393,6.4208216229260096,6.606881964512918,12.152040213667762,0.0,0.0,0.0,0.0,0.0,0.0,11.713409359353623,0.0,5.917906046161393,6.4208216229260096,12.152040213667762,0.0,0.0,0.0,20.23,0.0,0.0,0.0,0.0,12.52478801067431,6.4208216229260096,0.0,0.0,6.076020106833881,6.076020106833881,5.106527394840706,0.0,0.0,0.0,8.33476851851852,0.0,0.4907407407407405,0.0,5.1779629629629635,0.32986111111111116,0.0,0.6,6,1,1,1,0,1,0,0,0,0,1,0,1,1,1,0,1,0,0,0,0,1,0.9258088127052614,1,0.5548,24.33279999999999,0,1,1,0,0,0,0,0,0,0,0,0,0,0,0,0,0,0,0,0,0,0,0,0,0,0,1,0,0,0,0,0,0,0,0,0,0,0,0,0,0,0,0,0,0,0,0,0,0,0,0,0,0,0,0,0,0,0,0,0,0,0,0,0,0,0,0,0,0,0,0,0,0,0,0,0,0,0,0,0,0,0,0,0,0
C=C=CCCCCO,8.315664682539683,8.315664682539683,0.296609977324263,0.296609977324263,0.4312504297375475,8.125,112.172,100.07599999999998,112.088815004,46,0,1.5,2.25,2.75,1.8088121254443208,2.8204519879532417,80.38761556290453,6.242640687119286,5.060097770622321,5.060097770622321,3.914213562373095,2.8667045816687877,2.8667045816687877,1.6276370039952022,1.6276370039952022,0.9009131628351631,0.9009131628351631,0.46026511140432735,0.46026511140432735,-0.52,7.4799999999999995,6.48,5.48,50.343931402036695,5.106527394840706,0.0,0.0,0.0,0.0,0.0,0.0,0.0,0.0,5.731218590741754,6.578935683598497,25.33848497561191,6.606881964512918,0.0,5.106527394840706,0.0,0.0,0.0,0.0,19.26246486877803,6.606881964512918,18.386174381174133,0.0,0.0,0.0,0.0,0.0,0.0,11.713409359353623,0.0,0.0,19.26246486877803,18.386174381174133,0.0,0.0,0.0,20.23,0.0,0.0,0.0,0.0,6.606881964512918,19.26246486877803,0.0,0.0,6.076020106833881,12.310154274340253,5.106527394840706,0.0,0.0,0.0,8.315664682539683,2.6699603174603173,0.0,0.0,4.8025,3.711875,0.0,0.5714285714285714,8,1,1,0,0,0,0,0,0,0,0,0,1,1,1,0,4,0,0,0,0,0,6.0588,0,1.4901,34.64679999999999,0,1,1,0,0,0,0,0,0,0,0,0,0,0,0,0,0,0,0,0,0,0,0,0,0,0,1,0,0,0,0,0,0,0,0,0,0,0,0,0,0,0,0,0,0,0,0,0,0,0,0,0,0,0,0,0,0,0,0,0,0,0,0,0,0,0,0,0,0,0,0,0,0,0,0,0,0,0,0,0,0,0,0,2,0
CCC=CCCCNCO,8.339827097505669,8.339827097505669,0.09473418997228533,0.09473418997228533,0.33325419780671334,11.0,143.23000000000002,126.09399999999998,143.131014164,60,0,1.4,2.2,2.8,1.9671544718900458,2.8313245841475583,81.32677655889418,7.6568542494923815,6.637448039811948,6.637448039811948,4.914213562373096,3.880271242650993,3.880271242650993,2.1799952194514,2.1799952194514,1.2385165284290436,1.2385165284290436,0.7084879411823578,0.7084879411823578,-0.33999999999999997,9.660000000000002,8.66,7.659999999999999,62.948338732225594,5.106527394840706,0.0,0.0,0.0,0.0,0.0,5.316788604006331,0.0,0.0,0.0,19.075777413358384,25.807221274690605,0.0,6.730816747499484,5.106527394840706,0.0,0.0,5.316788604006331,0.0,26.186202068468653,13.27557315341206,12.152040213667762,0.0,0.0,5.316788604006331,0.0,0.0,0.0,18.382100548252765,0.0,0.0,26.186202068468653,12.152040213667762,0.0,0.0,0.0,32.26,0.0,0.0,0.0,6.730816747499484,0.0,25.807221274690605,0.0,0.0,0.0,24.392566017364715,5.106527394840706,0.0,0.0,0.0,11.186658871882086,0.0,0.0,0.0,7.683857709750566,3.129483418367347,0.0,0.75,10,2,2,0,0,0,0,0,0,0,0,0,2,2,2,0,6,0,0,0,0,0,8.365560000000002,0,1.2721999999999998,43.75350000000001,0,1,1,0,0,0,0,0,0,0,0,0,0,0,0,0,1,0,0,0,0,0,0,0,0,0,2,0,0,0,0,0,0,0,0,0,0,0,0,0,0,0,0,0,0,0,0,0,0,0,0,0,0,0,0,0,0,0,0,0,0,0,0,0,0,0,0,0,0,0,0,0,0,0,0,0,0,0,0,0,0,0,0,1,0
CCCCCCCCC=CCCCNCO,8.498478582758677,8.498478582758677,0.09868480725623585,0.09868480725623585,0.3031309367530589,11.375,227.39199999999997,198.15999999999997,227.22491454800002,96,0,0.875,1.5,2.1875,2.306121219004528,2.979796248420779,145.67076769370507,11.899494936611669,10.880088726931236,10.880088726931236,7.914213562373096,6.880271242650992,6.880271242650992,4.328189016548717,4.328189016548717,2.7271584705254,2.7271584705254,1.7021911880985234,1.7021911880985234,-0.33999999999999997,15.66,14.660000000000002,13.66,101.13799141860528,5.106527394840706,0.0,0.0,0.0,0.0,0.0,5.316788604006331,0.0,0.0,0.0,51.17988552798843,32.22804289761661,0.0,6.730816747499484,5.106527394840706,0.0,0.0,5.316788604006331,0.0,64.71113180602472,13.27557315341206,12.152040213667762,0.0,0.0,5.316788604006331,0.0,0.0,0.0,18.382100548252765,0.0,0.0,64.71113180602472,12.152040213667762,0.0,0.0,0.0,32.26,0.0,0.0,0.0,6.730816747499484,0.0,19.386399651764595,44.94575136048208,0.0,0.0,24.392566017364715,5.106527394840706,0.0,0.0,0.0,11.399145623573279,0.0,0.0,0.0,16.32930788765215,3.2715464887745735,0.0,0.8571428571428571,16,2,2,0,0,0,0,0,0,0,0,0,2,2,2,0,12,0,0,0,0,0,14.348475000000002,0,3.6128000000000022,71.45550000000004,0,1,1,0,0,0,0,0,0,0,0,0,0,0,0,0,1,0,0,0,0,0,0,0,0,0,2,0,0,0,0,0,0,0,0,0,0,0,0,0,0,0,0,0,0,0,0,0,0,0,0,0,0,0,0,0,0,0,0,0,0,0,0,0,0,0,0,0,0,0,0,0,0,0,0,0,0,0,0,0,0,0,0,7,0
CC(N)CNCNCCCCCCCCC=CCCCNCO,8.570355318946778,8.570355318946778,0.0875283053036029,0.0875283053036029,0.15114615693595287,13.0,328.545,288.22499999999997,328.32021189999995,138,0,0.8260869565217391,1.434782608695652,2.130434782608696,2.5320376219749345,3.0336714357951005,247.17608445208583,17.012379111734035,15.156109608870132,15.156109608870132,11.270055610029663,9.406309916824359,9.406309916824359,6.289927131863272,6.289927131863272,3.6934713132524957,3.6934713132524957,2.35558426297124,2.35558426297124,-0.45999999999999996,22.54,19.586425255338902,21.540000000000003,143.0373749404205,21.47377208001555,0.0,0.0,0.0,0.0,0.0,5.316788604006331,0.0,0.0,0.0,37.8353267053718,52.117358126145824,19.255288423959676,6.730816747499484,5.106527394840706,0.0,0.0,15.950365812018994,5.733667477162185,70.7529726351727,33.03377715413635,12.152040213667762,0.0,0.0,21.684033289181176,0.0,0.0,0.0,44.182145378125014,0.0,0.0,64.71113180602472,12.152040213667762,0.0,0.0,0.0,82.34,0.0,0.0,0.0,12.772657576647445,0.0,39.14460365248889,44.94575136048208,0.0,6.923737199690624,28.102406025686754,10.84019487200289,0.0,0.0,0.0,18.148671212137067,5.658880576506851,0.0,0.23140301192182888,15.954655576904262,5.8397229558633255,0.0,0.8888888888888888,23,6,5,0,0,0,0,0,0,0,1,0,5,5,5,0,18,0,0,0,0,1,19.194696750232122,0,2.0768,100.30330000000006,0,1,1,0,0,0,0,0,0,0,0,0,0,0,0,0,3,1,0,0,0,0,0,0,0,0,2,0,0,0,0,0,0,0,0,0,0,0,0,0,0,0,0,0,0,0,0,0,0,0,0,0,0,0,0,0,0,0,0,0,0,0,0,0,0,0,0,0,0,0,0,0,0,0,0,0,0,0,0,0,0,0,0,7,0
COCCCO,8.117361111111112,8.117361111111112,0.22999999999999998,0.22999999999999998,0.49472125079952195,9.0,90.122,80.04199999999999,90.06807956,38,0,1.6666666666666667,2.3333333333333335,2.5,1.6143308351592656,2.3390923149762908,17.509775004326936,4.82842712474619,3.9767822295234634,3.9767822295234634,2.914213562373095,2.0131511910755138,2.0131511910755138,1.069959468169997,1.069959468169997,0.5065755955377569,0.5065755955377569,0.2088872897341967,0.2088872897341967,-0.08,5.92,4.920000000000001,3.9200000000000004,37.741856352722266,9.843390348640755,0.0,0.0,0.0,0.0,0.0,0.0,0.0,0.0,0.0,0.0,6.4208216229260096,20.32356147030337,0.0,9.843390348640755,0.0,0.0,0.0,0.0,6.4208216229260096,20.32356147030337,0.0,0.0,0.0,0.0,0.0,0.0,0.0,25.43008886514408,4.736862953800049,0.0,6.4208216229260096,0.0,0.0,0.0,0.0,29.46,0.0,0.0,0.0,6.606881964512918,6.606881964512918,6.4208216229260096,0.0,7.109797541277533,0.0,4.736862953800049,5.106527394840706,4.622222222222222,0.0,0.0,8.117361111111112,0.0,0.0,0.0,0.7465277777777778,0.8931944444444444,1.6206944444444444,1.0,6,1,2,0,0,0,0,0,0,0,0,0,2,1,2,0,3,0,0,0,0,0,4.854400000000001,0,0.015200000000000047,23.578799999999994,0,1,1,0,0,0,0,0,0,0,0,0,0,0,0,0,0,0,0,0,0,0,0,0,0,0,0,0,0,0,0,0,0,0,0,0,0,0,0,0,0,1,0,0,0,0,0,0,0,0,0,0,0,0,0,1,0,0,0,0,0,0,0,0,0,0,0,0,0,0,0,0,0,0,0,0,0,0,0,0,0,0,0,0,0
CCC=CCCCO,8.331697845804989,8.331697845804989,0.313545918367347,0.313545918367347,0.4356031789889093,10.75,114.188,100.07599999999998,114.104465068,48,0,1.375,2.125,2.625,1.8088121254443208,2.799731275638644,57.4071655715584,6.242640687119286,5.4303412586254005,5.4303412586254005,3.914213562373095,3.173164461464445,3.173164461464445,1.7454881341929602,1.7454881341929602,0.9312736219691995,0.9312736219691995,0.4936560199797102,0.4936560199797102,-0.3,7.7,6.7,5.699999999999999,51.03353443422095,5.106527394840706,0.0,0.0,0.0,0.0,0.0,0.0,0.0,0.0,0.0,19.075777413358384,19.26246486877803,6.606881964512918,0.0,5.106527394840706,0.0,0.0,0.0,0.0,26.186202068468653,6.606881964512918,12.152040213667762,0.0,0.0,0.0,0.0,0.0,0.0,11.713409359353623,0.0,0.0,26.186202068468653,12.152040213667762,0.0,0.0,0.0,20.23,0.0,0.0,0.0,0.0,6.606881964512918,19.26246486877803,0.0,0.0,0.0,19.075777413358384,5.106527394840706,0.0,0.0,0.0,8.331697845804989,0.0,0.0,0.0,7.248163265306121,2.420138888888889,0.0,0.7142857142857143,8,1,1,0,0,0,0,0,0,0,0,0,1,1,1,0,4,0,0,0,0,0,6.44875,0,1.7250999999999999,35.75079999999999,0,1,1,0,0,0,0,0,0,0,0,0,0,0,0,0,0,0,0,0,0,0,0,0,0,0,2,0,0,0,0,0,0,0,0,0,0,0,0,0,0,0,0,0,0,0,0,0,0,0,0,0,0,0,0,0,0,0,0,0,0,0,0,0,0,0,0,0,0,0,0,0,0,0,0,0,0,0,0,0,0,0,0,1,0
CCCCCO,8.19736111111111,8.19736111111111,0.355,0.355,0.513281356352027,9.0,88.14999999999999,76.05399999999999,88.088815004,38,0,1.3333333333333333,2.0,2.1666666666666665,1.6143308351592656,2.3390923149762908,15.900134529890124,4.82842712474619,4.275640720246148,4.275640720246148,2.914213562373095,2.5233345472033855,2.5233345472033855,1.4307135789365262,1.4307135789365262,0.7616672736016925,0.7616672736016925,0.36180339887498936,0.36180339887498936,-0.04,5.959999999999999,4.960000000000001,3.9600000000000004,38.99325323761199,5.106527394840706,0.0,0.0,0.0,0.0,0.0,0.0,0.0,0.0,0.0,19.765380445542643,6.4208216229260096,6.606881964512918,0.0,5.106527394840706,0.0,0.0,0.0,0.0,26.186202068468653,6.606881964512918,0.0,0.0,0.0,0.0,0.0,0.0,0.0,11.713409359353623,0.0,0.0,26.186202068468653,0.0,0.0,0.0,0.0,20.23,0.0,0.0,0.0,0.0,6.606881964512918,12.841643245852019,6.4208216229260096,0.0,0.0,6.923737199690624,5.106527394840706,0.0,0.0,0.0,8.19736111111111,0.0,0.0,0.0,3.3269444444444445,2.475694444444444,0.0,1.0,6,1,1,0,0,0,0,0,0,0,0,0,1,1,1,0,3,0,0,0,0,0,4.926933333333333,0,1.1689,26.61079999999999,0,1,1,0,0,0,0,0,0,0,0,0,0,0,0,0,0,0,0,0,0,0,0,0,0,0,0,0,0,0,0,0,0,0,0,0,0,0,0,0,0,0,0,0,0,0,0,0,0,0,0,0,0,0,0,0,0,0,0,0,0,0,0,0,0,0,0,0,0,0,0,0,0,0,0,0,0,0,0,0,0,0,0,2,0
CC1C=C1CCCCCO,8.48448475686571,8.48448475686571,0.3557551492819351,0.3557551492819351,0.4578266000734332,22.6,140.22600000000003,124.09799999999997,140.120115132,58,0,1.4,2.1,2.6,2.5970097653549105,1.8266117751618935,126.68995593589281,7.397341225498538,6.637448039811948,6.637448039811948,4.842535255101096,4.1578150283226964,4.1578150283226964,3.064523727921809,3.064523727921809,2.063392118527316,2.063392118527316,1.2017102135292055,1.2017102135292055,-0.3,7.8030927835051545,3.76815691431076,2.5250420045291837,62.757587509484935,5.106527394840706,0.0,0.0,0.0,0.0,0.0,0.0,0.0,0.0,0.0,24.993683459519783,25.18037091493942,6.606881964512918,0.0,5.106527394840706,0.0,0.0,0.0,5.917906046161393,32.60702369139466,6.606881964512918,11.64912463690315,0.0,0.0,0.0,0.0,0.0,0.0,11.713409359353623,0.0,5.917906046161393,32.60702369139466,11.64912463690315,0.0,0.0,0.0,20.23,0.0,0.0,0.0,0.0,6.606881964512918,12.338727669087403,19.26246486877803,5.573104530069267,0.0,12.999757306524504,5.106527394840706,0.0,0.0,0.0,8.48448475686571,1.623092403628118,0.8001171579743006,0.0,6.999074074074074,2.593231607457798,0.0,0.7777777777777778,10,1,1,1,0,1,0,0,0,0,1,0,1,1,1,0,5,0,0,0,0,1,2.940327802517334,1,2.1152,42.80080000000001,0,1,1,0,0,0,0,0,0,0,0,0,0,0,0,0,0,0,0,0,0,0,0,0,0,0,2,0,0,0,0,0,0,0,0,0,0,0,0,0,0,0,0,0,0,0,0,0,0,0,0,0,0,0,0,0,0,0,0,0,0,0,0,0,0,0,0,0,0,0,0,0,0,0,0,0,0,0,0,0,0,0,0,2,0
CCOC=CCCCCO,8.41361181972789,8.41361181972789,0.294121945074326,0.294121945074326,0.4538831561673594,10.6,144.21400000000003,128.08599999999998,144.115029752,60,0,1.4,2.2,2.8,1.9671544718900458,2.875473646773731,79.32677655889417,7.6568542494923815,6.5456963302758115,6.5456963302758115,4.914213562373096,3.789293565990911,3.789293565990911,2.046515538676289,2.046515538676289,1.1380214513035591,1.1380214513035591,0.6062999047230458,0.6062999047230458,-0.5,9.5,8.5,7.5,62.512021778124435,9.843390348640755,0.0,0.0,0.0,0.0,0.0,0.0,0.0,0.0,0.0,0.0,32.26222217530253,6.606881964512918,12.868962412933708,9.843390348640755,0.0,0.0,0.0,0.0,26.186202068468653,13.213763929025836,12.338100555254671,0.0,0.0,0.0,0.0,0.0,0.0,18.32029132386654,4.736862953800049,0.0,26.186202068468653,12.338100555254671,0.0,0.0,0.0,29.46,0.0,0.0,0.0,0.0,6.606881964512918,25.869346833290948,0.0,6.26208044842079,12.999757306524504,0.0,9.843390348640755,4.970642715419501,0.0,0.0,8.41361181972789,0.0,0.0,0.0,6.632572987528344,2.983172477324263,0.0,0.75,10,1,2,0,0,0,0,0,0,0,0,0,2,1,2,0,6,0,0,0,0,0,8.075,0,1.6992,41.7028,0,1,1,0,0,0,0,0,0,0,0,0,0,0,0,0,0,0,0,0,0,0,0,0,0,0,1,0,0,0,0,0,0,0,0,0,0,0,0,0,0,1,0,0,0,0,0,0,0,0,0,0,0,0,0,0,0,0,0,0,0,0,0,0,0,0,0,0,0,0,0,0,0,0,0,0,0,0,0,0,0,0,0,2,0
C[N+]CC=CC=NCCCCC=CCO,8.484177464354474,8.484177464354474,0.14427511348017918,0.14427511348017918,0.34953692771454153,12.4,209.313,188.14499999999995,209.16483971209,84,2,1.2,2.066666666666667,2.8,2.2593895430561943,3.1921102252409272,197.798800145515,11.192388155425121,9.47103281956729,9.47103281956729,7.414213562373096,5.378840654689222,5.378840654689222,3.1319671064697516,3.1319671064697516,1.7956218183694992,1.7956218183694992,1.020184959159427,1.020184959159427,-0.9300000000000002,14.069999999999999,13.070000000000002,13.069999999999999,92.61382664348791,5.106527394840706,0.0,7.04767198267719,6.544756405912575,0.0,0.0,4.992404732635669,0.0,0.0,0.0,12.152040213667762,31.414505082445793,12.75935698544789,11.923670568519249,5.106527394840706,6.2146005795353165,0.0,5.316788604006331,4.992404732635669,19.26246486877803,26.744066759015258,24.304080427335524,0.0,0.0,5.316788604006331,0.0,0.0,0.0,38.06519473339128,0.0,0.0,19.26246486877803,29.29648515997119,0.0,0.0,0.0,46.69,0.0,0.0,0.0,6.606881964512918,0.0,32.35197768060318,0.0,13.12369208951107,24.44266090003696,10.309193336642,5.106527394840706,0.0,0.0,4.234022345049131,12.419135363332416,0.0,0.0,0.0,12.772081223099892,1.7817228626867945,1.7930382058317664,0.5833333333333334,15,1,3,0,0,0,0,0,0,0,0,0,2,1,3,0,9,0,0,0,0,0,12.25966,0,1.5663999999999998,65.50080000000003,0,1,1,0,0,0,0,0,0,0,0,0,0,0,1,2,0,0,0,1,0,0,0,0,0,0,2,0,0,0,0,0,0,0,0,0,0,0,0,0,0,0,0,0,0,0,0,0,0,0,0,0,0,0,0,0,0,0,0,0,0,0,0,0,0,0,0,0,0,0,0,0,0,0,0,0,0,0,0,0,0,0,0,2,0
CCCC,2.1805555555555554,2.1805555555555554,1.3194444444444444,1.3194444444444444,0.43102435767130914,7.5,58.123999999999995,48.044,58.078250319999995,26,0,1.0,1.25,1.25,1.370950594454669,1.9747448713915894,2.0,3.414213562373095,3.414213562373095,3.414213562373095,1.914213562373095,1.914213562373095,1.914213562373095,0.9999999999999998,0.9999999999999998,0.4999999999999999,0.4999999999999999,0.0,0.0,0.0,4.0,3.0,2.0,27.834077371019376,0.0,0.0,0.0,0.0,0.0,0.0,0.0,0.0,0.0,0.0,26.689117645233267,0.0,0.0,0.0,0.0,0.0,0.0,0.0,0.0,26.689117645233267,0.0,0.0,0.0,0.0,0.0,0.0,0.0,0.0,0.0,0.0,0.0,26.689117645233267,0.0,0.0,0.0,0.0,0.0,0.0,0.0,0.0,0.0,0.0,0.0,12.841643245852019,0.0,0.0,13.847474399381248,0.0,0.0,0.0,0.0,0.0,0.0,0.0,0.0,2.638888888888889,4.361111111111111,0.0,1.0,4,0,0,0,0,0,0,0,0,0,0,0,0,0,0,0,1,0,0,0,0,0,3.0,0,1.8064,20.581999999999997,0,0,0,0,0,0,0,0,0,0,0,0,0,0,0,0,0,0,0,0,0,0,0,0,0,0,0,0,0,0,0,0,0,0,0,0,0,0,0,0,0,0,0,0,0,0,0,0,0,0,0,0,0,0,0,0,0,0,0,0,0,0,0,0,0,0,0,0,0,0,0,0,0,0,0,0,0,0,0,0,0,0,0,1,0
C#CC(C=O)C=[N+]=C,9.864490740740742,9.864490740740742,0.5069444444444449,-0.5069444444444449,0.19851210689326765,10.375,108.12,102.07199999999999,108.04439023209,40,0,1.875,2.5,2.625,1.828631925744047,3.943294723681538,159.85757378684062,6.405777393935816,4.371969743908871,4.371969743908871,3.8460652149512318,2.054145852015808,2.054145852015808,1.160178237552871,1.160178237552871,0.6050700427770173,0.6050700427770173,0.2310159664179197,0.2310159664179197,-1.3199999999999998,6.68,3.8560563380281683,1.964467367585796,47.96549187982783,4.794537184071822,6.286160523129555,5.917906046161393,0.0,12.93211673583525,0.0,0.0,0.0,0.0,11.091370756885265,5.920434318855644,0.0,0.0,0.0,4.794537184071822,19.218277258964804,0.0,4.668020861265006,5.917906046161393,0.0,0.0,0.0,0.0,12.343784214475903,4.668020861265006,0.0,0.0,0.0,19.218277258964804,4.794537184071822,18.261690260637295,0.0,0.0,0.0,0.0,0.0,31.17,5.917906046161393,4.794537184071822,0.0,0.0,6.286160523129555,0.0,6.2146005795353165,0.0,0.0,17.305971336420583,6.423349895620259,3.328935185185185,0.0,9.864490740740742,0.0,0.0,1.6883333333333328,0.0,6.815185185185186,3.136388888888889,0.0,0.16666666666666666,8,0,2,0,0,0,0,0,0,0,1,0,1,0,2,0,2,0,0,0,0,1,3.2198070422535205,0,-0.7266999999999999,33.705999999999996,0,0,0,0,0,0,0,0,0,0,1,1,0,0,0,1,0,0,0,0,0,0,0,1,0,0,0,0,0,0,0,0,0,0,0,0,0,0,0,0,0,0,0,0,0,0,0,0,0,0,0,0,0,0,0,0,0,0,0,0,0,0,0,0,0,0,0,0,0,0,0,0,0,0,0,0,0,0,1,0,0,0,0,0,0
C#CC(C=O)C(CCC)OCCCCCCC=[N+]=C,10.847979870700796,10.847979870700796,0.11963045493934743,-0.40905946728502673,0.17848520164912676,13.052631578947368,264.38899999999995,238.18099999999995,264.19580549209,106,0,1.368421052631579,2.1052631578947367,2.6842105263157894,2.426257253884682,3.724085414546193,313.2008477511012,14.347088693804373,12.014422553054743,12.014422553054743,9.294753619934976,7.10212660912041,7.10212660912041,4.594487558899396,4.594487558899396,3.0013824261634094,3.0013824261634094,1.9025522235227486,1.9025522235227486,-1.3599999999999999,17.64,13.080660013060404,9.245970607389218,116.7284582533008,9.53140013787187,12.204066569290948,0.0,0.0,12.93211673583525,0.0,0.0,0.0,0.0,11.091370756885265,32.1066363873243,19.26246486877803,13.027703587438928,6.103966387748303,9.53140013787187,19.218277258964804,0.0,4.668020861265006,5.917906046161393,57.973454947921,6.606881964512918,0.0,0.0,12.343784214475903,4.668020861265006,0.0,0.0,0.0,31.929125611226024,9.53140013787187,18.261690260637295,51.8694885601727,0.0,0.0,0.0,0.0,40.400000000000006,5.917906046161393,4.794537184071822,0.0,6.103966387748303,6.606881964512918,44.81109026068562,6.4208216229260096,0.0,6.2146005795353165,24.229708536111207,11.160212849420308,9.44404647201413,0.0,10.847979870700796,0.0,0.0,2.089289322812223,0.0,15.1291486265779,6.1562023745616195,0.0,0.6875,19,0,3,0,0,0,0,0,0,0,2,0,2,0,3,0,12,0,0,0,0,2,12.144360138441343,0,2.4091000000000005,81.43900000000005,0,0,0,0,0,0,0,0,0,0,1,1,0,0,0,1,0,0,0,0,0,0,0,1,0,0,0,0,0,0,0,0,0,0,0,0,0,0,0,0,0,1,0,0,0,0,0,0,0,0,0,0,0,0,0,0,0,0,0,0,0,0,0,0,0,0,0,0,0,0,0,0,0,0,0,0,0,0,1,0,0,0,0,4,0
CCC,2.125,2.125,1.25,1.25,0.3854706587740357,6.0,44.096999999999994,36.033,44.062600255999996,20,0,1.3333333333333333,1.3333333333333333,1.3333333333333333,0.9182958340544894,1.6329931618554523,0.0,2.7071067811865475,2.7071067811865475,2.7071067811865475,1.4142135623730951,1.414213562373095,1.414213562373095,0.7071067811865475,0.7071067811865475,0.0,0.0,0.0,0.0,0.0,3.0,2.0,0.0,21.469135256622767,0.0,0.0,0.0,0.0,0.0,0.0,0.0,0.0,0.0,0.0,20.268296022307258,0.0,0.0,0.0,0.0,0.0,0.0,0.0,0.0,20.268296022307258,0.0,0.0,0.0,0.0,0.0,0.0,0.0,0.0,0.0,0.0,0.0,20.268296022307258,0.0,0.0,0.0,0.0,0.0,0.0,0.0,0.0,0.0,0.0,0.0,6.4208216229260096,0.0,0.0,13.847474399381248,0.0,0.0,0.0,0.0,0.0,0.0,0.0,0.0,1.25,4.25,0.0,1.0,3,0,0,0,0,0,0,0,0,0,0,0,0,0,0,0,0,0,0,0,0,0,2.0,0,1.4163,15.965000000000003,0,0,0,0,0,0,0,0,0,0,0,0,0,0,0,0,0,0,0,0,0,0,0,0,0,0,0,0,0,0,0,0,0,0,0,0,0,0,0,0,0,0,0,0,0,0,0,0,0,0,0,0,0,0,0,0,0,0,0,0,0,0,0,0,0,0,0,0,0,0,0,0,0,0,0,0,0,0,0,0,0,0,0,0,0
C=CCCCCCCCCCC#SN=O,9.708666834835562,9.708666834835562,0.8818162687480869,0.8818162687480869,0.234236041921265,9.333333333333334,227.373,206.20499999999998,227.134385292,86,0,1.0666666666666667,1.6666666666666667,2.2666666666666666,2.2593895430561943,2.9800549748774166,217.397346453599,11.192388155425121,9.412128257482786,10.228624838410513,7.414213562373096,5.739322488423042,6.5127191505570154,3.6123842628074687,4.232704781737323,2.288904580438252,2.696663769793757,1.4417232550202004,1.7300525429046072,-0.66,14.34,13.340000000000002,13.340000000000002,96.85667235434781,0.0,0.0,0.0,0.0,0.0,0.0,0.0,0.0,0.0,11.48600092758678,43.3647040286585,19.26246486877803,22.358652157279426,0.0,0.0,11.355642346049006,0.0,0.0,4.582188188304411,57.787394606334104,0.0,17.56202103442066,0.0,5.184575807194569,0.0,0.0,0.0,11.355642346049006,0.0,0.0,10.091641051182851,57.787394606334104,17.23714397873679,0.0,0.0,0.0,29.43,0.0,4.907065243988282,0.0,0.0,0.0,30.618107214827035,38.524929737556064,0.0,6.076020106833881,16.34569967909748,0.0,2.658937672950223,0.8955425634534718,9.708666834835562,2.880288851460388,0.0,0.0,0.0,12.98525132216736,3.7046460884663306,0.0,0.75,15,0,2,0,0,0,0,0,0,0,0,0,2,0,3,0,9,0,0,0,0,0,12.75304,0,5.057100000000005,69.02400000000004,0,0,0,0,0,0,0,0,0,0,0,0,0,0,0,1,0,0,0,0,0,0,0,0,0,0,1,0,0,0,0,0,0,0,0,0,0,0,0,0,0,0,0,0,0,0,0,0,0,0,0,0,0,0,0,0,0,0,0,0,0,1,0,0,0,0,0,0,0,0,0,0,0,0,0,0,0,0,0,0,0,0,0,8,0
C#CCCCC,4.964583333333334,4.964583333333334,0.9409722222222222,0.9409722222222222,0.35180438170232986,7.333333333333333,82.146,72.06599999999999,82.07825032,34,0,1.6666666666666667,2.3333333333333335,2.5,1.6143308351592656,2.5438576444484196,47.548875021634686,4.82842712474619,4.198670612749268,4.198670612749268,2.914213562373095,2.349335306374634,2.349335306374634,1.307677535825205,1.307677535825205,0.674667653187317,0.674667653187317,0.2788387679126026,0.2788387679126026,-0.44,5.559999999999999,4.559999999999998,3.5599999999999987,39.56318699167186,0.0,0.0,0.0,0.0,0.0,0.0,0.0,0.0,0.0,12.343784214475903,13.344558822616634,6.4208216229260096,6.4208216229260096,0.0,0.0,0.0,0.0,0.0,0.0,26.186202068468653,0.0,0.0,0.0,12.343784214475903,0.0,0.0,0.0,0.0,0.0,0.0,12.343784214475903,26.186202068468653,0.0,0.0,0.0,0.0,0.0,0.0,0.0,0.0,0.0,0.0,6.4208216229260096,12.841643245852019,0.0,0.0,12.844171518546268,6.423349895620259,0.0,0.0,0.0,0.0,0.0,2.568611111111111,0.0,8.29513888888889,2.13625,0.0,0.6666666666666666,6,0,0,0,0,0,0,0,0,0,0,0,0,0,0,0,2,0,0,0,0,0,4.225599999999997,0,1.8098,28.357999999999986,0,0,0,0,0,0,0,0,0,0,0,0,0,0,0,0,0,0,0,0,0,0,0,0,0,0,0,0,0,0,0,0,0,0,0,0,0,0,0,0,0,0,0,0,0,0,0,0,0,0,0,0,0,0,0,0,0,0,0,0,0,0,0,0,0,0,0,0,0,0,0,0,0,0,0,0,0,0,1,0,0,0,0,2,0
CCCCCC=CC=C=O,9.661916965860417,9.661916965860417,1.0754166666666667,1.0754166666666667,0.323891002937798,9.7,138.20999999999998,124.09799999999997,138.104465068,56,0,1.4,2.2,2.8,1.9671544718900458,3.0968854005749646,129.66369253840435,7.6568542494923815,6.4687262227789315,6.4687262227789315,4.914213562373096,3.774821018143822,3.774821018143822,2.2084520627711757,2.2084520627711757,1.2746933925887411,1.2746933925887411,0.7157388341699985,0.7157388341699985,-0.81,9.189999999999998,8.19,7.190000000000001,62.44110397867766,0.0,5.941359007037427,0.0,0.0,0.0,0.0,0.0,4.794537184071822,0.0,0.0,31.917420659210403,12.841643245852019,6.076020106833881,0.0,4.794537184071822,5.941359007037427,0.0,0.0,0.0,32.60702369139466,0.0,18.228060320501644,0.0,0.0,0.0,0.0,0.0,0.0,5.941359007037427,4.794537184071822,0.0,32.60702369139466,18.228060320501644,0.0,0.0,0.0,17.07,0.0,4.794537184071822,0.0,0.0,0.0,6.4208216229260096,25.33848497561191,12.017379113871307,6.076020106833881,6.923737199690624,0.0,0.0,0.0,9.661916965860417,0.0,0.0,1.6967893361048123,0.0,9.965660981985387,2.1756327160493827,0.0,0.5555555555555556,10,0,1,0,0,0,0,0,0,0,0,0,1,0,1,0,5,0,0,0,0,0,7.526609999999998,0,2.510700000000001,43.54550000000001,0,0,0,0,0,0,0,0,0,0,0,1,0,0,0,0,0,0,0,0,0,0,0,0,0,0,3,0,0,0,0,0,0,0,0,0,0,0,0,0,0,0,0,0,0,0,0,0,0,0,0,0,0,0,0,0,0,0,0,0,0,0,0,0,0,0,0,0,0,0,0,0,0,0,0,0,0,0,0,0,0,0,0,3,0
C=NOCC=O,9.350972222222222,9.350972222222222,0.003472222222222321,0.003472222222222321,0.2070870165984008,6.666666666666667,87.07799999999999,82.038,87.0320284,34,0,2.0,2.6666666666666665,2.8333333333333335,1.6143308351592656,2.6559049179251715,44.75488750216347,4.82842712474619,3.255274007990405,3.255274007990405,2.914213562373095,1.4314276373060852,1.4314276373060852,0.5915322230804945,0.5915322230804945,0.23386407391149786,0.23386407391149786,0.08313365864198222,0.08313365864198222,-0.8600000000000001,5.14,4.14,3.1399999999999997,35.59356357151152,4.8375885837366335,0.0,12.893042487642473,0.0,0.0,0.0,4.794537184071822,0.0,0.0,5.15571272675054,0.0,0.0,6.717516156299933,0.0,9.632125767808455,13.00367667942949,0.0,0.0,5.15571272675054,0.0,6.606881964512918,0.0,0.0,0.0,0.0,0.0,0.0,0.0,19.610558643942408,9.632125767808455,0.0,0.0,5.15571272675054,0.0,0.0,0.0,38.66,0.0,4.794537184071822,0.0,6.606881964512918,6.286160523129555,0.0,0.0,0.0,0.0,16.710817466787105,0.0,0.0,0.0,13.479444444444443,2.944166666666667,0.0,0.0,0.0,0.6058333333333334,2.970555555555556,0.0,0.3333333333333333,6,0,3,0,0,0,0,0,0,0,0,0,3,0,3,0,3,0,0,0,0,0,3.5465999999999998,0,-0.18249999999999988,21.564999999999994,0,0,0,0,0,0,0,0,0,0,1,1,0,0,0,1,0,0,0,0,0,0,0,1,0,0,0,0,0,0,0,0,0,0,0,0,0,0,0,0,0,0,0,0,0,0,0,0,0,0,0,0,0,0,0,0,0,0,0,0,0,0,0,1,0,0,0,0,0,0,0,0,0,0,0,0,0,0,0,0,0,0,0,0,0
CCOCC,4.833333333333333,4.833333333333333,0.84375,0.84375,0.47526814893586516,8.4,74.123,64.04299999999999,74.07316494,32,0,1.2,1.6,1.6,1.4056390622295665,2.19060968716425,11.119415478763749,4.121320343559642,3.822461852836958,3.822461852836958,2.414213562373095,1.9915638315627207,1.9915638315627207,0.7814744144215573,0.7814744144215573,0.408248290463863,0.408248290463863,0.2041241452319315,0.2041241452319315,-0.04,4.960000000000001,3.9600000000000004,3.9600000000000004,32.94762260052625,4.736862953800049,0.0,0.0,0.0,0.0,0.0,0.0,0.0,0.0,0.0,0.0,13.847474399381248,13.213763929025836,0.0,4.736862953800049,0.0,0.0,0.0,0.0,13.847474399381248,13.213763929025836,0.0,0.0,0.0,0.0,0.0,0.0,0.0,13.213763929025836,4.736862953800049,0.0,13.847474399381248,0.0,0.0,0.0,0.0,9.23,0.0,0.0,0.0,0.0,0.0,13.213763929025836,0.0,0.0,13.847474399381248,0.0,4.736862953800049,4.833333333333333,0.0,0.0,0.0,0.0,0.0,0.0,0.0,5.666666666666666,0.0,1.0,5,0,1,0,0,0,0,0,0,0,0,0,1,0,1,0,2,0,0,0,0,0,3.9283200000000007,0,1.0428000000000002,22.166999999999994,0,0,0,0,0,0,0,0,0,0,0,0,0,0,0,0,0,0,0,0,0,0,0,0,0,0,0,0,0,0,0,0,0,0,0,0,0,0,0,0,0,1,0,0,0,0,0,0,0,0,0,0,0,0,0,0,0,0,0,0,0,0,0,0,0,0,0,0,0,0,0,0,0,0,0,0,0,0,0,0,0,0,0,0,0
CC(C)CCCCCCCCN,5.409143845822688,5.409143845822688,0.8670576131687243,0.8670576131687243,0.5569253914541727,11.0,171.32799999999997,146.128,171.19869979999999,74,0,0.8333333333333334,1.3333333333333333,1.8333333333333333,2.0243641446269387,2.817017140820483,79.07329781366415,9.234204518682008,8.811554787871634,8.811554787871634,5.7700556100296625,5.471197119306978,5.471197119306978,4.092517462866619,4.092517462866619,2.2355985596534884,2.2355985596534884,1.4040302062452228,1.4040302062452228,-0.04,11.96,9.05124087591241,9.96,77.72856286880837,5.733667477162185,0.0,0.0,0.0,0.0,0.0,0.0,0.0,0.0,0.0,52.37240413693732,18.883484074999977,0.0,0.0,0.0,0.0,0.0,0.0,11.651573523323577,58.79322575986333,6.544756405912575,0.0,0.0,0.0,5.733667477162185,0.0,0.0,0.0,6.544756405912575,0.0,5.917906046161393,58.79322575986333,0.0,0.0,0.0,0.0,26.02,0.0,0.0,0.0,0.0,0.0,12.462662452073968,44.94575136048208,0.0,0.0,13.847474399381248,5.733667477162185,0.0,0.0,0.0,0.0,5.409143845822688,0.8833720448055764,0.0,9.573716616276139,5.467100826428929,0.0,1.0,12,2,1,0,0,0,0,0,0,0,0,0,1,1,1,0,8,0,0,0,0,0,9.021070072992702,0,3.331800000000001,56.21140000000004,0,0,0,0,0,0,0,0,0,0,0,0,0,0,0,0,0,1,0,0,0,0,0,0,0,0,0,0,0,0,0,0,0,0,0,0,0,0,0,0,0,0,0,0,0,0,0,0,0,0,0,0,0,0,0,0,0,0,0,0,0,0,0,0,0,0,0,0,0,0,0,0,0,0,0,0,0,0,0,0,0,0,0,5,0
CCCCCC=O,9.67967970521542,9.67967970521542,0.7438888888888888,0.7438888888888888,0.38839417731796483,8.714285714285714,100.16099999999999,88.06499999999998,100.088815004,42,0,1.4285714285714286,2.142857142857143,2.5714285714285716,1.690933805959686,2.558780869327957,41.444678358882754,5.535533905932738,4.814025684399679,4.814025684399679,3.414213562373095,2.8510573320459267,2.8510573320459267,1.6624485824480268,1.6624485824480268,0.925528666022963,0.925528666022963,0.47767090063073964,0.47767090063073964,-0.33,6.670000000000001,5.670000000000001,5.669999999999999,44.72548369985635,4.794537184071822,6.286160523129555,0.0,0.0,0.0,0.0,0.0,0.0,0.0,0.0,19.765380445542643,6.4208216229260096,6.4208216229260096,0.0,4.794537184071822,6.286160523129555,0.0,0.0,0.0,32.60702369139466,0.0,0.0,0.0,0.0,0.0,0.0,0.0,0.0,6.286160523129555,4.794537184071822,0.0,32.60702369139466,0.0,0.0,0.0,0.0,17.07,0.0,4.794537184071822,0.0,0.0,0.0,19.127803768981575,12.841643245852019,0.0,0.0,6.923737199690624,0.0,0.0,0.0,9.67967970521542,0.0,0.0,0.0,0.0,5.190555555555556,2.129764739229025,0.0,0.8333333333333334,7,0,1,0,0,0,0,0,0,0,0,0,1,0,1,0,4,0,0,0,0,0,5.402700000000002,0,1.7656,30.20599999999998,0,0,0,0,0,0,0,0,0,0,1,1,0,0,0,0,0,0,0,0,0,0,0,1,0,0,0,0,0,0,0,0,0,0,0,0,0,0,0,0,0,0,0,0,0,0,0,0,0,0,0,0,0,0,0,0,0,0,0,0,0,0,0,0,0,0,0,0,0,0,0,0,0,0,0,0,0,0,0,0,0,0,0,3,0
C=C=CO[N+],7.408194444444444,7.408194444444444,0.9444444444444444,0.9444444444444444,0.24708626586365862,5.0,69.063,66.039,69.02091513609,25,3,2.0,2.6,2.6,1.4056390622295665,2.9339686496662654,53.91340299823497,4.121320343559642,2.639918936339994,2.639918936339994,2.414213562373095,1.0605049714186578,1.0605049714186578,0.4273845307686355,0.4273845307686355,0.13603796100280635,0.13603796100280635,0.037267799624996496,0.037267799624996496,-0.72,4.28,3.2800000000000002,3.2800000000000016,30.49740361825183,0.0,0.0,0.0,6.26208044842079,0.0,5.896975471277056,0.0,0.0,0.0,4.8375885837366335,12.310154274340253,0.0,0.0,0.0,4.8375885837366335,0.0,0.0,5.896975471277056,0.0,0.0,0.0,18.572234722761042,0.0,0.0,5.896975471277056,0.0,0.0,0.0,0.0,4.8375885837366335,0.0,0.0,18.572234722761042,0.0,0.0,0.0,31.53,0.0,0.0,0.0,0.0,0.0,6.26208044842079,0.0,0.0,0.0,17.147742858076885,5.896975471277056,0.0,0.0,3.392361111111111,0.0,2.170138888888889,7.408194444444444,0.0,0.9444444444444444,3.084861111111111,0.0,0.0,5,0,2,0,0,0,0,0,0,0,0,0,1,0,2,0,1,0,0,0,0,0,2.8076800000000004,0,0.2852999999999999,16.929,0,0,0,0,0,0,0,0,0,0,0,0,0,0,0,1,0,0,0,0,0,0,0,0,0,0,0,0,0,0,0,0,0,0,0,0,0,0,0,0,0,0,0,0,0,0,0,0,0,0,0,0,0,0,0,0,0,0,0,0,0,0,0,0,0,0,0,0,0,0,0,0,0,0,0,0,0,0,0,0,0,0,0,0,0
CNOCCCCOCC=CN,5.211484552154195,5.211484552154195,0.6005802784076594,0.6005802784076594,0.4130852492874942,11.083333333333334,174.244,156.1,174.136827816,72,0,1.3333333333333333,2.0833333333333335,2.75,2.098390961316241,2.8138640277129197,107.23098268032228,9.071067811865477,7.5840812944293425,7.5840812944293425,5.914213562373096,4.1450645061469,4.1450645061469,2.262759946203738,2.262759946203738,1.2795712803562416,1.2795712803562416,0.6873473447454324,0.6873473447454324,-0.5800000000000001,11.42,10.42,9.42,73.67512463553405,15.308119014698867,0.0,0.0,0.0,0.0,0.0,0.0,5.480096598121202,0.0,0.0,0.0,25.117618242506346,13.654553947190108,13.213763929025836,9.574451537536682,0.0,0.0,5.480096598121202,5.733667477162185,12.841643245852019,26.868317876215944,12.27597499665433,0.0,0.0,11.213764075283386,0.0,0.0,0.0,26.868317876215944,9.574451537536682,0.0,12.841643245852019,12.27597499665433,0.0,0.0,0.0,56.51,0.0,0.0,0.0,0.0,6.606881964512918,26.055407174877857,6.199954889820448,13.12369208951107,0.0,5.480096598121202,15.308119014698867,5.211484552154195,0.0,4.9216612339380195,0.0,7.730531226379441,0.0,0.0,5.29313814877803,2.0906620842781556,1.7525227544721593,0.75,12,3,4,0,0,0,0,0,0,0,0,0,4,2,4,0,8,0,0,0,0,0,9.916366666666667,0,0.40659999999999996,48.39210000000002,0,0,0,0,0,0,0,0,0,0,0,0,0,0,0,0,1,1,1,0,0,0,0,0,0,0,0,0,0,0,0,0,0,0,0,0,0,0,0,0,0,1,0,0,0,0,0,0,0,0,0,0,0,0,0,0,0,0,0,0,0,0,0,0,0,0,0,0,0,0,0,0,0,0,0,0,0,0,0,0,0,0,0,1,0
OC=CCCCl,7.9581635802469135,7.9581635802469135,0.5804166666666668,0.5804166666666668,0.41962679981431966,10.166666666666666,106.552,99.496,106.018542524,36,0,1.6666666666666667,2.3333333333333335,2.5,1.6143308351592656,2.658099936249019,42.81274391313339,4.82842712474619,3.394092169261532,4.150021115279986,2.914213562373095,1.7670417554567819,2.301564239281631,0.8624308299949283,1.2403953030041555,0.3811848671236089,0.5994027573596012,0.13752967808486422,0.26351783575460663,-0.17000000000000004,5.83,4.829999999999999,3.83,42.2419743179128,5.106527394840706,0.0,0.0,0.0,0.0,0.0,0.0,0.0,0.0,11.600939890232516,0.0,12.49684172975989,5.880003444970339,6.26208044842079,5.106527394840706,11.600939890232516,0.0,0.0,0.0,6.4208216229260096,5.880003444970339,12.338100555254671,0.0,0.0,0.0,0.0,0.0,11.600939890232516,10.986530839811046,0.0,0.0,6.4208216229260096,12.338100555254671,0.0,0.0,0.0,20.23,0.0,0.0,0.0,0.0,5.880003444970339,12.682902071346799,0.0,6.076020106833881,0.0,0.0,16.70746728507322,0.0,5.217932098765432,0.0,7.9581635802469135,0.0,0.5804166666666668,0.0,3.3545987654320992,0.0,0.0,0.5,6,1,1,0,0,0,0,0,0,0,0,0,1,1,2,0,2,0,0,0,0,0,4.693149999999999,0,1.687,27.10579999999999,0,1,1,0,0,0,0,0,0,0,0,0,0,0,0,0,0,0,0,0,0,0,0,0,0,1,1,0,0,0,0,0,0,0,0,0,0,0,0,0,0,0,0,0,1,0,0,0,0,0,0,0,0,0,0,0,0,0,0,0,0,0,0,0,0,0,0,0,0,0,0,0,0,0,0,0,0,0,0,0,0,0,0,0,0
C#CCNCCNOCCCCCCNC,5.263111063869992,5.263111063869992,0.6181984864951897,0.6181984864951897,0.25819795597024603,10.25,227.35199999999995,202.152,227.19976241999998,94,0,1.0625,1.875,2.625,2.306121219004528,2.858574179022436,168.137032995712,11.899494936611669,10.349559590332419,10.349559590332419,7.914213562373096,6.049241367387927,6.049241367387927,3.6414670733216807,3.6414670733216807,2.1561392483545427,2.1561392483545427,1.2738750247053088,1.2738750247053088,-0.6000000000000001,15.400000000000002,14.4,13.399999999999999,99.4700099578605,15.471165791749296,0.0,0.0,0.0,0.0,0.0,0.0,5.480096598121202,0.0,6.423349895620259,18.762077564707663,26.434071634441786,13.08951281182515,13.151638370425493,4.8375885837366335,0.0,0.0,16.113673806133864,0.0,25.683286491704038,39.833579570840406,0.0,0.0,12.343784214475903,16.113673806133864,0.0,0.0,0.0,39.833579570840406,4.8375885837366335,12.343784214475903,25.683286491704038,0.0,0.0,0.0,0.0,45.32,0.0,0.0,0.0,0.0,6.544756405912575,32.66197280517665,19.26246486877803,0.0,7.04767198267719,22.034108124989505,11.260938479356891,0.0,0.0,5.263111063869992,6.213427781918874,2.902920918367347,2.5184108049869374,0.0,9.966366426582875,4.1484083247839285,1.987354679490044,0.8333333333333334,16,3,4,0,0,0,0,0,0,0,0,0,4,3,4,0,12,0,0,0,0,0,13.860000000000003,0,0.5102,68.05210000000005,0,0,0,0,0,0,0,0,0,0,0,0,0,0,0,0,3,0,1,0,0,0,0,0,0,0,0,0,0,0,0,0,0,0,0,0,0,0,0,0,0,0,0,0,0,0,0,0,0,0,0,0,0,0,0,0,0,0,0,0,0,0,0,0,0,0,0,0,0,0,0,0,0,0,0,0,0,0,1,0,0,0,0,3,0
CNCCCCCCONCCNC=CC=C=NCCCNC1CN1,5.376724490107409,5.376724490107409,0.5432752606801395,0.5432752606801395,0.0812412267346593,15.96,352.52700000000016,316.23900000000003,352.29505977200006,144,0,1.12,2.0,2.84,3.4420053691823997,1.7432555923700848,377.7625798179261,17.840806236480223,15.6501443369609,15.6501443369609,12.431851652578137,9.53001629206971,9.53001629206971,6.01980561077057,6.01980561077057,3.6184414346891884,3.6184414346891884,2.0945430096012476,2.0945430096012476,-1.2100000000000002,21.832034468263977,17.607825767101172,17.40461495525953,152.27044688755933,20.787954395755627,0.0,0.0,0.0,0.0,0.0,5.316788604006331,10.47250133075687,0.0,0.0,12.841643245852019,57.54542372337789,32.255045730484184,12.772657576647445,4.8375885837366335,5.86979906344319,0.0,26.747251014146524,4.992404732635669,38.269883726764576,52.92309238266555,18.35199510348821,0.0,0.0,26.747251014146524,0.0,0.0,0.0,64.95866705824326,4.8375885837366335,0.0,32.10410811463005,23.34439983612388,0.0,0.0,0.0,91.64999999999999,0.0,0.0,0.0,0.0,6.165775612134527,58.71706364584038,19.26246486877803,0.0,25.399667086165397,37.60945481022539,4.8375885837366335,0.0,0.0,9.583661090982101,12.902530643492671,2.9670590269318624,2.9180941085916032,0.0,12.059844452501618,6.4081261430951155,1.9940178677383624,0.7777777777777778,25,5,7,0,1,1,0,0,0,0,1,0,7,5,7,1,18,0,1,1,0,1,15.376586362341575,1,0.5256000000000035,104.77450000000006,0,0,0,0,0,0,0,0,0,0,0,0,0,0,1,1,5,0,1,0,0,0,0,0,0,0,2,0,0,0,0,0,0,0,0,0,0,0,0,0,0,0,0,0,0,0,0,0,0,0,0,0,0,0,0,0,0,0,0,0,0,0,0,0,0,0,0,0,0,0,0,0,0,0,0,0,0,0,0,0,0,0,0,3,0
CC=C=CCC,2.9479166666666665,2.9479166666666665,1.0876388888888888,1.0876388888888888,0.4249379063017125,6.333333333333333,82.146,72.06599999999999,82.07825032,34,0,1.6666666666666667,2.3333333333333335,2.5,1.6143308351592656,3.181471589397346,64.10749561002055,4.82842712474619,4.3618073195657985,4.3618073195657985,2.914213562373095,2.270055610029662,2.270055610029662,1.0677142369572743,1.0677142369572743,0.4886419420963562,0.4886419420963562,0.2357022603955159,0.2357022603955159,-0.48,5.52,4.519999999999999,3.5199999999999982,39.18475553544408,0.0,0.0,0.0,0.0,0.0,0.0,0.0,0.0,0.0,5.731218590741754,6.923737199690624,25.496599036284394,0.0,0.0,0.0,0.0,0.0,0.0,0.0,20.268296022307258,0.0,17.883258804409515,0.0,0.0,0.0,0.0,0.0,0.0,0.0,0.0,0.0,20.268296022307258,17.883258804409515,0.0,0.0,0.0,0.0,0.0,0.0,0.0,0.0,0.0,6.4208216229260096,0.0,0.0,19.075777413358384,12.654955790432378,0.0,0.0,0.0,0.0,0.0,2.9479166666666665,0.0,0.0,4.993888888888889,4.058194444444444,0.0,0.5,6,0,0,0,0,0,0,0,0,0,0,0,0,0,0,0,1,0,0,0,0,0,4.1583999999999985,0,2.1276,28.617999999999988,0,0,0,0,0,0,0,0,0,0,0,0,0,0,0,0,0,0,0,0,0,0,0,0,0,0,1,0,0,0,0,0,0,0,0,0,0,0,0,0,0,0,0,0,0,0,0,0,0,0,0,0,0,0,0,0,0,0,0,0,0,0,0,0,0,0,0,0,0,0,0,0,0,0,0,0,0,0,0,0,0,0,0,0,0
C=C=CC,3.298611111111111,3.298611111111111,1.7638888888888888,1.7638888888888888,0.36602345173393336,4.25,54.092,48.044,54.046950192,22,0,2.0,2.25,2.25,1.370950594454669,3.108612296674136,38.0,3.414213562373095,2.784457050376173,2.784457050376173,1.914213562373095,1.2195787943777123,1.2195787943777123,0.49279927982674443,0.49279927982674443,0.2041241452319315,0.2041241452319315,0.0,0.0,-0.48,3.52,2.52,1.5199999999999998,26.454871306650865,0.0,0.0,0.0,0.0,0.0,0.0,0.0,0.0,0.0,5.731218590741754,6.578935683598497,12.999757306524504,0.0,0.0,0.0,0.0,0.0,0.0,0.0,6.923737199690624,0.0,18.386174381174133,0.0,0.0,0.0,0.0,0.0,0.0,0.0,0.0,0.0,6.923737199690624,18.386174381174133,0.0,0.0,0.0,0.0,0.0,0.0,0.0,0.0,0.0,0.0,0.0,6.076020106833881,6.923737199690624,12.310154274340253,0.0,0.0,0.0,0.0,0.0,2.5555555555555554,0.0,0.0,1.7638888888888888,5.180555555555555,0.0,0.25,4,0,0,0,0,0,0,0,0,0,0,0,0,0,0,0,0,0,0,0,0,0,2.2176,0,1.3474,19.383999999999997,0,0,0,0,0,0,0,0,0,0,0,0,0,0,0,0,0,0,0,0,0,0,0,0,0,0,1,0,0,0,0,0,0,0,0,0,0,0,0,0,0,0,0,0,0,0,0,0,0,0,0,0,0,0,0,0,0,0,0,0,0,0,0,0,0,0,0,0,0,0,0,0,0,0,0,0,0,0,0,0,0,0,0,0,0
CCC#CC(O)CCCNC=CCCC,9.401634948745338,9.401634948745338,0.45243388867892875,-0.45243388867892875,0.4984247319009767,12.2,209.33299999999997,186.14899999999997,209.177964356,86,0,1.4,2.2,2.8666666666666667,2.2486132713924842,3.3018797238319637,212.31118012641866,11.355524862241651,9.921905090188123,9.921905090188123,7.308060412490447,5.856699416757488,5.856699416757488,3.4778621612048983,3.4778621612048983,1.9351700446193156,1.9351700446193156,1.1061831638042277,1.1061831638042277,-0.94,14.06,11.136569678407351,10.983956777747526,93.77227469606792,10.423315998847038,6.103966387748303,0.0,0.0,0.0,0.0,0.0,0.0,0.0,5.920434318855644,32.26475044799678,25.462419758598475,12.965578028838586,0.0,5.106527394840706,0.0,0.0,5.316788604006331,0.0,52.05554890175959,6.544756405912575,12.27597499665433,0.0,11.840868637711289,5.316788604006331,0.0,0.0,0.0,17.755250188501584,0.0,11.840868637711289,45.95158251401129,12.27597499665433,0.0,0.0,0.0,32.26,6.103966387748303,5.106527394840706,0.0,0.0,0.0,32.22804289761662,6.4208216229260096,0.0,13.123692089511072,30.157414548242123,0.0,0.0,0.0,0.0,12.59343278825151,0.0,5.685679479551233,0.0,8.500671851223695,5.053549214306894,0.0,0.6923076923076923,15,2,2,0,0,0,0,0,0,0,1,0,2,2,2,0,7,0,0,0,0,1,10.438677978560492,0,2.4443,65.35850000000003,0,1,1,0,0,0,0,0,0,0,0,0,0,0,0,0,1,0,0,0,0,0,0,0,0,0,1,0,0,0,0,0,0,0,0,0,0,0,0,0,0,0,0,0,0,0,0,0,0,0,0,0,0,0,0,0,0,0,0,0,0,0,0,0,0,0,0,0,0,0,0,0,0,0,0,0,0,0,0,0,0,0,0,1,0
C=C,3.0,3.0,3.0,3.0,0.34449676855385364,2.0,28.053999999999995,24.022,28.031300127999998,12,0,1.0,1.0,1.0,1.0,2.0,0.0,2.0,1.414213562373095,1.414213562373095,1.0,0.4999999999999999,0.4999999999999999,0.0,0.0,0.0,0.0,0.0,0.0,-0.26,1.74,0.74,-6.106153846153846,14.414590110041905,0.0,0.0,0.0,0.0,0.0,0.0,0.0,0.0,0.0,13.157871367196995,0.0,0.0,0.0,0.0,0.0,0.0,0.0,0.0,0.0,0.0,0.0,13.157871367196995,0.0,0.0,0.0,0.0,0.0,0.0,0.0,0.0,0.0,0.0,13.157871367196995,0.0,0.0,0.0,0.0,0.0,0.0,0.0,0.0,0.0,0.0,0.0,0.0,0.0,13.157871367196995,0.0,0.0,0.0,0.0,0.0,0.0,0.0,0.0,0.0,6.0,0.0,0.0,2,0,0,0,0,0,0,0,0,0,0,0,0,0,0,0,0,0,0,0,0,0,0.6438,0,0.8022,11.254000000000001,0,0,0,0,0,0,0,0,0,0,0,0,0,0,0,0,0,0,0,0,0,0,0,0,0,0,0,0,0,0,0,0,0,0,0,0,0,0,0,0,0,0,0,0,0,0,0,0,0,0,0,0,0,0,0,0,0,0,0,0,0,0,0,0,0,0,0,0,0,0,0,0,0,0,0,0,0,0,0,0,0,0,0,0,0
C=C=C[N+]=C=CN=CCCCCCC,4.017765022675737,4.017765022675737,1.037180177626606,1.037180177626606,0.3351321028836239,9.214285714285714,190.28999999999994,172.146,190.14644999608998,75,1,1.3571428571428572,2.2142857142857144,2.9285714285714284,2.209692218593626,3.4385264333825756,251.49529453537843,10.485281374238573,8.869118685688079,8.869118685688079,6.914213562373096,5.044462198424773,5.044462198424773,2.901502615435929,2.901502615435929,1.6548292768109982,1.6548292768109982,0.9392195951814638,0.9392195951814638,-1.3599999999999999,12.639999999999999,11.64,10.64,86.47545016135973,0.0,11.192359622456117,0.0,0.0,12.069753953263639,0.0,4.992404732635669,0.0,0.0,0.0,38.49635634280891,12.841643245852019,6.2146005795353165,0.0,0.0,12.084399642978507,0.0,4.992404732635669,4.992404732635669,39.02784531432067,0.0,24.71006405398115,0.0,0.0,4.992404732635669,0.0,0.0,0.0,12.084399642978507,0.0,0.0,39.02784531432067,29.70246878661682,0.0,0.0,0.0,26.46,0.0,0.0,0.0,0.0,0.0,6.4208216229260096,31.883241381524485,6.199954889820448,6.2146005795353165,35.088500002745405,0.0,0.0,0.0,7.736931082235465,0.0,2.516897803336573,2.6324066200554297,0.0,11.03519658468574,5.578567909686791,0.0,0.5,14,0,2,0,0,0,0,0,0,0,0,0,2,0,2,0,7,0,0,0,0,0,10.509257142857141,0,2.8454000000000015,62.67200000000004,0,0,0,0,0,0,0,0,0,0,0,0,0,0,2,2,0,0,0,0,0,0,0,0,0,0,0,0,0,0,0,0,0,0,0,0,0,0,0,0,0,0,0,0,0,0,0,0,0,0,0,0,0,0,0,0,0,0,0,0,0,0,0,0,0,0,0,0,0,0,0,0,0,0,0,0,0,0,0,0,0,0,0,4,0
CC=BCC=CC,2.125,2.125,1.0763888888888888,1.0763888888888888,0.3589989842392325,10.571428571428571,93.96599999999998,82.87799999999999,94.095380752,38,0,1.4285714285714286,2.142857142857143,2.5714285714285716,1.690933805959686,2.9788666301410167,62.24920506009684,5.535533905932738,5.016507857945051,5.016507857945051,3.414213562373095,2.6378637859736447,2.6378637859736447,1.3737734478532146,1.3737734478532146,0.7435700477669406,0.7435700477669406,0.3507329471077474,0.3507329471077474,-0.32506493506493517,6.674935064935066,5.674935064935065,5.674935064935066,46.14916409453011,0.0,0.0,0.0,0.0,0.0,45.206888726292846,0.0,0.0,0.0,0.0,0.0,0.0,0.0,0.0,0.0,12.887200721599992,0.0,0.0,0.0,20.167647791025097,0.0,12.152040213667762,0.0,0.0,0.0,0.0,0.0,0.0,12.887200721599992,0.0,0.0,13.847474399381248,12.152040213667762,6.320173391643847,0.0,0.0,0.0,0.0,0.0,0.0,0.0,0.0,6.320173391643847,0.0,0.0,13.847474399381248,25.039240935267753,0.0,0.0,0.0,0.0,0.0,0.0,2.0555555555555554,0.0,5.256944444444445,6.1875,0.0,0.5,7,0,0,0,0,0,0,0,0,0,0,0,0,0,1,0,2,0,0,0,0,0,5.411403293737803,0,1.5070999999999999,37.113,0,0,0,0,0,0,0,0,0,0,0,0,0,0,0,0,0,0,0,0,0,0,0,0,0,0,2,0,0,0,0,0,0,0,0,0,0,0,0,0,0,0,0,0,0,0,0,0,0,0,0,0,0,0,0,0,0,0,0,0,0,0,0,0,0,0,0,0,0,0,0,0,0,0,0,0,0,0,0,0,0,0,0,0,0
C,0.0,0.0,0.0,0.0,0.35978493788397,0.0,16.043,12.011,16.031300127999998,8,0,1.0,1.0,1.0,0.0,0.0,0.0,0.0,0.0,0.0,0.0,0.0,0.0,0.0,0.0,0.0,0.0,0.0,0.0,0.0,0.0,0.0,0.0,8.739251027829551,0.0,0.0,0.0,0.0,0.0,0.0,0.0,0.0,0.0,0.0,7.426652776455239,0.0,0.0,0.0,0.0,0.0,0.0,0.0,0.0,7.426652776455239,0.0,0.0,0.0,0.0,0.0,0.0,0.0,0.0,0.0,0.0,0.0,7.426652776455239,0.0,0.0,0.0,0.0,0.0,0.0,0.0,0.0,7.426652776455239,0.0,0.0,0.0,0.0,0.0,0.0,0.0,0.0,0.0,0.0,0.0,0.0,0.0,0.0,0.0,0.0,0.0,1.0,1,0,0,0,0,0,0,0,0,0,0,0,0,0,0,0,0,0,0,0,0,0,0.0,0,0.6361,6.731,0,0,0,0,0,0,0,0,0,0,0,0,0,0,0,0,0,0,0,0,0,0,0,0,0,0,0,0,0,0,0,0,0,0,0,0,0,0,0,0,0,0,0,0,0,0,0,0,0,0,0,0,0,0,0,0,0,0,0,0,0,0,0,0,0,0,0,0,0,0,0,0,0,0,0,0,0,0,0,0,0,0,0,0,0
C=CCC[N+]C#CC(N)CCCC,5.720727198286722,5.720727198286722,0.007008219954648842,-0.007008219954648842,0.3757019925128927,11.538461538461538,179.28699999999995,160.135,179.15427502808998,72,2,1.6153846153846154,2.3846153846153846,3.0,2.142440704646868,3.3863176336794085,176.26463778104144,9.941311299868556,8.421905090188123,8.421905090188123,6.308060412490447,4.8436946842731,4.8436946842731,2.9639335136026204,2.9639335136026204,1.642710828660079,1.642710828660079,0.8364995390286952,0.8364995390286952,-0.78,12.22,9.309126559714795,9.131726747369994,81.5880474120914,5.733667477162185,0.0,5.316788604006331,6.544756405912575,6.04436910184221,0.0,0.0,0.0,0.0,6.578935683598497,25.841400552376523,12.341255941781654,6.4208216229260096,6.041840829147961,0.0,0.0,0.0,5.316788604006331,5.733667477162185,38.648864520542624,6.544756405912575,12.654955790432378,0.0,11.964803420697855,11.050456081168516,0.0,0.0,0.0,12.586597235060536,0.0,11.964803420697855,32.60702369139466,12.654955790432378,0.0,0.0,0.0,40.120000000000005,0.0,0.0,0.0,6.041840829147961,0.0,25.807221274690605,6.4208216229260096,0.0,6.076020106833881,30.784264907993308,5.733667477162185,0.0,0.0,0.0,3.9967928004535147,5.720727198286722,2.90312925170068,2.7240754913076337,6.006983502308178,6.481625089276604,0.0,0.6363636363636364,13,2,2,0,0,0,0,0,0,0,1,0,1,1,2,0,6,0,0,0,0,1,8.750578966131908,0,1.6452999999999998,57.091400000000036,0,0,0,0,0,0,0,0,0,0,0,0,0,0,0,1,0,1,0,0,0,0,0,0,0,0,0,0,0,0,0,0,0,0,0,0,0,0,0,0,0,0,0,0,0,0,0,0,0,0,0,0,0,0,0,0,0,0,0,0,0,0,0,0,0,0,0,0,0,0,0,0,0,0,0,0,0,0,0,0,0,0,0,1,0
C1COCONCON1,4.927222222222222,4.927222222222222,0.26888888888888873,0.26888888888888873,0.44358400151839,24.0,134.135,124.05499999999999,134.06914218,54,0,1.1111111111111112,2.111111111111111,3.111111111111111,1.9950518284439047,2.025,42.303762523798156,6.363961030678929,5.053171996137779,5.053171996137779,4.5,2.7700556100296625,2.7700556100296625,1.4977872571486535,1.4977872571486535,0.825939104941064,0.825939104941064,0.45042361792037444,0.45042361792037444,-0.2,6.913636363636365,4.657438016528927,3.3883264462809928,53.17668327218282,4.736862953800049,6.730816747499484,6.792942306099827,0.0,0.0,0.0,9.675177167473267,0.0,10.960193196242404,0.0,0.0,0.0,6.544756405912575,6.606881964512918,14.412040121273314,0.0,0.0,10.960193196242404,0.0,0.0,26.675397424024805,0.0,0.0,0.0,10.960193196242404,0.0,0.0,0.0,26.675397424024805,14.412040121273314,0.0,0.0,0.0,0.0,0.0,0.0,51.75,0.0,0.0,0.0,6.792942306099827,19.882455117924977,0.0,0.0,0.0,0.0,10.960193196242404,14.412040121273314,4.927222222222222,0.0,9.505555555555556,0.0,5.177222222222222,0.0,0.0,0.0,1.89,0.0,1.0,9,2,5,0,1,1,0,0,0,0,0,0,5,2,5,1,0,0,1,1,0,0,3.5777592036063126,1,-1.026,28.99439999999999,0,0,0,0,0,0,0,0,0,0,0,0,0,0,0,0,2,0,2,0,0,0,0,0,0,0,0,0,0,0,0,0,0,0,0,0,0,0,0,0,0,1,0,0,0,0,0,0,0,0,0,0,0,0,0,0,0,0,0,0,0,0,0,0,0,0,0,0,0,0,0,0,0,0,0,0,0,0,0,0,0,0,0,0,0
CC=CNCCCCCCC,3.2314151077097506,3.2314151077097506,1.1329903628117914,1.1329903628117914,0.5570441117727608,10.727272727272727,155.285,134.117,155.167399672,66,0,1.0909090909090908,1.8181818181818181,2.4545454545454546,2.0339309928768716,2.793428871970356,86.8735668734444,8.36396103067893,7.897341225498538,7.897341225498538,5.414213562373096,4.760018908897592,4.760018908897592,2.868337707605026,2.868337707605026,1.7091854500517416,1.7091854500517416,1.0317999267403306,1.0317999267403306,-0.46,10.54,9.54,9.539999999999997,70.88398920882283,5.316788604006331,0.0,0.0,0.0,0.0,0.0,0.0,0.0,0.0,0.0,38.68304379822854,19.54451371243708,6.544756405912575,0.0,0.0,0.0,0.0,5.316788604006331,0.0,45.95158251401129,6.544756405912575,12.27597499665433,0.0,0.0,5.316788604006331,0.0,0.0,0.0,6.544756405912575,0.0,0.0,45.95158251401129,12.27597499665433,0.0,0.0,0.0,12.03,0.0,0.0,0.0,0.0,0.0,6.544756405912575,32.10410811463005,0.0,19.199712196344954,12.240525803696954,0.0,0.0,0.0,0.0,3.2314151077097506,0.0,0.0,0.0,10.855680193373647,5.412904698916604,0.0,0.8,11,1,1,0,0,0,0,0,0,0,0,0,1,1,1,0,7,0,0,0,0,0,9.141054545454544,0,3.080000000000002,51.57570000000003,0,0,0,0,0,0,0,0,0,0,0,0,0,0,0,0,1,0,0,0,0,0,0,0,0,0,1,0,0,0,0,0,0,0,0,0,0,0,0,0,0,0,0,0,0,0,0,0,0,0,0,0,0,0,0,0,0,0,0,0,0,0,0,0,0,0,0,0,0,0,0,0,0,0,0,0,0,0,0,0,0,0,0,4,0
CC,2.0,2.0,2.0,2.0,0.37278555515760503,3.0,30.07,24.022,30.046950192,14,0,1.0,1.0,1.0,1.0,1.0,0.0,2.0,2.0,2.0,1.0,1.0,1.0,0.0,0.0,0.0,0.0,0.0,0.0,0.0,2.0,0.0,0.0,15.104193142226158,0.0,0.0,0.0,0.0,0.0,0.0,0.0,0.0,0.0,0.0,13.847474399381248,0.0,0.0,0.0,0.0,0.0,0.0,0.0,0.0,13.847474399381248,0.0,0.0,0.0,0.0,0.0,0.0,0.0,0.0,0.0,0.0,0.0,13.847474399381248,0.0,0.0,0.0,0.0,0.0,0.0,0.0,0.0,0.0,0.0,0.0,0.0,0.0,13.847474399381248,0.0,0.0,0.0,0.0,0.0,0.0,0.0,0.0,0.0,0.0,4.0,0.0,1.0,2,0,0,0,0,0,0,0,0,0,0,0,0,0,0,0,0,0,0,0,0,0,0.0,0,1.0262,11.348000000000003,0,0,0,0,0,0,0,0,0,0,0,0,0,0,0,0,0,0,0,0,0,0,0,0,0,0,0,0,0,0,0,0,0,0,0,0,0,0,0,0,0,0,0,0,0,0,0,0,0,0,0,0,0,0,0,0,0,0,0,0,0,0,0,0,0,0,0,0,0,0,0,0,0,0,0,0,0,0,0,0,0,0,0,0,0
C=C=C=[PH2]CCCC=CCCCC,3.4991190001107166,3.4991190001107166,0.34845705257411574,0.34845705257411574,0.2521181322280154,10.846153846153847,196.27399999999997,175.10599999999997,196.138087302,74,0,1.2307692307692308,1.9230769230769231,2.5384615384615383,2.155710272483118,3.195848954666322,203.16436636179586,9.778174593052025,8.681798275874712,9.836498814253964,6.414213562373096,5.157413511099557,6.551260361216908,3.0697751135879927,4.344048807836293,1.8143875388184063,2.9195592543409443,1.0397794361340933,1.768280976356353,-0.39999999999999997,12.6,11.6,11.600000000000001,83.85770623409583,0.0,0.0,0.0,0.0,0.0,0.0,0.0,0.0,0.0,0.0,51.304555498561086,32.003310579844445,0.0,0.0,0.0,13.655916248608936,0.0,0.0,0.0,39.02784531432067,6.161910027467921,24.462194488008013,0.0,0.0,0.0,0.0,0.0,8.20425678217568,11.613569493901178,0.0,0.0,39.02784531432067,24.462194488008013,0.0,0.0,0.0,0.0,0.0,0.0,0.0,0.0,8.20425678217568,0.0,38.26601814209797,0.0,0.0,36.83759115413189,0.0,0.0,0.0,0.0,0.0,5.7631096414308,0.0,0.0,12.325174275913815,5.729925696747937,0.34845705257411574,0.5833333333333334,13,0,0,0,0,0,0,0,0,0,1,0,0,0,1,0,7,0,0,0,0,1,11.243076923076924,0,3.666000000000002,66.62300000000005,0,0,0,0,0,0,0,0,0,0,0,0,0,0,0,0,0,0,0,0,0,0,0,0,0,0,2,0,0,0,0,0,0,0,0,0,0,0,0,0,0,0,0,0,0,0,0,0,0,0,0,0,0,0,0,0,0,0,0,0,0,0,0,0,0,0,0,0,0,0,0,0,0,0,0,0,0,0,0,0,0,0,0,3,0
C#CC#CCCCCC(O)CCCC=CCCC[PH2]=C=C=C,9.867371075123739,9.867371075123739,0.1677589292539623,-0.1677589292539623,0.18800654862116145,11.636363636363637,316.42500000000007,287.193,316.195602178,120,0,1.0909090909090908,1.8181818181818181,2.5454545454545454,2.5228398099072282,3.4047532798489293,474.06219615870117,16.30527233054749,13.612139534500114,14.766840072879365,10.808060412490446,8.167230725775983,9.561077575893334,5.204169932823133,6.478443627071434,3.247863445493678,4.353035161016217,2.0403502600809014,2.768851800303162,-1.3200000000000003,20.68,17.73081300813008,16.73353319057816,137.56992768518325,5.106527394840706,0.0,0.0,0.0,0.0,0.0,0.0,0.0,0.0,6.423349895620259,37.459609371874095,75.9482873321858,6.4208216229260096,6.103966387748303,5.106527394840706,13.655916248608936,0.0,0.0,0.0,63.891360994082405,6.161910027467921,24.462194488008013,0.0,24.18465285218719,0.0,0.0,0.0,8.20425678217568,22.824063276490186,0.0,24.18465285218719,57.787394606334104,24.462194488008013,0.0,0.0,0.0,20.23,0.0,5.106527394840706,0.0,14.308223169923982,0.0,51.36657298340809,12.582731650393931,0.0,0.0,47.6751569110082,6.423349895620259,0.0,0.0,0.0,9.867371075123739,5.7621061580454285,7.823966217826865,0.0,19.749575418453304,3.515037742878766,0.2819433876719014,0.55,22,1,1,0,0,0,0,0,0,0,2,0,1,1,2,0,12,0,0,0,0,2,16.666964227642275,0,4.204000000000005,102.03280000000005,0,1,1,0,0,0,0,0,0,0,0,0,0,0,0,0,0,0,0,0,0,0,0,0,0,0,2,0,0,0,0,0,0,0,0,0,0,0,0,0,0,0,0,0,0,0,0,0,0,0,0,0,0,0,0,0,0,0,0,0,0,0,0,0,0,0,0,0,0,0,0,0,0,0,0,0,0,0,1,0,0,0,0,4,0
C#N,6.5,6.5,3.5,3.5,0.3697970178104732,1.0,27.025999999999996,26.018,27.010899031999998,10,0,1.5,1.5,1.5,1.0,3.0,6.754887502163469,2.0,1.0245638646895838,1.0245638646895838,1.0,0.25819888974716115,0.25819888974716115,0.0,0.0,0.0,0.0,0.0,0.0,-0.51,1.49,0.49000000000000005,-4.47078431372549,13.131830709298267,0.0,0.0,0.0,0.0,0.0,0.0,0.0,5.261891554738487,0.0,0.0,0.0,0.0,6.572136889556889,0.0,0.0,0.0,5.261891554738487,0.0,0.0,0.0,0.0,0.0,0.0,6.572136889556889,0.0,0.0,0.0,0.0,0.0,0.0,11.834028444295376,0.0,0.0,0.0,0.0,0.0,23.79,0.0,0.0,0.0,0.0,0.0,0.0,0.0,0.0,0.0,6.572136889556889,5.261891554738487,0.0,0.0,0.0,6.5,0.0,0.0,0.0,0.0,3.5,0.0,0.0,2,0,1,0,0,0,0,0,0,0,0,0,1,0,1,0,0,0,0,0,0,0,0.36505000000000004,0,0.13978,6.67,0,0,0,0,0,0,0,0,0,0,0,0,0,0,0,1,0,0,0,0,0,0,0,0,0,0,0,0,0,0,0,0,0,0,0,0,0,0,0,0,0,0,0,0,0,0,0,0,0,0,0,0,0,0,0,0,0,1,0,0,0,0,0,0,0,0,0,0,0,0,0,0,0,0,0,0,0,0,0,0,0,0,0,0,0
CC1CCCCCCCC1,2.4080555555555554,2.4080555555555554,1.0121296296296294,1.0121296296296294,0.480372422824709,24.9,140.27,120.10999999999997,140.15650064,60,0,0.7,1.1,1.6,2.021310014542884,2.1462831101351365,66.10749561002055,7.234204518682008,7.234204518682008,7.234204518682008,4.893846850117352,4.8938468501173515,4.8938468501173515,3.8038423282718057,3.8038423282718057,2.6438468501173515,2.6438468501173515,1.837042908137442,1.837042908137442,0.0,8.1,4.760330578512397,3.239669421487603,65.0178989038698,0.0,0.0,0.0,0.0,0.0,0.0,0.0,0.0,0.0,0.0,58.29031018309871,5.917906046161393,0.0,0.0,0.0,0.0,0.0,0.0,5.917906046161393,58.29031018309871,0.0,0.0,0.0,0.0,0.0,0.0,0.0,0.0,0.0,0.0,5.917906046161393,58.29031018309871,0.0,0.0,0.0,0.0,0.0,0.0,0.0,0.0,0.0,0.0,5.917906046161393,51.36657298340809,0.0,0.0,6.923737199690624,0.0,0.0,0.0,0.0,0.0,0.0,1.0121296296296294,0.0,11.913148148148148,2.4080555555555554,0.0,1.0,10,0,0,1,0,1,0,0,0,0,0,0,0,0,0,0,0,1,0,1,0,0,3.8558677685950413,1,3.7569000000000026,46.10000000000002,0,0,0,0,0,0,0,0,0,0,0,0,0,0,0,0,0,0,0,0,0,0,0,0,0,0,0,0,0,0,0,0,0,0,0,0,0,0,0,0,0,0,0,0,0,0,0,0,0,0,0,0,0,0,0,0,0,0,0,0,0,0,0,0,0,0,0,0,0,0,0,0,0,0,0,0,0,0,0,0,0,0,0,0,0
C=NCCCCOC(C)COC=NC,5.486371882086168,5.486371882086168,0.11545398715041544,0.11545398715041544,0.32178126918267735,13.0,200.28199999999998,180.12199999999996,200.15247788,82,0,1.4285714285714286,2.2142857142857144,2.857142857142857,2.1793311471678014,3.170982899508027,160.20098801185608,10.648418081055103,9.10826499742618,9.10826499742618,6.808060412490447,4.872221366914943,4.872221366914943,3.032669884530589,3.032669884530589,1.6238122082409472,1.6238122082409472,0.9113766921348816,0.9113766921348816,-0.9000000000000001,13.1,10.182644628099172,9.19009009009009,86.04146548813301,14.466130640235768,6.606881964512918,6.400660921122227,0.0,0.0,0.0,4.992404732635669,0.0,0.0,0.0,0.0,26.482896601842576,20.199310353102682,6.103966387748303,9.473725907600098,13.11817707742216,0.0,0.0,9.984809465271338,25.869346833290944,26.8061923176156,0.0,0.0,0.0,0.0,0.0,0.0,0.0,46.02833578278606,9.473725907600098,0.0,19.765380445542643,9.984809465271338,0.0,0.0,0.0,43.18,0.0,0.0,0.0,6.103966387748303,6.606881964512918,25.993281616277514,6.400660921122227,7.04767198267719,6.923737199690624,16.702325621571273,9.473725907600098,10.563962899974804,0.0,7.471693751574704,0.0,0.0,0.0,0.0,3.601778290402478,7.521486151057413,1.6744122403239328,0.8,14,0,4,0,0,0,0,0,0,0,1,0,4,0,4,0,9,0,0,0,0,1,9.528046044864226,0,1.5470000000000002,59.43200000000004,0,0,0,0,0,0,0,0,0,0,0,0,0,0,2,2,0,0,0,0,0,0,0,0,0,0,0,0,0,0,0,0,0,0,0,0,0,0,0,0,0,2,0,0,0,0,0,0,0,0,0,0,0,0,0,0,0,0,0,0,0,0,0,0,0,0,0,0,0,0,0,0,0,0,0,0,0,0,0,0,0,0,0,1,0
C#COC=CCCCCCC,4.867476031313965,4.867476031313965,1.0711111111111111,1.0711111111111111,0.3226734997194543,9.818181818181818,152.237,136.10899999999998,152.120115132,62,0,1.3636363636363635,2.1818181818181817,2.8181818181818183,2.0339309928768716,2.959719220203537,130.29842845432128,8.36396103067893,7.175833003965479,7.175833003965479,5.414213562373096,4.177189945206004,4.177189945206004,2.45682259065362,2.45682259065362,1.4566520108447638,1.4566520108447638,0.8444030070341665,0.8444030070341665,-0.9,10.100000000000001,9.1,9.1,69.44689764658092,4.736862953800049,6.106494660442553,0.0,0.0,0.0,0.0,0.0,0.0,0.0,0.0,32.60955196408891,18.9176633526859,0.0,6.26208044842079,4.736862953800049,0.0,0.0,0.0,0.0,39.02784531432067,0.0,12.338100555254671,0.0,12.529844556062812,0.0,0.0,0.0,0.0,0.0,4.736862953800049,12.529844556062812,39.02784531432067,12.338100555254671,0.0,0.0,0.0,9.23,0.0,0.0,0.0,0.0,0.0,6.4208216229260096,25.683286491704038,6.26208044842079,6.076020106833881,17.767094813933227,6.423349895620259,4.587251511715797,0.0,0.0,0.0,0.0,0.0,0.0,16.707101487978115,2.205647000306091,0.0,0.6,11,0,1,0,0,0,0,0,0,0,0,0,1,0,1,0,6,0,0,0,0,0,8.355454545454547,0,3.0778000000000016,47.81700000000003,0,0,0,0,0,0,0,0,0,0,0,0,0,0,0,0,0,0,0,0,0,0,0,0,0,0,1,0,0,0,0,0,0,0,0,0,0,0,0,0,0,1,0,0,0,0,0,0,0,0,0,0,0,0,0,0,0,0,0,0,0,0,0,0,0,0,0,0,0,0,0,0,0,0,0,0,0,0,1,0,0,0,0,4,0
CCCOCCCCON=CCCS,5.323823068215655,5.323823068215655,0.679123441043084,0.679123441043084,0.26478966874139476,11.0,219.35,198.182,219.129299912,84,0,1.2142857142857142,2.0,2.7142857142857144,2.209692218593626,2.913482969733896,131.2904058281884,10.485281374238573,8.94512829060965,9.839555481609565,6.914213562373096,5.238381317033904,5.87083684906758,2.952968180506647,3.4001817760066047,1.5300315955862316,1.7882304853333928,0.8329844901254412,0.9484545439633663,-0.22000000000000008,13.779999999999998,12.78,11.780000000000001,92.2552481651526,9.574451537536682,6.606881964512918,0.0,0.0,0.0,0.0,0.0,0.0,12.628789148012991,0.0,12.079449926441164,31.436140098450828,19.428364508561152,0.0,9.574451537536682,18.843389727548306,0.0,0.0,5.15571272675054,32.60702369139466,25.573499500285543,0.0,0.0,0.0,0.0,0.0,0.0,12.628789148012991,31.788100079820858,9.574451537536682,0.0,32.60702369139466,5.15571272675054,0.0,0.0,0.0,30.82,0.0,0.0,0.0,0.0,6.606881964512918,44.64990402747667,0.0,6.2146005795353165,0.0,24.708239074454156,9.574451537536682,5.323823068215655,4.048329554472937,5.022189783320735,3.7803630479969765,0.0,0.817180309007232,0.0,5.747860604824636,4.482475854384051,0.0,0.9,14,0,3,0,0,0,0,0,0,0,0,0,4,1,4,0,10,0,0,0,0,0,12.579171428571426,0,2.5155000000000007,63.25800000000005,0,0,0,0,0,0,0,0,0,0,0,0,0,0,0,1,0,0,0,0,0,0,1,0,0,0,0,0,0,0,0,0,0,0,0,0,0,0,0,0,0,1,0,0,0,0,0,0,0,0,0,0,0,0,0,0,0,0,0,0,0,0,0,1,0,0,0,0,0,0,0,0,0,0,0,0,0,0,0,0,0,0,0,1,0
C1CC2=C(C2)OO1,4.731481481481481,4.731481481481481,0.7488425925925926,0.7488425925925926,0.420573268926495,26.285714285714285,98.10099999999998,92.05299999999998,98.036779432,38,0,1.4285714285714286,2.4285714285714284,3.0,2.4137974120866494,2.14950535633257,112.04184397996642,4.690234444311989,3.9378169244873686,3.9378169244873686,3.4663264951887856,2.4701261182732326,2.4701261182732326,1.8588150298629424,1.8588150298629424,1.2899729443531072,1.2899729443531072,0.7434741098913983,0.7434741098913983,-0.5,3.4955555555555557,1.010204081632653,0.4312,41.65413992092533,4.887570953256112,5.759164871656176,0.0,0.0,0.0,0.0,0.0,0.0,4.887570953256112,0.0,0.0,5.573104530069267,12.841643245852019,6.606881964512918,9.775141906512223,0.0,0.0,0.0,0.0,12.841643245852019,6.606881964512918,11.332269401725444,0.0,0.0,0.0,0.0,0.0,0.0,6.606881964512918,9.775141906512223,0.0,12.841643245852019,11.332269401725444,0.0,0.0,0.0,18.46,0.0,0.0,0.0,0.0,0.0,25.207690082021113,5.573104530069267,0.0,0.0,4.887570953256112,4.887570953256112,0.0,0.0,9.39699074074074,0.0,1.4502314814814816,1.0752314814814816,0.0,2.162037037037037,0.7488425925925926,0.0,0.6,7,0,2,1,1,2,0,0,0,0,0,0,2,0,2,1,0,0,0,0,0,0,0.5044606413994169,2,0.9961,23.296999999999993,0,0,0,0,0,0,0,0,0,0,0,0,0,0,0,0,0,0,0,0,0,0,0,0,0,0,1,0,0,0,0,0,0,0,0,0,0,0,0,0,0,0,0,0,0,0,0,0,0,0,0,0,0,0,0,0,0,0,0,0,0,0,0,0,0,0,0,0,0,0,0,0,0,0,0,0,0,0,0,0,0,0,0,0,0
CC=CCC,2.125,2.125,1.1631944444444444,1.1631944444444444,0.41363968044003097,10.0,70.135,60.05499999999999,70.07825032,30,0,1.6,2.2,2.2,1.4056390622295665,2.622415807990217,27.019550008653876,4.121320343559642,3.861807319565799,3.861807319565799,2.414213562373095,2.02603867417337,2.02603867417337,0.9772838841927124,0.9772838841927124,0.4714045207910318,0.4714045207910318,0.2357022603955159,0.2357022603955159,-0.26,4.74,3.7400000000000007,3.740000000000001,33.50941645323172,0.0,0.0,0.0,0.0,0.0,0.0,0.0,0.0,0.0,0.0,19.075777413358388,13.344558822616634,0.0,0.0,0.0,0.0,0.0,0.0,0.0,20.268296022307258,0.0,12.152040213667762,0.0,0.0,0.0,0.0,0.0,0.0,0.0,0.0,0.0,20.268296022307258,12.152040213667762,0.0,0.0,0.0,0.0,0.0,0.0,0.0,0.0,0.0,6.4208216229260096,0.0,0.0,6.923737199690624,19.075777413358388,0.0,0.0,0.0,0.0,0.0,0.0,0.0,0.0,5.34375,4.15625,0.0,0.6,5,0,0,0,0,0,0,0,0,0,0,0,0,0,0,0,1,0,0,0,0,0,3.5455200000000007,0,1.9725,25.10499999999999,0,0,0,0,0,0,0,0,0,0,0,0,0,0,0,0,0,0,0,0,0,0,0,0,0,0,2,0,0,0,0,0,0,0,0,0,0,0,0,0,0,0,0,0,0,0,0,0,0,0,0,0,0,0,0,0,0,0,0,0,0,0,0,0,0,0,0,0,0,0,0,0,0,0,0,0,0,0,0,0,0,0,0,0,0
C=[N+]C,3.25,3.25,1.6388888888888888,1.6388888888888888,0.3294632735763036,4.333333333333333,43.069,38.028999999999996,43.04165058008999,17,1,2.0,2.0,2.0,0.9182958340544894,2.1874960973678963,10.264662506490405,2.7071067811865475,2.1543203766865053,2.1543203766865053,1.4142135623730951,0.7634413615167959,0.7634413615167959,0.3162277660168379,0.3162277660168379,0.0,0.0,0.0,0.0,-0.33,2.67,1.6699999999999997,1.6700000000000006,19.999515628086282,0.0,0.0,6.717516156299933,7.04767198267719,0.0,0.0,0.0,0.0,0.0,0.0,0.0,0.0,4.992404732635669,0.0,0.0,6.717516156299933,0.0,4.992404732635669,0.0,0.0,7.04767198267719,0.0,0.0,0.0,4.992404732635669,0.0,0.0,0.0,13.765188138977123,0.0,0.0,0.0,0.0,0.0,0.0,0.0,14.100000000000001,0.0,0.0,0.0,0.0,0.0,0.0,0.0,7.04767198267719,0.0,11.709920888935603,0.0,0.0,0.0,3.25,0.0,0.0,0.0,0.0,0.0,3.111111111111111,1.6388888888888888,0.5,3,0,1,0,0,0,0,0,0,0,0,0,1,0,1,0,0,0,0,0,0,0,1.4862999999999997,0,-0.34740000000000004,15.179000000000002,0,0,0,0,0,0,0,0,0,0,0,0,0,0,1,1,0,0,0,0,0,0,0,0,0,0,0,0,0,0,0,0,0,0,0,0,0,0,0,0,0,0,0,0,0,0,0,0,0,0,0,0,0,0,0,0,0,0,0,0,0,0,0,0,0,0,0,0,0,0,0,0,0,0,0,0,0,0,0,0,0,0,0,0,0
CCC1CN=NC1,3.860601851851852,3.860601851851852,0.7638888888888886,0.7638888888888886,0.47426187190130337,21.285714285714285,98.149,88.06899999999999,98.08439831999999,40,0,1.4285714285714286,2.0,2.2857142857142856,2.139132575078347,2.217195202684269,70.14933958998697,5.112884175122364,4.593097803749184,4.593097803749184,3.431851652578137,2.764307184611813,2.764307184611813,1.9222647783930311,1.9222647783930311,1.3570473648694927,1.3570473648694927,0.6623440781798993,0.6623440781798993,-0.4,4.751515151515151,2.0515235457063707,0.9812871822606812,43.639966176375836,0.0,0.0,0.0,0.0,0.0,0.0,0.0,0.0,10.228500251258795,0.0,6.923737199690624,6.4208216229260096,5.917906046161393,13.08951281182515,0.0,0.0,0.0,0.0,16.14640629742019,13.344558822616634,13.08951281182515,0.0,0.0,0.0,0.0,0.0,0.0,0.0,13.08951281182515,0.0,5.917906046161393,13.344558822616634,10.228500251258795,0.0,0.0,0.0,24.72,0.0,0.0,0.0,0.0,0.0,19.007418857986544,6.4208216229260096,0.0,0.0,17.152237450949418,0.0,0.0,0.0,0.0,7.721203703703704,0.0,0.7638888888888886,0.0,1.2291666666666667,4.119074074074074,0.0,1.0,7,0,2,0,1,1,0,0,0,0,0,0,2,0,2,1,1,0,0,0,0,0,1.3925493158734152,1,1.4784,28.370999999999988,0,0,0,0,0,0,0,0,0,0,0,0,0,0,0,2,0,0,0,0,0,0,0,0,0,0,0,0,0,0,0,0,1,0,0,0,0,0,0,0,0,0,0,0,0,0,0,0,0,0,0,0,0,0,0,0,0,0,0,0,0,0,0,0,0,0,0,0,0,0,0,0,0,0,0,0,0,0,0,0,0,0,0,0,0
CC(CCC=O)NC1CCC1,10.050839159737968,10.050839159737968,0.5189814814814814,0.5189814814814814,0.6094441331240589,20.818181818181817,155.24099999999996,138.105,155.131014164,64,0,1.6363636363636365,2.3636363636363638,2.8181818181818183,1.926471731425688,1.9918259128997629,120.731140660285,8.104448006685086,7.175833003965479,7.175833003965479,5.325698502695489,4.5233959606302205,4.5233959606302205,3.439558257655142,3.439558257655142,2.342922271539124,2.342922271539124,1.378658599270023,1.378658599270023,-0.37,8.724073377234243,4.496153993714773,3.0177527292144513,68.36434107312499,10.111325788078153,6.286160523129555,0.0,0.0,0.0,0.0,0.0,0.0,0.0,0.0,6.4208216229260096,26.186202068468653,18.504503281221933,0.0,4.794537184071822,6.286160523129555,0.0,5.316788604006331,0.0,51.1115269726166,0.0,0.0,0.0,0.0,5.316788604006331,0.0,0.0,0.0,18.369842181425476,4.794537184071822,0.0,39.02784531432067,0.0,0.0,0.0,0.0,29.1,0.0,4.794537184071822,0.0,0.0,12.462662452073971,18.748822975203527,19.26246486877803,0.0,0.0,12.240525803696954,0.0,0.0,0.0,10.050839159737968,3.4922222222222223,0.0,0.0,1.2658815192743762,6.703140432098765,2.1545833333333335,0.0,0.8888888888888888,11,1,2,1,0,1,0,0,0,0,1,0,2,1,2,0,5,1,0,1,0,1,3.5658888505920427,1,1.4961,45.53470000000002,0,0,0,0,0,0,0,0,0,0,1,1,0,0,0,0,1,0,0,0,0,0,0,1,0,0,0,0,0,0,0,0,0,0,0,0,0,0,0,0,0,0,0,0,0,0,0,0,0,0,0,0,0,0,0,0,0,0,0,0,0,0,0,0,0,0,0,0,0,0,0,0,0,0,0,0,0,0,0,0,0,0,0,0,0
C[N+]#N,7.194444444444445,7.194444444444445,1.3055555555555556,1.3055555555555556,0.3625294084681468,2.6666666666666665,43.049,40.025,43.02907451609,16,0,2.0,2.0,2.0,0.9182958340544894,2.475534205527556,24.264662506490403,2.7071067811865475,1.8944271909999157,1.8944271909999157,1.4142135623730951,0.6472135954999579,0.6472135954999579,0.19999999999999998,0.19999999999999998,0.0,0.0,0.0,0.0,-0.58,2.42,1.419999999999999,1.4200000000000004,18.699502032430026,0.0,4.9759724489827555,0.0,5.392851322138609,7.04767198267719,0.0,0.0,0.0,0.0,0.0,0.0,0.0,0.0,0.0,0.0,0.0,5.392851322138609,0.0,0.0,0.0,7.04767198267719,4.9759724489827555,0.0,0.0,0.0,0.0,0.0,0.0,7.04767198267719,0.0,5.392851322138609,0.0,0.0,0.0,4.9759724489827555,0.0,28.15,0.0,0.0,0.0,0.0,0.0,0.0,7.04767198267719,0.0,0.0,4.9759724489827555,5.392851322138609,0.0,0.0,2.5,7.194444444444445,0.0,0.0,0.0,0.0,0.0,1.3055555555555556,1.0,3,0,2,0,0,0,0,0,0,0,0,0,1,0,2,0,0,0,0,0,0,0,1.145466666666666,0,0.46928000000000003,11.008000000000001,0,0,0,0,0,0,0,0,0,0,0,0,0,0,0,2,0,0,0,0,0,0,0,0,0,0,0,0,0,0,0,0,0,0,0,0,0,1,0,0,0,0,0,0,0,0,0,0,0,0,0,0,0,0,0,0,0,0,0,0,0,0,0,0,0,0,0,0,0,0,0,0,0,0,0,0,0,0,0,0,0,0,0,0,0
CCOCOCCCOC=O,9.652314928688035,9.652314928688035,0.31705286281179146,0.31705286281179146,0.2970000951950375,9.545454545454545,162.185,148.07299999999998,162.089208928,66,0,1.2727272727272727,2.090909090909091,2.727272727272727,2.0339309928768716,2.7376715685719475,84.5097589606276,8.36396103067893,6.745877336977816,6.745877336977816,5.414213562373096,3.621886974951644,3.621886974951644,1.8394679478451752,1.8394679478451752,0.9896960257325527,0.9896960257325527,0.4936179570117381,0.4936179570117381,-0.6100000000000001,10.39,9.39,9.390000000000004,66.4310615027736,14.210588861400147,6.792942306099827,0.0,0.0,6.472220864716464,0.0,4.794537184071822,0.0,0.0,0.0,0.0,6.923737199690624,13.027703587438928,13.213763929025836,19.005126045471968,6.472220864716464,0.0,0.0,0.0,13.344558822616634,26.61358819963858,0.0,0.0,0.0,0.0,0.0,0.0,0.0,33.08580906435505,19.005126045471968,0.0,13.344558822616634,0.0,0.0,0.0,0.0,44.760000000000005,0.0,4.794537184071822,0.0,0.0,39.50663068728105,0.0,0.0,0.0,6.923737199690624,4.736862953800049,9.473725907600098,14.348567570546738,0.0,9.652314928688035,0.0,0.0,0.0,0.0,0.7141014739229026,4.285016026842326,0.0,0.8571428571428571,11,0,4,0,0,0,0,0,0,0,0,0,4,0,4,0,8,0,0,0,0,0,8.86928181818182,0,0.5600999999999998,39.078,0,0,0,0,0,0,0,0,0,0,1,1,0,0,0,0,0,0,0,0,0,0,0,0,0,0,0,0,0,0,0,0,0,0,0,0,0,0,0,0,0,3,0,0,0,0,0,0,0,0,0,0,0,0,0,0,0,0,0,0,0,0,0,0,0,0,0,0,0,0,0,0,0,0,0,0,0,0,0,0,0,0,0,0,0
CS,3.5277777777777777,3.5277777777777777,1.6944444444444444,1.6944444444444444,0.37947717275669157,3.0,48.11000000000001,44.078,48.003371128,14,0,1.5,1.5,1.5,1.0,1.0,2.0,2.0,1.4472135954999579,2.341640786499874,1.0,0.4472135954999579,1.3416407864998738,0.0,0.0,0.0,0.0,0.0,0.0,0.35,2.35,1.350000000000001,1.2071428571428573,19.894317691231276,0.0,0.0,0.0,0.0,0.0,0.0,0.0,0.0,12.628789148012991,0.0,0.0,6.255769183511404,0.0,0.0,0.0,12.628789148012991,0.0,0.0,0.0,0.0,6.255769183511404,0.0,0.0,0.0,0.0,0.0,0.0,12.628789148012991,6.255769183511404,0.0,0.0,0.0,0.0,0.0,0.0,0.0,0.0,0.0,0.0,0.0,0.0,0.0,0.0,0.0,6.255769183511404,0.0,12.628789148012991,0.0,0.0,3.5277777777777777,0.0,0.0,0.0,0.0,0.0,1.6944444444444444,0.0,0.0,1.0,2,0,0,0,0,0,0,0,0,0,0,0,1,1,1,0,0,0,0,0,0,0,1.5862500000000013,0,0.546,14.910000000000002,0,0,0,0,0,0,0,0,0,0,0,0,0,0,0,0,0,0,0,0,0,0,1,0,0,0,0,0,0,0,0,0,0,0,0,0,0,0,0,0,0,0,0,0,0,0,0,0,0,0,0,0,0,0,0,0,0,0,0,0,0,0,0,0,0,0,0,0,0,0,0,0,0,0,0,0,0,0,0,0,0,0,0,0,0
C=CC=C=NCCCCS[N+]C(C)C,4.322797067901234,4.322797067901234,0.43846811280884124,0.43846811280884124,0.2623285818846892,9.642857142857142,211.354,192.20199999999997,211.12634602808998,78,2,1.5,2.2857142857142856,2.9285714285714284,2.1483333752626295,3.1364418087572443,193.46421232383722,10.648418081055103,9.070260194965394,9.88675677589312,6.770055610029663,4.954240070715108,5.896738711574844,3.1526767280091144,4.02994241889803,1.324569874391506,2.366527414677144,0.7292069393771501,1.46598218182158,-0.5000000000000001,13.5,10.58,11.5,91.713138312889,0.0,4.722094864452088,11.947922966381196,6.041840829147961,0.0,0.0,0.0,4.992404732635669,0.0,0.0,12.654955790432378,38.63493681551034,6.544756405912575,5.752853606746789,0.0,17.817722029824385,0.0,4.722094864452088,4.992404732635669,32.730958474381225,12.297610012659364,18.73097589726626,0.0,0.0,4.722094864452088,0.0,0.0,11.947922966381196,24.209249905250516,0.0,0.0,26.689117645233267,23.72338062990193,0.0,0.0,0.0,26.46,0.0,0.0,0.0,0.0,6.041840829147961,18.718431635585375,6.4208216229260096,24.09996318004896,0.0,36.01070874351069,0.0,4.322797067901234,1.6685846298395899,4.077168209876543,0.0,0.0,3.891994467540102,0.43846811280884124,5.683004786536083,8.584649392164273,0.0,0.6363636363636364,14,0,2,0,0,0,0,0,0,0,0,0,2,0,3,0,8,0,0,0,0,0,10.202142857142858,0,2.839500000000001,66.03100000000003,0,0,0,0,0,0,0,0,0,0,0,0,0,0,1,2,0,0,0,0,0,0,0,0,0,0,2,0,0,0,0,0,0,0,0,0,0,0,0,0,0,0,0,0,0,0,0,0,0,0,0,0,0,0,0,0,0,0,0,0,0,0,0,0,0,0,0,0,0,0,0,0,0,0,0,0,0,0,0,0,0,0,0,1,0
C=C=O,8.569444444444445,8.569444444444445,1.25,1.25,0.34867289572804444,2.6666666666666665,42.037,40.021,42.010564684,16,0,2.0,2.0,2.0,0.9182958340544894,3.2659863237109046,23.774437510817343,2.7071067811865475,1.6153550716504106,1.6153550716504106,1.4142135623730951,0.5576775358252053,0.5576775358252053,0.14433756729740646,0.14433756729740646,0.0,0.0,0.0,0.0,-0.55,2.4500000000000006,1.4500000000000015,1.449999999999999,18.576112210085668,0.0,5.941359007037427,0.0,0.0,0.0,0.0,0.0,4.794537184071822,0.0,0.0,0.0,6.578935683598497,0.0,0.0,4.794537184071822,5.941359007037427,0.0,0.0,0.0,0.0,0.0,6.578935683598497,0.0,0.0,0.0,0.0,0.0,0.0,5.941359007037427,4.794537184071822,0.0,0.0,6.578935683598497,0.0,0.0,0.0,17.07,0.0,0.0,0.0,0.0,0.0,0.0,5.941359007037427,0.0,0.0,6.578935683598497,4.794537184071822,0.0,0.0,8.569444444444445,0.0,0.0,1.25,0.0,0.0,2.6805555555555554,0.0,0.0,3,0,1,0,0,0,0,0,0,0,0,0,1,0,1,0,0,0,0,0,0,0,1.1841666666666681,0,0.0040000000000000036,11.320500000000001,0,0,0,0,0,0,0,0,0,0,0,1,0,0,0,0,0,0,0,0,0,0,0,0,0,0,0,0,0,0,0,0,0,0,0,0,0,0,0,0,0,0,0,0,0,0,0,0,0,0,0,0,0,0,0,0,0,0,0,0,0,0,0,0,0,0,0,0,0,0,0,0,0,0,0,0,0,0,0,0,0,0,0,0,0
CCCCCCCCCCCC=O,10.011957310131532,10.011957310131532,0.7597566574839302,0.7597566574839302,0.3687271875064953,10.23076923076923,184.32299999999998,160.13099999999997,184.182715388,78,0,0.7692307692307693,1.2307692307692308,1.6923076923076923,2.155710272483118,2.7919988397452453,99.29759899884874,9.778174593052025,9.056666371518967,9.056666371518967,6.414213562373096,5.851057332045926,5.851057332045926,3.7837689260076686,3.7837689260076686,2.425528666022963,2.425528666022963,1.53833107241056,1.53833107241056,-0.33,12.670000000000002,11.67,11.67,82.91513638623603,4.794537184071822,6.286160523129555,0.0,0.0,0.0,0.0,0.0,0.0,0.0,0.0,58.29031018309871,6.4208216229260096,6.4208216229260096,0.0,4.794537184071822,6.286160523129555,0.0,0.0,0.0,71.13195342895074,0.0,0.0,0.0,0.0,0.0,0.0,0.0,0.0,6.286160523129555,4.794537184071822,0.0,71.13195342895074,0.0,0.0,0.0,0.0,17.07,0.0,4.794537184071822,0.0,0.0,0.0,19.127803768981575,51.36657298340809,0.0,0.0,6.923737199690624,0.0,0.0,0.0,10.011957310131532,0.0,0.0,0.0,0.0,13.738612391696805,2.249430298171661,0.0,0.9166666666666666,13,0,1,0,0,0,0,0,0,0,0,0,1,0,1,0,10,0,0,0,0,0,11.373761538461538,0,4.106200000000003,57.90800000000005,0,0,0,0,0,0,0,0,0,0,1,1,0,0,0,0,0,0,0,0,0,0,0,1,0,0,0,0,0,0,0,0,0,0,0,0,0,0,0,0,0,0,0,0,0,0,0,0,0,0,0,0,0,0,0,0,0,0,0,0,0,0,0,0,0,0,0,0,0,0,0,0,0,0,0,0,0,0,0,0,0,0,0,9,0
CC#CCCCC,2.9991666666666665,2.9991666666666665,1.0763888888888888,1.0763888888888888,0.36494458847980843,7.142857142857143,96.173,84.07699999999998,96.093900384,40,0,1.4285714285714286,2.142857142857143,2.5714285714285716,1.690933805959686,2.7823276365211056,71.77443751081735,5.535533905932738,5.121320343559642,5.121320343559642,3.414213562373095,2.810660171779821,2.810660171779821,1.5303300858899105,1.5303300858899105,0.8321067811865475,0.8321067811865475,0.39016504294495524,0.39016504294495524,-0.44,6.5600000000000005,5.559999999999999,5.559999999999999,45.92812910606846,0.0,0.0,0.0,0.0,0.0,0.0,0.0,0.0,0.0,11.840868637711289,13.344558822616634,13.344558822616634,6.4208216229260096,0.0,0.0,0.0,0.0,0.0,0.0,33.10993926815928,0.0,0.0,0.0,11.840868637711289,0.0,0.0,0.0,0.0,0.0,0.0,11.840868637711289,33.10993926815928,0.0,0.0,0.0,0.0,0.0,0.0,0.0,0.0,0.0,0.0,6.4208216229260096,12.841643245852019,0.0,6.923737199690624,18.764605837401913,0.0,0.0,0.0,0.0,0.0,0.0,5.851666666666667,0.0,3.585833333333333,4.0625,0.0,0.7142857142857143,7,0,0,0,0,0,0,0,0,0,0,0,0,0,0,0,2,0,0,0,0,0,5.210514285714285,0,2.1999000000000004,32.97499999999999,0,0,0,0,0,0,0,0,0,0,0,0,0,0,0,0,0,0,0,0,0,0,0,0,0,0,0,0,0,0,0,0,0,0,0,0,0,0,0,0,0,0,0,0,0,0,0,0,0,0,0,0,0,0,0,0,0,0,0,0,0,0,0,0,0,0,0,0,0,0,0,0,0,0,0,0,0,0,0,0,0,0,0,2,0
CCOCC=CCCCCCCCCOCC,5.304358460402833,5.304358460402833,0.7717545351473923,0.7717545351473923,0.35303542952591344,11.411764705882353,242.4029999999999,212.16299999999995,242.2245802,102,0,0.7058823529411765,1.3529411764705883,2.0588235294117645,2.34985075765385,2.956134837567447,155.00080941905125,12.606601717798217,11.749371712359004,11.749371712359004,8.414213562373096,7.218744015013407,7.218744015013407,4.237789370497573,4.237789370497573,2.698457078686636,2.698457078686636,1.6895422150945194,1.6895422150945194,-0.34,16.66,15.66,15.660000000000002,107.3859280562116,9.473725907600098,0.0,0.0,0.0,0.0,0.0,0.0,0.0,0.0,0.0,37.8353267053718,33.10993926815928,19.820645893538753,6.606881964512918,9.473725907600098,0.0,0.0,0.0,0.0,58.79322575986332,26.427527858051672,12.152040213667762,0.0,0.0,0.0,0.0,0.0,0.0,26.427527858051672,9.473725907600098,0.0,58.79322575986332,12.152040213667762,0.0,0.0,0.0,18.46,0.0,0.0,0.0,0.0,0.0,26.427527858051672,44.94575136048208,0.0,6.923737199690624,19.075777413358388,9.473725907600098,10.531043596655069,0.0,0.0,0.0,0.0,0.0,0.0,13.507428863663254,7.461527539681677,0.0,0.8666666666666667,17,0,2,0,0,0,0,0,0,0,0,0,2,0,2,0,13,0,0,0,0,0,15.3468,0,4.346300000000004,74.44500000000006,0,0,0,0,0,0,0,0,0,0,0,0,0,0,0,0,0,0,0,0,0,0,0,0,0,0,1,0,0,0,0,0,0,0,0,0,0,0,0,0,0,2,0,0,0,0,0,0,0,0,0,0,0,0,0,0,0,0,0,0,0,0,0,0,0,0,0,0,0,0,0,0,0,0,0,0,0,0,0,0,0,0,0,6,0
N#COCN,7.514027777777778,7.514027777777778,0.01736111111111116,-0.01736111111111116,0.3321258601362821,5.6,72.06700000000001,68.03500000000001,72.032362748,28,0,2.0,2.6,2.6,1.4056390622295665,2.483699570591265,46.099865470109876,4.121320343559642,2.639918936339994,2.639918936339994,2.414213562373095,1.1246543680405865,1.1246543680405865,0.40229132688160085,0.40229132688160085,0.14788305577012362,0.14788305577012362,0.037267799624996496,0.037267799624996496,-0.75,4.25,3.25,3.25,29.95020875021447,4.736862953800049,0.0,6.730816747499484,0.0,6.255281654379183,0.0,5.733667477162185,0.0,5.261891554738487,0.0,0.0,0.0,0.0,0.0,4.736862953800049,0.0,5.261891554738487,0.0,5.733667477162185,0.0,6.730816747499484,0.0,0.0,6.255281654379183,5.733667477162185,0.0,0.0,0.0,6.730816747499484,4.736862953800049,11.517173209117669,0.0,0.0,0.0,0.0,0.0,59.03999999999999,0.0,0.0,0.0,6.730816747499484,0.0,0.0,6.255281654379183,0.0,0.0,4.736862953800049,10.995559031900672,3.9166666666666665,0.0,0.0,7.514027777777778,4.694305555555555,0.0,0.0,1.3923611111111112,-0.01736111111111116,0.0,0.5,5,2,3,0,0,0,0,0,0,0,0,0,3,1,3,0,1,0,0,0,0,0,2.7625,0,-0.59972,15.752400000000002,0,0,0,0,0,0,0,0,0,0,0,0,0,0,0,1,0,1,0,0,0,0,0,0,0,0,0,0,0,0,0,0,0,0,0,0,0,0,0,0,0,1,0,0,0,0,0,0,0,0,0,0,0,0,0,0,0,1,0,0,0,0,0,0,0,0,0,0,0,0,0,0,0,0,0,0,0,0,0,0,0,0,0,0,0
CCCN,5.027777777777778,5.027777777777778,0.8194444444444444,0.8194444444444444,0.4632709184547627,7.5,59.11199999999999,50.04,59.073499287999994,26,0,1.75,2.0,2.0,1.370950594454669,1.9747448713915894,5.245112497836532,3.414213562373095,2.9915638315627207,2.9915638315627207,1.914213562373095,1.6153550716504106,1.6153550716504106,0.7886751345948128,0.7886751345948128,0.28867513459481287,0.28867513459481287,0.0,0.0,-0.04,3.9600000000000004,2.9600000000000004,1.96,26.809025953635484,5.733667477162185,0.0,0.0,0.0,0.0,0.0,0.0,0.0,0.0,0.0,6.923737199690624,12.965578028838586,0.0,0.0,0.0,0.0,0.0,0.0,5.733667477162185,13.344558822616634,6.544756405912575,0.0,0.0,0.0,5.733667477162185,0.0,0.0,0.0,6.544756405912575,0.0,0.0,13.344558822616634,0.0,0.0,0.0,0.0,26.02,0.0,0.0,0.0,0.0,0.0,12.965578028838586,0.0,0.0,0.0,6.923737199690624,5.733667477162185,0.0,0.0,0.0,0.0,5.027777777777778,0.0,0.0,1.0972222222222223,2.875,0.0,1.0,4,2,1,0,0,0,0,0,0,0,0,0,1,1,1,0,1,0,0,0,0,0,2.9304000000000006,0,0.3551000000000001,19.345400000000005,0,0,0,0,0,0,0,0,0,0,0,0,0,0,0,0,0,1,0,0,0,0,0,0,0,0,0,0,0,0,0,0,0,0,0,0,0,0,0,0,0,0,0,0,0,0,0,0,0,0,0,0,0,0,0,0,0,0,0,0,0,0,0,0,0,0,0,0,0,0,0,0,0,0,0,0,0,0,0,0,0,0,0,0,0
CNCC(C)NCC[SH]=CCCC(C)=N,7.270919892316309,7.270919892316309,0.550018135340556,0.550018135340556,0.20901004432024867,13.8,231.409,206.20899999999997,231.17691879999998,90,0,1.5333333333333334,2.2666666666666666,2.8666666666666667,2.1605701614563864,3.2587258044948366,192.27205538366198,11.518661569058182,10.137448039811948,11.031875230811863,7.163902460147014,5.567608812255985,6.716462123783984,3.8206096412525583,4.998119980092737,2.0215489436997105,3.019752410691173,1.2174843455015085,1.9699310517923605,-0.19000000000000006,14.81,10.331938705028493,11.738029977555836,97.5005711474449,16.042860813804182,0.0,0.0,0.0,0.0,0.0,0.0,11.350969244424817,0.0,0.0,5.36748289551624,39.48964323465725,24.84303864374381,0.0,0.0,22.430137142711757,5.409283605791522,10.633577208012662,0.0,32.730958474381225,25.89003840124913,0.0,0.0,0.0,10.633577208012662,0.0,0.0,11.350969244424817,43.011047128684034,0.0,5.409283605791522,26.689117645233267,0.0,0.0,0.0,0.0,47.91,0.0,0.0,0.0,0.0,6.041840829147961,31.64284106044787,17.103822851171607,0.0,13.971409182367815,22.924797303219524,5.409283605791522,0.0,1.3897645030234318,0.0,16.1337164149275,0.7798309234289575,1.1717280801209373,0.550018135340556,1.957881027602348,6.152084878104899,1.9760871485624858,0.8181818181818182,15,3,3,0,0,0,0,0,0,0,1,0,3,4,4,0,9,0,0,0,0,1,10.201067481431465,0,1.2714700000000003,73.94310000000003,0,0,0,0,0,0,0,0,0,0,0,0,0,0,0,0,3,0,0,1,0,0,1,0,0,0,0,0,0,0,0,0,0,0,0,0,0,0,0,0,0,0,0,0,0,0,0,0,0,0,0,0,0,0,0,0,0,0,0,0,0,0,0,0,0,0,0,0,0,0,0,0,0,0,0,0,0,0,0,0,0,0,0,0,0
CCC=CCCC=CCOSC=NC=O,9.777977639559598,9.777977639559598,0.4784369749433852,0.4784369749433852,0.15161198773064063,12.066666666666666,227.329,210.19299999999996,227.097999784,84,0,1.2,1.9333333333333333,2.6,2.2593895430561943,3.2022703379527453,224.62781116373304,11.192388155425121,8.964487206775495,9.78098378770322,7.414213562373096,4.949910711255501,5.754648565379866,2.669040152142792,3.308011012946076,1.466092674262972,1.9460406217113047,0.8215472491403784,1.1389209503490647,-0.8700000000000001,14.129999999999999,13.129999999999999,13.129999999999997,95.51196982426113,4.183085432649707,0.0,0.0,6.410095306116121,0.0,0.0,4.794537184071822,4.992404732635669,0.0,0.0,31.227817627026145,19.26246486877803,12.042758672007166,12.153514527869016,8.97762261672153,23.999486541479385,0.0,0.0,4.992404732635669,26.186202068468653,6.606881964512918,24.304080427335524,0.0,0.0,0.0,0.0,0.0,12.042758672007166,18.563609833985137,8.97762261672153,0.0,26.186202068468653,29.296485159971194,0.0,0.0,0.0,38.66,0.0,4.794537184071822,0.0,0.0,13.016977270629038,31.305223540785192,5.546632563356098,0.0,6.076020106833881,30.144202252827935,4.183085432649707,5.067074436255984,1.0615968641180582,13.116653073546283,0.0,1.3658988130376117,0.0,0.0,12.06405257896593,2.6580575674094655,0.0,0.45454545454545453,15,0,3,0,0,0,1,0,0,0,0,0,3,0,4,0,9,0,0,0,0,0,12.368459999999999,0,3.1385000000000023,65.90400000000002,0,0,0,0,0,0,0,0,0,0,1,1,0,0,1,1,0,0,0,0,0,0,0,0,0,0,3,1,0,0,0,0,0,0,0,0,0,0,0,0,0,0,0,0,0,0,0,0,0,0,0,0,0,0,0,0,0,0,0,0,0,0,0,0,0,0,0,0,0,0,0,0,0,0,0,0,0,0,0,0,0,0,0,1,0
CCCC1CC1C=CCCCC(C)C,2.4728703703703703,2.4728703703703703,0.872374874587627,0.872374874587627,0.4030119785691001,26.285714285714285,194.36199999999997,168.15399999999997,194.203450832,82,0,1.3571428571428572,2.142857142857143,2.7857142857142856,2.8329911583354646,1.945518367797789,166.8771237954945,10.38890505706126,10.129392033067417,10.129392033067417,6.736382105218449,6.403048771885115,6.403048771885115,5.201214520922723,5.201214520922723,3.172291695093299,3.172291695093299,2.1244059481373743,2.1244059481373743,-0.26,11.812780203784571,6.266062386431602,4.832432008838531,89.78806432927196,0.0,0.0,0.0,0.0,0.0,0.0,0.0,0.0,0.0,0.0,52.18571668151766,37.01618300726221,0.0,0.0,0.0,0.0,0.0,0.0,17.75371813848418,59.296141336627926,0.0,12.152040213667762,0.0,0.0,0.0,0.0,0.0,0.0,0.0,0.0,17.75371813848418,59.296141336627926,12.152040213667762,0.0,0.0,0.0,0.0,0.0,0.0,0.0,0.0,0.0,17.75371813848418,38.524929737556064,0.0,0.0,32.923251812739636,0.0,0.0,0.0,0.0,0.0,0.0,2.8680681642491703,0.0,13.223699140532656,6.9082326952181745,0.0,0.8571428571428571,14,0,0,1,0,1,0,0,0,0,2,0,0,0,0,0,7,1,0,1,0,2,5.287115551008453,1,4.805100000000004,64.33400000000005,0,0,0,0,0,0,0,0,0,0,0,0,0,0,0,0,0,0,0,0,0,0,0,0,0,0,2,0,0,0,0,0,0,0,0,0,0,0,0,0,0,0,0,0,0,0,0,0,0,0,0,0,0,0,0,0,0,0,0,0,0,0,0,0,0,0,0,0,0,0,0,0,0,0,0,0,0,0,0,0,0,0,0,1,0
CCC1C#CC1,3.045138888888889,3.045138888888889,0.7546296296296295,0.7546296296296295,0.4177322696235297,27.166666666666668,80.13,72.06599999999999,80.062600256,32,0,1.8333333333333333,2.5,2.5,1.3143204867061786,2.287669150297846,92.34127531112252,4.405777393935816,3.9915638315627207,3.9915638315627207,2.931851652578137,2.4158318873023603,2.4158318873023603,1.630410123348514,1.630410123348514,1.1474472102039797,1.1474472102039797,0.4927992798267443,0.4927992798267443,-0.44,3.739856115107913,1.3429417013682328,0.4082125360432238,38.55735583814263,0.0,0.0,0.0,0.0,0.0,0.0,0.0,0.0,0.0,5.920434318855644,12.844171518546268,6.4208216229260096,12.338727669087403,0.0,0.0,0.0,0.0,0.0,5.917906046161393,19.765380445542643,0.0,0.0,0.0,11.840868637711289,0.0,0.0,0.0,0.0,0.0,0.0,17.75877468387268,19.765380445542643,0.0,0.0,0.0,0.0,0.0,0.0,0.0,0.0,0.0,0.0,12.338727669087403,6.4208216229260096,0.0,0.0,18.764605837401913,0.0,0.0,0.0,0.0,0.0,0.0,6.761898148148148,0.0,2.392361111111111,2.179074074074074,0.0,0.6666666666666666,6,0,0,1,0,1,0,0,0,0,1,0,0,0,0,0,1,0,0,0,0,1,0.837068122349235,1,1.4197,26.17399999999999,0,0,0,0,0,0,0,0,0,0,0,0,0,0,0,0,0,0,0,0,0,0,0,0,0,0,0,0,0,0,0,0,0,0,0,0,0,0,0,0,0,0,0,0,0,0,0,0,0,0,0,0,0,0,0,0,0,0,0,0,0,0,0,0,0,0,0,0,0,0,0,0,0,0,0,0,0,0,0,0,0,0,0,0,0
C#CCCC,4.889027777777778,4.889027777777778,0.9166666666666666,0.9166666666666666,0.40753889061933823,6.4,68.119,60.05499999999999,68.062600256,28,0,1.8,2.4,2.4,1.4056390622295665,2.483699570591265,38.49022499567306,4.121320343559642,3.4915638315627207,3.4915638315627207,2.414213562373095,1.849335306374634,1.849335306374634,0.9541241452319313,0.9541241452319313,0.3943375672974064,0.3943375672974064,0.14433756729740643,0.14433756729740643,-0.44,4.559999999999998,3.5599999999999987,3.5599999999999974,33.19824487727526,0.0,0.0,0.0,0.0,0.0,0.0,0.0,0.0,0.0,12.343784214475903,6.923737199690624,6.4208216229260096,6.4208216229260096,0.0,0.0,0.0,0.0,0.0,0.0,19.765380445542643,0.0,0.0,0.0,12.343784214475903,0.0,0.0,0.0,0.0,0.0,0.0,12.343784214475903,19.765380445542643,0.0,0.0,0.0,0.0,0.0,0.0,0.0,0.0,0.0,0.0,12.841643245852019,0.0,0.0,0.0,12.844171518546268,6.423349895620259,0.0,0.0,0.0,0.0,0.0,2.517361111111111,0.0,6.913333333333334,2.0693055555555557,0.0,0.6,5,0,0,0,0,0,0,0,0,0,0,0,0,0,0,0,1,0,0,0,0,0,3.246719999999997,0,1.4197,23.74099999999999,0,0,0,0,0,0,0,0,0,0,0,0,0,0,0,0,0,0,0,0,0,0,0,0,0,0,0,0,0,0,0,0,0,0,0,0,0,0,0,0,0,0,0,0,0,0,0,0,0,0,0,0,0,0,0,0,0,0,0,0,0,0,0,0,0,0,0,0,0,0,0,0,0,0,0,0,0,0,1,0,0,0,0,1,0
CC=O,8.805555555555555,8.805555555555555,0.75,0.75,0.35500761339323206,4.333333333333333,44.053,40.021,44.026214748,18,0,2.0,2.0,2.0,0.9182958340544894,2.1874960973678963,10.264662506490405,2.7071067811865475,1.9855985596534889,1.9855985596534889,1.4142135623730951,0.8130525295851417,0.8130525295851417,0.2357022603955159,0.2357022603955159,0.0,0.0,0.0,0.0,-0.33,2.67,1.6699999999999997,1.6700000000000006,19.265715242269923,4.794537184071822,6.286160523129555,0.0,0.0,0.0,0.0,0.0,0.0,0.0,0.0,0.0,6.923737199690624,0.0,0.0,4.794537184071822,6.286160523129555,0.0,0.0,0.0,6.923737199690624,0.0,0.0,0.0,0.0,0.0,0.0,0.0,0.0,6.286160523129555,4.794537184071822,0.0,6.923737199690624,0.0,0.0,0.0,0.0,17.07,0.0,0.0,0.0,0.0,0.0,6.286160523129555,6.923737199690624,0.0,0.0,0.0,4.794537184071822,0.0,0.0,8.805555555555555,0.0,0.0,0.0,0.0,0.75,1.4444444444444444,0.0,0.5,3,0,1,0,0,0,0,0,0,0,0,0,1,0,1,0,0,0,0,0,0,0,1.4862999999999997,0,0.2052,11.738000000000001,0,0,0,0,0,0,0,0,0,0,1,1,0,0,0,0,0,0,0,0,0,0,0,1,0,0,0,0,0,0,0,0,0,0,0,0,0,0,0,0,0,0,0,0,0,0,0,0,0,0,0,0,0,0,0,0,0,0,0,0,0,0,0,0,0,0,0,0,0,0,0,0,0,0,0,0,0,0,0,0,0,0,0,0,0
O=CCCCCCCCCCCCCCCC1C=C1,10.139377974615547,10.139377974615547,0.7607233796296295,0.7607233796296295,0.2064110016070603,13.894736842105264,264.4529999999999,232.19699999999995,264.245315644,110,0,0.631578947368421,1.0526315789473684,1.4736842105263157,3.23163448244062,1.6094400856444608,225.84478221820277,13.598165549360939,12.617144303834035,12.617144303834035,9.431851652578137,8.552198841323243,8.552198841323243,6.035412412956233,6.035412412956233,4.074048370700737,4.074048370700737,2.646495191151743,2.646495191151743,-0.5900000000000001,16.464318305268876,12.444139256442169,12.198220274447587,119.4093548869022,4.794537184071822,6.286160523129555,0.0,0.0,0.0,0.0,0.0,0.0,0.0,0.0,82.78107806585389,18.75954929201341,6.4208216229260096,0.0,4.794537184071822,6.286160523129555,0.0,0.0,5.917906046161393,89.89150272096417,0.0,12.152040213667762,0.0,0.0,0.0,0.0,0.0,0.0,6.286160523129555,4.794537184071822,5.917906046161393,89.89150272096417,12.152040213667762,0.0,0.0,0.0,17.07,0.0,4.794537184071822,0.0,0.0,0.0,25.04570981514297,77.04985947511214,0.0,0.0,12.152040213667762,0.0,0.0,0.0,10.139377974615547,0.0,0.0,0.8810479429552471,0.0,24.31290741576254,0.0,0.0,0.8333333333333334,19,0,1,1,0,1,0,0,0,0,0,0,1,0,1,0,15,0,0,0,0,0,10.783382618587149,1,5.832700000000006,83.33200000000006,0,0,0,0,0,0,0,0,0,0,1,1,0,0,0,0,0,0,0,0,0,0,0,1,0,0,2,0,0,0,0,0,0,0,0,0,0,0,0,0,0,0,0,0,0,0,0,0,0,0,0,0,0,0,0,0,0,0,0,0,0,0,0,0,0,0,0,0,0,0,0,0,0,0,0,0,0,0,0,0,0,0,0,12,0
CCC(C)CC=CNC,2.9665929705215417,2.9665929705215417,0.8283333333333331,0.8283333333333331,0.6098780900041317,14.11111111111111,127.23099999999998,110.09499999999998,127.13609954399999,54,0,1.5555555555555556,2.2222222222222223,2.6666666666666665,1.8853475857946647,3.148276177636771,76.63682062300136,7.112884175122364,6.646264369941973,6.646264369941973,4.308060412490447,3.631210389695909,3.631210389695909,2.4401663280389134,2.4401663280389134,1.5198929124732372,1.5198929124732372,0.5848669869612938,0.5848669869612938,-0.46,8.539999999999997,5.672625994694958,5.4104748010362,58.15410498002959,5.316788604006331,0.0,0.0,0.0,0.0,0.0,0.0,0.0,0.0,0.0,26.344316129141138,18.53868255890785,7.04767198267719,0.0,0.0,0.0,0.0,5.316788604006331,5.917906046161393,26.689117645233267,7.04767198267719,12.27597499665433,0.0,0.0,5.316788604006331,0.0,0.0,0.0,7.04767198267719,0.0,5.917906046161393,26.689117645233267,12.27597499665433,0.0,0.0,0.0,12.03,0.0,0.0,0.0,0.0,0.0,5.917906046161393,12.841643245852019,0.0,13.247626872497637,25.24028311022146,0.0,0.0,0.0,0.0,2.9665929705215417,0.0,0.8283333333333331,0.0,6.630675547996978,4.484008881330309,1.9237226001511716,0.75,9,1,1,0,0,0,0,0,0,0,1,0,1,1,1,0,4,0,0,0,0,1,5.382691777188326,0,2.1557000000000004,42.2717,0,0,0,0,0,0,0,0,0,0,0,0,0,0,0,0,1,0,0,0,0,0,0,0,0,0,1,0,0,0,0,0,0,0,0,0,0,0,0,0,0,0,0,0,0,0,0,0,0,0,0,0,0,0,0,0,0,0,0,0,0,0,0,0,0,0,0,0,0,0,0,0,0,0,0,0,0,0,0,0,0,0,0,0,0
C=O,8.0,8.0,2.0,2.0,0.36062445834190227,2.0,30.026,28.009999999999998,30.010564684,12,0,1.5,1.5,1.5,1.0,2.0,2.0,2.0,1.1153550716504106,1.1153550716504106,1.0,0.2886751345948129,0.2886751345948129,0.0,0.0,0.0,0.0,0.0,0.0,-0.33,1.6699999999999997,0.6700000000000002,-5.360303030303031,12.900773127873316,4.794537184071822,6.78907609989417,0.0,0.0,0.0,0.0,0.0,0.0,0.0,0.0,0.0,0.0,0.0,0.0,4.794537184071822,6.78907609989417,0.0,0.0,0.0,0.0,0.0,0.0,0.0,0.0,0.0,0.0,0.0,0.0,6.78907609989417,4.794537184071822,0.0,0.0,0.0,0.0,0.0,0.0,17.07,0.0,0.0,0.0,0.0,0.0,0.0,0.0,0.0,6.78907609989417,0.0,4.794537184071822,0.0,0.0,8.0,0.0,0.0,0.0,0.0,0.0,2.0,0.0,0.0,2,0,1,0,0,0,0,0,0,0,0,0,1,0,1,0,0,0,0,0,0,0,0.55945,0,-0.1849,7.121,0,0,0,0,0,0,0,0,0,0,1,1,0,0,0,0,0,0,0,0,0,0,0,0,0,0,0,0,0,0,0,0,0,0,0,0,0,0,0,0,0,0,0,0,0,0,0,0,0,0,0,0,0,0,0,0,0,0,0,0,0,0,0,0,0,0,0,0,0,0,0,0,0,0,0,0,0,0,0,0,0,0,0,0,0
CCCNOOC=CNCO,8.232654648291824,8.232654648291824,0.12276927437641727,-0.12276927437641727,0.15980078703651726,10.363636363636363,162.18899999999996,148.077,162.100442308,66,0,1.5454545454545454,2.3636363636363638,3.0,2.0339309928768716,2.8870092063214865,97.82818531582762,8.36396103067893,6.539731058366579,6.539731058366579,5.414213562373096,3.4589428686121932,3.4589428686121932,1.738883403890649,1.738883403890649,0.7918353205621319,0.7918353205621319,0.3341221358121184,0.3341221358121184,-0.78,10.22,9.22,9.220000000000002,65.87874096127048,15.310886952103148,12.992897195920275,0.0,0.0,0.0,0.0,0.0,0.0,5.480096598121202,0.0,11.91203378288332,6.4208216229260096,12.744711295733023,0.0,14.982394931289514,0.0,0.0,10.796885202127534,0.0,13.344558822616634,13.27557315341206,12.46203533824124,0.0,0.0,10.796885202127534,0.0,0.0,0.0,18.382100548252765,9.875867536448808,0.0,13.344558822616634,12.46203533824124,0.0,0.0,0.0,62.75,0.0,0.0,0.0,6.730816747499484,0.0,12.965578028838586,12.46203533824124,0.0,6.923737199690624,20.67275273857634,5.106527394840706,0.0,0.0,8.93467403628118,10.71402731772997,2.548220663265306,0.0,0.0,3.6750694444444445,2.6280085382791007,0.0,0.6666666666666666,11,3,5,0,0,0,0,0,0,0,0,0,5,3,5,0,7,0,0,0,0,0,8.566218181818183,0,-0.1402000000000002,39.8252,0,1,1,0,0,0,0,0,0,0,0,0,0,0,0,0,2,0,1,0,0,0,0,0,0,0,0,0,0,0,0,0,0,0,0,0,0,0,0,0,0,0,0,0,0,0,0,0,0,0,0,0,0,0,0,0,0,0,0,0,0,0,0,0,0,0,0,0,0,0,0,0,0,0,0,0,0,0,0,0,0,0,0,0,0
CC=C=NCC=CCC,3.935,3.935,0.7620833333333332,0.7620833333333332,0.4027293997859778,9.11111111111111,123.19899999999998,110.09499999999998,123.10479941599999,50,0,1.4444444444444444,2.2222222222222223,2.7777777777777777,1.88523483624215,3.290646654937291,127.50306161549236,6.949747468305834,6.093477965441931,6.093477965441931,4.414213562373095,3.2627966629988627,3.2627966629988627,1.6381154595667624,1.6381154595667624,0.8194518131097644,0.8194518131097644,0.43789861417313336,0.43789861417313336,-0.81,8.19,7.190000000000001,7.189999999999999,56.80996225009741,0.0,0.0,0.0,0.0,0.0,0.0,0.0,4.992404732635669,0.0,0.0,19.075777413358388,25.290377992893703,0.0,6.544756405912575,0.0,5.86979906344319,0.0,0.0,4.992404732635669,20.268296022307258,6.544756405912575,18.228060320501644,0.0,0.0,0.0,0.0,0.0,0.0,12.414555469355765,0.0,0.0,20.268296022307258,23.22046505313731,0.0,0.0,0.0,12.36,0.0,0.0,0.0,0.0,0.0,12.965578028838586,0.0,6.076020106833881,12.999757306524504,23.861961102603363,0.0,0.0,0.0,3.935,0.0,0.0,2.7558985260770976,0.0,7.030243055555555,4.7788584183673475,0.0,0.5,9,0,1,0,0,0,0,0,0,0,0,0,1,0,1,0,3,0,0,0,0,0,6.5429,0,2.1984000000000004,41.97700000000001,0,0,0,0,0,0,0,0,0,0,0,0,0,0,1,1,0,0,0,0,0,0,0,0,0,0,2,0,0,0,0,0,0,0,0,0,0,0,0,0,0,0,0,0,0,0,0,0,0,0,0,0,0,0,0,0,0,0,0,0,0,0,0,0,0,0,0,0,0,0,0,0,0,0,0,0,0,0,0,0,0,0,0,0,0
CCC=C(Cl)CCCCS,5.852862811791383,5.852862811791383,0.968545524691358,0.968545524691358,0.4827296387002112,12.1,178.728,163.608,178.05829916,60,0,1.5,2.2,2.7,1.8918171912353576,3.2072588482924043,99.43071362054204,7.819990956308912,6.438062243631549,8.08841838064992,4.808060412490447,3.7627935993599486,4.773213604402852,2.23994972593846,3.1726424535868354,1.249332651365153,1.9088460038486963,0.7292320968634793,1.2407728655317622,0.37999999999999995,10.380000000000003,7.486609808102346,6.499331742243438,74.06257568670496,0.0,0.0,0.0,0.0,0.0,0.0,0.0,0.0,12.628789148012991,0.0,24.600697196757018,31.436140098450828,5.032286352113597,0.0,0.0,24.22972903824551,0.0,0.0,0.0,32.60702369139466,5.752853606746789,11.108306458947478,0.0,0.0,0.0,0.0,0.0,24.22972903824551,5.752853606746789,0.0,0.0,32.60702369139466,11.108306458947478,0.0,0.0,0.0,0.0,0.0,0.0,0.0,0.0,0.0,30.047604827638416,6.4208216229260096,0.0,0.0,25.628546454537496,11.600939890232516,0.0,9.965537875129474,0.0,1.0039660493827163,0.0,0.968545524691358,0.0,6.463745354623331,2.0982051961731196,0.0,0.75,10,0,0,0,0,0,0,0,0,0,0,0,1,1,2,0,5,0,0,0,0,0,7.771100980810237,0,3.6192000000000024,51.93100000000003,0,0,0,0,0,0,0,0,0,0,0,0,0,0,0,0,0,0,0,0,0,0,1,0,0,0,2,0,0,0,0,0,0,0,0,0,0,0,0,0,0,0,0,0,1,0,0,0,0,0,0,0,0,0,0,0,0,0,0,0,0,0,0,0,0,0,0,0,0,0,0,0,0,0,0,0,0,0,0,0,0,0,0,1,0
C#CCC,4.777777777777778,4.777777777777778,0.8472222222222222,0.8472222222222222,0.3621978219384472,5.0,54.092,48.044,54.046950192,22,0,2.0,2.25,2.25,1.370950594454669,2.4330963097956353,29.793193904479523,3.414213562373095,2.784457050376173,2.784457050376173,1.914213562373095,1.349335306374634,1.349335306374634,0.5576775358252053,0.5576775358252053,0.2041241452319315,0.2041241452319315,0.0,0.0,-0.44,3.5599999999999996,2.56,1.5600000000000003,26.833302762878645,0.0,0.0,0.0,0.0,0.0,0.0,0.0,0.0,0.0,12.343784214475903,6.923737199690624,0.0,6.4208216229260096,0.0,0.0,0.0,0.0,0.0,0.0,13.344558822616634,0.0,0.0,0.0,12.343784214475903,0.0,0.0,0.0,0.0,0.0,0.0,12.343784214475903,13.344558822616634,0.0,0.0,0.0,0.0,0.0,0.0,0.0,0.0,0.0,0.0,6.4208216229260096,0.0,0.0,6.923737199690624,5.920434318855644,6.423349895620259,0.0,0.0,0.0,0.0,0.0,2.4305555555555554,0.0,5.625,1.9444444444444444,0.0,0.5,4,0,0,0,0,0,0,0,0,0,0,0,0,0,0,0,0,0,0,0,0,0,2.2784,0,1.0295999999999998,19.124,0,0,0,0,0,0,0,0,0,0,0,0,0,0,0,0,0,0,0,0,0,0,0,0,0,0,0,0,0,0,0,0,0,0,0,0,0,0,0,0,0,0,0,0,0,0,0,0,0,0,0,0,0,0,0,0,0,0,0,0,0,0,0,0,0,0,0,0,0,0,0,0,0,0,0,0,0,0,1,0,0,0,0,0,0
CCCCC(C)CCCOCCNCCCCCS,5.641509196271102,5.641509196271102,0.8570524341423813,0.8570524341423813,0.3463557214622048,12.789473684210526,289.52899999999994,254.24899999999997,289.24393574,116,0,0.9473684210526315,1.736842105263158,2.473684210526316,2.4215880898366575,3.019929048182091,166.82792280735134,14.183951986987843,13.125200310578569,14.019627501578483,9.308060412490446,8.201638447696912,8.834093979730588,5.536268171124307,5.983481766624265,3.470918984117141,3.787146750133979,2.1407602776223116,2.3643670753722903,0.26999999999999996,19.27,16.324734537493157,16.21544897970816,126.03185682029535,10.05365155780638,0.0,0.0,0.0,0.0,0.0,0.0,0.0,12.628789148012991,0.0,39.53076089108529,43.8988025505248,13.151638370425493,6.606881964512918,4.736862953800049,12.628789148012991,0.0,5.316788604006331,5.917906046161393,65.21404738278935,32.05613034759777,0.0,0.0,0.0,5.316788604006331,0.0,0.0,12.628789148012991,32.05613034759777,4.736862953800049,5.917906046161393,65.21404738278935,0.0,0.0,0.0,0.0,21.259999999999998,0.0,0.0,0.0,0.0,0.0,37.97403639375917,51.36657298340809,0.0,0.0,31.79305215140057,4.736862953800049,5.641509196271102,4.204202620488884,0.0,3.4219310822354654,0.0,1.8826673712969644,0.0,10.382938961844935,8.522306323418206,0.0,1.0,19,1,2,0,0,0,0,0,0,0,1,0,3,2,3,0,15,0,0,0,0,1,16.55671760723648,0,4.299200000000004,89.31570000000006,0,0,0,0,0,0,0,0,0,0,0,0,0,0,0,0,1,0,0,0,0,0,1,0,0,0,0,0,0,0,0,0,0,0,0,0,0,0,0,0,0,1,0,0,0,0,0,0,0,0,0,0,0,0,0,0,0,0,0,0,0,0,0,0,0,0,0,0,0,0,0,0,0,0,0,0,0,0,0,0,0,0,0,3,0
CCCC1=CC1,2.295138888888889,2.295138888888889,1.3133333333333332,1.3133333333333332,0.4474474942189815,17.166666666666668,82.14599999999999,72.06599999999999,82.07825032,34,0,1.8333333333333333,2.5,2.6666666666666665,2.2089873002588,2.0172646438542468,70.10749561002055,4.405777393935816,4.198670612749268,4.198670612749268,2.931851652578137,2.611136987431771,2.611136987431771,1.816496580927726,1.816496580927726,1.0639135424207875,1.0639135424207875,0.5974071914746779,0.5974071914746779,-0.26,3.914216027874565,1.4594921149257283,0.8522145467348156,38.868527414099105,0.0,0.0,0.0,0.0,0.0,0.0,0.0,0.0,0.0,0.0,24.99368345951978,12.841643245852019,0.0,0.0,0.0,0.0,0.0,0.0,0.0,26.186202068468653,0.0,11.64912463690315,0.0,0.0,0.0,0.0,0.0,0.0,0.0,0.0,0.0,26.186202068468653,11.64912463690315,0.0,0.0,0.0,0.0,0.0,0.0,0.0,0.0,0.0,0.0,19.26246486877803,5.573104530069267,0.0,12.999757306524504,0.0,0.0,0.0,0.0,0.0,1.664351851851852,0.0,0.0,6.280925925925926,2.221388888888889,0.0,0.6666666666666666,6,0,0,1,0,1,0,0,0,0,0,0,0,0,0,0,2,0,0,0,0,0,0.9521279047998054,1,2.1166,27.607999999999986,0,0,0,0,0,0,0,0,0,0,0,0,0,0,0,0,0,0,0,0,0,0,0,0,0,0,2,0,0,0,0,0,0,0,0,0,0,0,0,0,0,0,0,0,0,0,0,0,0,0,0,0,0,0,0,0,0,0,0,0,0,0,0,0,0,0,0,0,0,0,0,0,0,0,0,0,0,0,0,0,0,0,0,0,0
C1#CCCCCC1,3.0972222222222223,3.0972222222222223,1.1388888888888888,1.1388888888888888,0.4023664654725528,19.428571428571427,94.15700000000001,84.07699999999998,94.07825032,38,0,0.7142857142857143,1.2857142857142858,1.8571428571428572,1.9023918646574263,2.264673149305453,82.3412753111225,4.949747468305834,4.535533905932738,4.535533905932738,3.5,2.957106781186547,2.957106781186547,1.914213562373095,1.914213562373095,1.2285533905932735,1.2285533905932735,0.7803300858899104,0.7803300858899104,-0.44,4.712439024390244,2.6865615704937533,1.6374464604402141,44.92229795253923,0.0,0.0,0.0,0.0,0.0,0.0,0.0,0.0,0.0,11.840868637711289,6.4208216229260096,12.841643245852019,12.841643245852019,0.0,0.0,0.0,0.0,0.0,0.0,32.10410811463005,0.0,0.0,0.0,11.840868637711289,0.0,0.0,0.0,0.0,0.0,0.0,11.840868637711289,32.10410811463005,0.0,0.0,0.0,0.0,0.0,0.0,0.0,0.0,0.0,0.0,12.841643245852019,19.26246486877803,0.0,0.0,11.840868637711289,0.0,0.0,0.0,0.0,0.0,0.0,6.194444444444445,0.0,6.305555555555555,0.0,0.0,0.7142857142857143,7,0,0,1,0,1,0,0,0,0,0,0,0,0,0,0,0,0,0,0,0,0,1.8086082266031294,1,1.9539,30.860999999999986,0,0,0,0,0,0,0,0,0,0,0,0,0,0,0,0,0,0,0,0,0,0,0,0,0,0,0,0,0,0,0,0,0,0,0,0,0,0,0,0,0,0,0,0,0,0,0,0,0,0,0,0,0,0,0,0,0,0,0,0,0,0,0,0,0,0,0,0,0,0,0,0,0,0,0,0,0,0,0,0,0,0,0,0,0
CCCCCC(O)CC(C)C,9.446215986394558,9.446215986394558,0.05412037037037076,-0.05412037037037076,0.589139751237915,13.909090909090908,158.28499999999997,136.10899999999998,158.167065324,68,0,1.1818181818181819,1.8181818181818181,2.272727272727273,1.862433271495115,3.15072731256709,78.9419624661572,8.69023444431199,8.137448039811948,8.137448039811948,5.163902460147014,4.84475108070455,4.84475108070455,3.7791545325591516,3.7791545325591516,1.8843815687273617,1.8843815687273617,1.291965201721324,1.291965201721324,-0.04,10.96,6.656627417550217,7.860849011479592,70.81796380959501,5.106527394840706,0.0,0.0,0.0,0.0,0.0,0.0,0.0,0.0,0.0,40.0336764678499,18.75954929201341,0.0,6.103966387748303,5.106527394840706,0.0,0.0,0.0,5.917906046161393,58.979286101450214,0.0,0.0,0.0,0.0,0.0,0.0,0.0,0.0,11.210493782589008,0.0,5.917906046161393,52.87531971370191,0.0,0.0,0.0,0.0,20.23,0.0,5.106527394840706,0.0,6.103966387748303,5.917906046161393,12.841643245852019,19.26246486877803,0.0,0.0,20.771211599071872,0.0,0.0,0.0,0.0,9.446215986394558,0.0,0.6311356764928191,0.0,5.588414115646257,6.500900888133032,0.0,1.0,11,1,1,0,0,0,0,0,0,0,1,0,1,1,1,0,6,0,0,0,0,1,6.632421499668217,0,2.973700000000002,49.60380000000003,0,1,1,0,0,0,0,0,0,0,0,0,0,0,0,0,0,0,0,0,0,0,0,0,0,0,0,0,0,0,0,0,0,0,0,0,0,0,0,0,0,0,0,0,0,0,0,0,0,0,0,0,0,0,0,0,0,0,0,0,0,0,0,0,0,0,0,0,0,0,0,0,0,0,0,0,0,0,0,0,0,0,0,2,0
CCS,3.7885802469135803,3.7885802469135803,0.9444444444444444,0.9444444444444444,0.39650349079173225,6.0,62.137,56.089,62.019021192,20,0,2.0,2.0,2.0,0.9182958340544894,1.6329931618554523,2.7548875021634682,2.7071067811865475,2.1543203766865053,3.048747567686421,1.4142135623730951,1.0233345472033855,1.6557900792370612,0.3162277660168379,0.9486832980505138,0.0,0.0,0.0,0.0,0.35,3.3499999999999996,2.35,2.3500000000000014,26.25925980562788,0.0,0.0,0.0,0.0,0.0,0.0,0.0,0.0,12.628789148012991,0.0,6.923737199690624,5.752853606746789,0.0,0.0,0.0,12.628789148012991,0.0,0.0,0.0,6.923737199690624,5.752853606746789,0.0,0.0,0.0,0.0,0.0,0.0,12.628789148012991,5.752853606746789,0.0,0.0,6.923737199690624,0.0,0.0,0.0,0.0,0.0,0.0,0.0,0.0,0.0,0.0,5.752853606746789,0.0,0.0,6.923737199690624,12.628789148012991,0.0,0.0,3.7885802469135803,0.0,0.0,0.0,0.9444444444444444,0.0,0.0,1.9891975308641976,0.0,1.0,3,0,0,0,0,0,0,0,0,0,0,0,1,1,1,0,0,0,0,0,0,0,2.6241666666666665,0,0.9360999999999999,19.526999999999997,0,0,0,0,0,0,0,0,0,0,0,0,0,0,0,0,0,0,0,0,0,0,1,0,0,0,0,0,0,0,0,0,0,0,0,0,0,0,0,0,0,0,0,0,0,0,0,0,0,0,0,0,0,0,0,0,0,0,0,0,0,0,0,0,0,0,0,0,0,0,0,0,0,0,0,0,0,0,0,0,0,0,0,0,0
CC[N+]=CCC=CCCCOCC,5.218378915807216,5.218378915807216,0.826261967750063,0.826261967750063,0.32121463107592635,11.846153846153847,183.29499999999996,162.12699999999995,183.16176571209,75,1,1.2307692307692308,2.076923076923077,2.769230769230769,2.155710272483118,3.075254713698501,141.0257051333355,9.778174593052025,8.830153380651986,8.830153380651986,6.414213562373096,5.124068692051642,5.124068692051642,2.727634869120259,2.727634869120259,1.5834224079275454,1.5834224079275454,0.926153384575751,0.926153384575751,-0.6300000000000001,12.37,11.369999999999997,11.370000000000001,81.70793685497837,4.736862953800049,0.0,0.0,12.75935698544789,0.0,0.0,0.0,0.0,0.0,0.0,12.152040213667762,19.765380445542643,31.55072748427814,0.0,4.736862953800049,6.2146005795353165,0.0,4.992404732635669,0.0,33.10993926815928,19.75852033493841,12.152040213667762,0.0,0.0,4.992404732635669,0.0,0.0,0.0,25.97312091447373,4.736862953800049,0.0,33.10993926815928,12.152040213667762,0.0,0.0,0.0,23.330000000000002,0.0,0.0,0.0,0.0,0.0,39.020985203716435,0.0,0.0,20.062074978916563,17.14444494630343,4.736862953800049,5.218378915807216,0.0,4.118085812646148,0.0,0.0,0.0,0.0,9.502528974552783,6.66100629699385,0.0,0.7272727272727273,13,0,2,0,0,0,0,0,0,0,0,0,2,0,2,0,8,0,0,0,0,0,10.818992307692305,0,2.1759000000000004,58.22300000000005,0,0,0,0,0,0,0,0,0,0,0,0,0,0,1,1,0,0,0,0,0,0,0,0,0,0,2,0,0,0,0,0,0,0,0,0,0,0,0,0,0,1,0,0,0,0,0,0,0,0,0,0,0,0,0,0,0,0,0,0,0,0,0,0,0,0,0,0,0,0,0,0,0,0,0,0,0,0,0,0,0,0,0,1,0
CP=CC1=C(C)OC1,5.039675925925926,5.039675925925926,0.8260648148148148,0.8260648148148148,0.48787304126484443,18.75,128.111,119.03899999999997,128.039101538,44,0,1.75,2.5,2.625,1.7933451941915157,2.5962479114134194,146.6075250475963,5.983127663125442,5.139918936339994,6.03434612733991,3.8425352551010956,2.5904402902619506,4.001265260756189,1.7573980948894268,2.5319947641309106,1.1813221231463737,1.751194643602171,0.5838463355302844,1.1518596380319668,-0.29000000000000004,5.839701686121919,2.320364844125361,0.923770591748642,51.15497368806232,4.736862953800049,12.366046836169094,0.0,0.0,0.0,0.0,0.0,0.0,0.0,8.20425678217568,0.0,19.385023786448542,5.573104530069267,0.0,4.736862953800049,14.000717764701063,0.0,0.0,0.0,6.923737199690624,13.271707568745454,11.332269401725444,0.0,0.0,0.0,0.0,0.0,8.20425678217568,19.068168551270837,4.736862953800049,0.0,6.923737199690624,11.332269401725444,0.0,0.0,0.0,9.23,0.0,0.0,0.0,0.0,0.0,12.366046836169094,13.777361312244947,0.0,6.923737199690624,12.461286586757918,4.736862953800049,5.039675925925926,0.0,0.0,0.0,1.369598765432099,3.2760185185185184,0.0,0.0,4.9362962962962955,1.322854938271605,0.5,8,0,1,0,1,1,0,0,0,0,0,0,1,0,2,1,1,0,0,0,0,0,1.6937798115821117,1,1.6687999999999998,37.56,0,0,0,0,0,0,0,0,0,0,0,0,0,0,0,0,0,0,0,0,0,0,0,0,0,0,1,0,0,0,0,0,0,0,0,0,0,0,0,0,0,1,0,0,0,0,0,0,0,0,0,0,0,0,0,0,0,0,0,0,0,0,0,0,0,0,0,0,0,0,0,0,0,0,0,0,0,0,0,0,0,0,0,0,0
C=CC=CCC=CCCCCCCCOCC,5.300725904871759,5.300725904871759,0.852276571082999,0.852276571082999,0.26155462120265005,11.588235294117647,236.39899999999992,208.17499999999995,236.21401551600002,98,0,0.9411764705882353,1.7058823529411764,2.4705882352941178,2.34985075765385,3.070256339878898,203.57071827987838,12.606601717798217,11.36606744827747,11.36606744827747,8.414213562373096,6.917450212231627,6.917450212231627,4.124326904327312,4.124326904327312,2.574587812343827,2.574587812343827,1.608416556105723,1.608416556105723,-0.8200000000000001,16.18,15.18,15.179999999999998,107.25811887673278,4.736862953800049,0.0,0.0,0.0,0.0,0.0,0.0,0.0,0.0,0.0,56.22150108654594,32.60702369139466,13.213763929025836,0.0,4.736862953800049,0.0,0.0,0.0,0.0,51.8694885601727,13.213763929025836,36.9590362177679,0.0,0.0,0.0,0.0,0.0,0.0,13.213763929025836,4.736862953800049,0.0,51.8694885601727,36.9590362177679,0.0,0.0,0.0,9.23,0.0,0.0,0.0,0.0,0.0,19.634585551951847,38.524929737556064,0.0,12.152040213667762,31.730733203790763,4.736862953800049,5.300725904871759,0.0,0.0,0.0,0.0,0.0,0.0,19.223096349840546,7.476177745287698,0.0,0.625,17,0,1,0,0,0,0,0,0,0,0,0,1,0,1,0,12,0,0,0,0,0,14.447788235294116,0,5.052000000000004,77.28900000000006,0,0,0,0,0,0,0,0,0,0,0,0,0,0,0,0,0,0,0,0,0,0,0,0,0,0,5,0,0,0,0,0,0,0,0,0,0,0,0,0,0,1,0,0,0,0,0,0,0,0,0,0,0,0,0,0,0,0,0,0,0,0,0,0,0,0,0,0,0,0,0,0,0,0,0,0,0,0,0,0,0,0,0,5,0
CCOCCCCCCCC=CCC=CC(C)C,5.315238376527088,5.315238376527088,0.6760072600154046,0.6760072600154046,0.3279891714827002,12.222222222222221,252.442,220.18599999999995,252.24531564400002,106,0,0.8888888888888888,1.6111111111111112,2.3333333333333335,2.3446101899431584,3.126871464245596,203.65563170332845,13.476845205801295,12.658960667090923,12.658960667090923,8.770055610029663,7.663902460147014,7.663902460147014,5.132641579788088,5.132641579788088,2.823405228315623,2.823405228315623,1.784357038216694,1.784357038216694,-0.56,17.44,14.500827250608275,15.440000000000007,114.31266402331364,4.736862953800049,0.0,0.0,0.0,0.0,0.0,0.0,0.0,0.0,0.0,57.4140196954948,38.52492973755605,13.213763929025836,0.0,4.736862953800049,0.0,0.0,0.0,5.917906046161393,65.71696295955394,13.213763929025836,24.304080427335524,0.0,0.0,0.0,0.0,0.0,0.0,13.213763929025836,4.736862953800049,5.917906046161393,65.71696295955394,24.304080427335524,0.0,0.0,0.0,9.23,0.0,0.0,0.0,0.0,5.917906046161393,19.634585551951844,38.524929737556064,0.0,0.0,45.075292026407396,4.736862953800049,5.315238376527088,0.0,0.0,0.0,0.0,0.6760072600154046,0.0,18.055521251644954,8.286566445145887,0.0,0.7647058823529411,18,0,1,0,0,0,0,0,0,0,0,0,1,0,1,0,12,0,0,0,0,0,14.049690402811573,0,5.522000000000006,81.93000000000006,0,0,0,0,0,0,0,0,0,0,0,0,0,0,0,0,0,0,0,0,0,0,0,0,0,0,4,0,0,0,0,0,0,0,0,0,0,0,0,0,0,1,0,0,0,0,0,0,0,0,0,0,0,0,0,0,0,0,0,0,0,0,0,0,0,0,0,0,0,0,0,0,0,0,0,0,0,0,0,0,0,0,0,5,0
C=[N+]C1=C=BC2CCC12,3.8944907407407405,3.8944907407407405,0.6967592592592591,0.6967592592592591,0.34431146204555757,36.22222222222222,116.95999999999998,108.89599999999997,117.07443107609,43,1,1.6666666666666667,2.5555555555555554,2.888888888888889,2.069861317780169,2.2577251172393193,212.95604059319314,6.267584713501616,5.300584746628479,5.300584746628479,4.41501490017253,3.350348080550836,3.350348080550836,2.7020564800231153,2.7020564800231153,2.294684535886099,2.294684535886099,1.5271194238356838,1.5271194238356838,-0.6150649350649352,5.1919502395860775,1.6804558751137209,0.5698741023898731,55.39776638772838,0.0,0.0,0.0,0.0,0.0,54.526166514391946,0.0,0.0,0.0,0.0,0.0,0.0,0.0,0.0,0.0,19.2599153618078,0.0,4.992404732635669,5.917906046161393,18.65890106073125,0.0,5.697039313055833,0.0,0.0,4.992404732635669,0.0,0.0,0.0,19.2599153618078,0.0,5.917906046161393,12.841643245852019,5.697039313055833,5.817257814879231,0.0,0.0,14.100000000000001,0.0,0.0,0.0,0.0,5.917906046161393,11.514297127935064,12.841643245852019,0.0,0.0,24.25232009444347,0.0,0.0,0.0,3.8944907407407405,0.0,4.219907407407408,1.4657407407407406,0.0,2.6242129629629627,5.628981481481482,0.0,0.5714285714285714,9,0,1,1,1,2,0,0,0,0,2,0,1,0,2,1,1,1,0,1,0,2,0.9694270314900572,2,0.22409999999999974,40.003000000000014,0,0,0,0,0,0,0,0,0,0,0,0,0,0,1,1,0,0,0,0,0,0,0,0,0,0,1,0,0,0,0,0,0,0,0,0,1,0,0,0,0,0,0,0,0,0,0,0,0,0,0,0,0,0,0,0,0,0,0,0,0,0,0,0,0,0,0,0,0,0,0,0,0,0,0,0,0,0,0,0,0,0,0,0,0
C#CCCCCC(C)Cl,5.705032596371882,5.705032596371882,0.30812452758881315,0.30812452758881315,0.3234972205820223,12.555555555555555,144.64499999999998,131.541,144.070578096,52,0,1.5555555555555556,2.2222222222222223,2.6666666666666665,1.8005768964064195,2.849704057478919,89.23098268032227,7.112884175122364,5.861092136134668,6.617021082153123,4.270055610029662,3.346044975077568,3.7824807555495528,2.230675591675239,2.975718072071408,1.1730224875387836,1.3912403777747762,0.6526754601263495,0.8069788100884414,-0.15000000000000002,8.85,5.977388535031847,7.849999999999998,62.596337447346755,0.0,0.0,0.0,0.0,0.0,0.0,0.0,0.0,0.0,23.94472410470842,6.4208216229260096,19.765380445542643,11.797909491131735,0.0,0.0,11.600939890232516,0.0,0.0,0.0,37.98411155960039,0.0,0.0,0.0,12.343784214475903,0.0,0.0,0.0,11.600939890232516,5.3770878682057255,0.0,12.343784214475903,32.60702369139466,0.0,0.0,0.0,0.0,0.0,0.0,0.0,0.0,0.0,5.3770878682057255,25.683286491704038,0.0,0.0,6.923737199690624,5.920434318855644,18.024289785852773,0.0,5.705032596371882,0.0,0.30812452758881315,0.0,2.598342781557067,0.0,9.321605410682793,2.01133912824389,0.0,0.75,9,0,0,0,0,0,0,0,0,0,1,0,0,0,1,0,4,0,0,0,0,1,5.877765392781316,0,2.8073000000000015,42.61600000000002,0,0,0,0,0,0,0,0,0,0,0,0,0,0,0,0,0,0,0,0,0,0,0,0,0,1,0,0,0,0,0,0,0,0,0,0,0,0,0,0,0,0,0,0,1,0,0,0,0,0,0,0,0,0,0,0,0,0,0,0,0,0,0,0,0,0,0,0,0,0,0,0,0,0,0,0,0,0,1,0,0,0,0,2,0
C#CCCCCC(Cl)CCOC#CNC#CO,8.10042143427945,8.10042143427945,0.0970066190056269,0.0970066190056269,0.315612189341621,9.882352941176471,253.72899999999998,237.60099999999997,253.086956432,92,0,1.2941176470588236,2.1176470588235294,2.823529411764706,2.3345068040138783,3.364236019121654,340.3918631342614,12.769738424614747,9.630767584471585,10.38669653049004,8.308060412490446,5.393349073928529,5.829784854400514,3.2731902141473945,3.8904036139957623,1.9257193107337345,2.362155091205719,1.0958606842452538,1.3392511148448205,-1.63,15.370000000000001,12.439589422407796,12.300799874018848,107.87713996835927,9.843390348640755,18.819871285398023,0.0,0.0,0.0,0.0,5.316788604006331,0.0,0.0,23.94472410470842,6.4208216229260096,19.26246486877803,11.797909491131735,12.08873820368442,9.843390348640755,11.600939890232516,0.0,5.316788604006331,0.0,37.48119598283577,6.606881964512918,0.0,0.0,36.64551173904543,5.316788604006331,0.0,0.0,11.600939890232516,17.090497227559347,4.736862953800049,36.64551173904543,32.10410811463005,0.0,0.0,0.0,0.0,41.489999999999995,0.0,0.0,0.0,5.3770878682057255,6.606881964512918,32.10410811463005,0.0,6.106494660442553,0.0,29.43245578698895,27.867680134493526,4.988530486268582,6.071424276709119,0.0,10.51995114593856,0.0,2.596270628621819,4.546416136545256,13.745126445972094,0.4767253243890148,0.0,0.5384615384615384,17,2,3,0,0,0,0,0,0,0,1,0,3,2,4,0,7,0,0,0,0,1,11.246852318965168,0,1.9929999999999999,68.13450000000002,0,1,1,0,0,0,0,0,0,0,0,0,0,0,0,0,1,0,0,0,0,0,0,0,0,1,0,0,0,0,0,0,0,0,0,0,0,0,0,0,0,1,0,0,1,0,0,0,0,0,0,0,0,0,0,0,0,0,0,0,0,0,0,0,0,0,0,0,0,0,0,0,0,0,0,0,0,0,1,0,0,0,0,2,0
CCNC,2.9305555555555554,2.9305555555555554,1.0694444444444444,1.0694444444444444,0.4555245536226073,7.5,59.111999999999995,50.03999999999999,59.073499287999994,26,0,1.75,2.0,2.0,1.370950594454669,1.9747448713915894,5.245112497836532,3.414213562373095,3.2071067811865475,3.2071067811865475,1.914213562373095,1.5606601717798212,1.5606601717798212,0.7071067811865475,0.7071067811865475,0.35355339059327373,0.35355339059327373,0.0,0.0,-0.04,3.9600000000000004,2.9600000000000004,1.96,27.01899744023081,5.316788604006331,0.0,0.0,0.0,0.0,0.0,0.0,0.0,0.0,0.0,6.923737199690624,13.592428388589765,0.0,0.0,0.0,0.0,0.0,5.316788604006331,0.0,6.923737199690624,13.592428388589765,0.0,0.0,0.0,5.316788604006331,0.0,0.0,0.0,13.592428388589765,0.0,0.0,6.923737199690624,0.0,0.0,0.0,0.0,12.03,0.0,0.0,0.0,0.0,0.0,6.544756405912575,0.0,0.0,7.04767198267719,12.240525803696954,0.0,0.0,0.0,0.0,2.9305555555555554,0.0,0.0,0.0,0.0,3.1388888888888893,1.9305555555555556,1.0,4,1,1,0,0,0,0,0,0,0,0,0,1,1,1,0,1,0,0,0,0,0,2.9304000000000006,0,0.22569999999999996,19.6007,0,0,0,0,0,0,0,0,0,0,0,0,0,0,0,0,1,0,0,0,0,0,0,0,0,0,0,0,0,0,0,0,0,0,0,0,0,0,0,0,0,0,0,0,0,0,0,0,0,0,0,0,0,0,0,0,0,0,0,0,0,0,0,0,0,0,0,0,0,0,0,0,0,0,0,0,0,0,0,0,0,0,0,0,0
CCC(C=CC1=CC1)=[N+]C,4.108888888888889,4.108888888888889,1.0280555555555555,1.0280555555555555,0.5227612837500253,17.8,135.20999999999998,122.10599999999998,135.10425083609,53,1,1.8,2.5,2.9,2.7360307713199434,2.4016760494661256,196.77380591451544,7.397341225498538,6.593477965441931,6.593477965441931,4.863703305156274,3.692640983204667,3.692640983204667,2.38499424238491,2.38499424238491,1.5790739995935774,1.5790739995935774,0.7487403932982265,0.7487403932982265,-0.8500000000000001,7.259289617486338,3.35135132417704,2.175236783365843,62.16907321096479,0.0,0.0,0.0,12.75935698544789,0.0,0.0,0.0,0.0,0.0,0.0,19.075777413358384,11.993926152995277,17.48924646239556,0.0,0.0,5.711685002770702,0.0,4.992404732635669,0.0,19.765380445542643,7.04767198267719,23.80116485057091,0.0,0.0,4.992404732635669,0.0,0.0,0.0,12.75935698544789,0.0,0.0,19.765380445542643,23.80116485057091,0.0,0.0,0.0,14.100000000000001,0.0,0.0,0.0,0.0,0.0,6.4208216229260096,17.70561115576598,0.0,7.04767198267719,30.144202252827935,0.0,0.0,0.0,4.108888888888889,0.0,2.6133333333333333,0.0,0.0,8.654360355253212,2.1190003779289492,1.8377503779289492,0.4444444444444444,10,0,1,1,0,1,0,0,0,0,0,0,1,0,1,0,3,0,0,0,0,0,2.4328429872147477,1,1.6893,45.196000000000026,0,0,0,0,0,0,0,0,0,0,0,0,0,0,1,1,0,0,0,0,0,0,0,0,0,0,4,0,0,0,0,0,0,0,0,0,0,0,0,0,0,0,0,0,0,0,0,0,0,0,0,0,0,0,0,0,0,0,0,0,0,0,0,0,0,0,0,0,0,0,0,0,0,0,0,0,0,0,0,0,0,0,0,0,0
CCCC=CC1CC(C)C([N+])CCCCC=C=N1,10.084358229402874,10.084358229402874,0.17643518518518486,-0.18020820210800426,0.6752917209637932,30.5,246.39799999999994,220.18999999999994,246.20905025208998,99,3,1.4444444444444444,2.2777777777777777,3.0555555555555554,2.387590364573134,2.6556231681526077,300.2188212699479,13.217332181807452,11.808276274443507,11.808276274443507,8.736382105218448,7.354378214534604,7.354378214534604,5.311289004124813,5.311289004124813,3.513697402067819,3.513697402067819,2.2296659754051977,2.2296659754051977,-0.8500000000000001,15.208309037900875,9.129514682068113,6.1826982557872885,112.06355870875377,0.0,0.0,0.0,0.0,6.041840829147961,5.733667477162185,0.0,4.992404732635669,0.0,0.0,32.420336235975014,44.04992728490712,12.338727669087403,6.041840829147961,0.0,5.86979906344319,0.0,5.733667477162185,10.910310778797061,70.87690741815925,0.0,18.228060320501644,0.0,0.0,5.733667477162185,0.0,0.0,0.0,17.953480721739112,0.0,5.917906046161393,58.79322575986333,23.220465053137314,0.0,0.0,0.0,34.66,0.0,5.733667477162185,0.0,12.083681658295921,5.917906046161393,38.524929737556064,6.4208216229260096,0.0,6.076020106833881,36.86171840912787,0.0,0.0,0.0,4.479713718820862,0.0,10.084358229402874,3.3724185090702945,-0.0037730169228193944,13.76187985880762,4.305402700821171,0.0,0.75,18,0,2,0,1,1,0,0,0,0,3,0,1,0,2,1,3,0,0,0,0,3,7.713582258385845,1,3.974700000000003,78.01200000000004,0,0,0,0,0,0,0,0,0,0,0,0,0,0,1,2,0,0,0,0,0,0,0,0,0,0,2,0,0,0,0,0,0,0,0,0,0,0,0,0,0,0,0,0,0,0,0,0,0,0,0,0,0,0,0,0,0,0,0,0,0,0,0,0,0,0,0,0,0,0,0,0,0,0,0,0,0,0,0,0,0,0,0,1,0
C=CCCC,3.5504166666666666,3.5504166666666666,1.1527777777777777,1.1527777777777777,0.43560382698496614,7.4,70.13499999999999,60.05499999999999,70.07825032,30,0,1.8,2.4,2.4,1.4056390622295665,2.4017152226171965,21.219280948873624,4.121320343559642,3.698670612749268,3.698670612749268,2.414213562373095,2.0236033621142733,2.0236033621142733,1.0773502691896257,1.0773502691896257,0.4927992798267443,0.4927992798267443,0.20412414523193148,0.20412414523193148,-0.26,4.74,3.7400000000000007,3.740000000000001,33.50941645323173,0.0,0.0,0.0,0.0,0.0,0.0,0.0,0.0,0.0,6.578935683598497,19.420578929450514,6.4208216229260096,0.0,0.0,0.0,0.0,0.0,0.0,0.0,19.765380445542643,0.0,12.654955790432378,0.0,0.0,0.0,0.0,0.0,0.0,0.0,0.0,0.0,19.765380445542643,12.654955790432378,0.0,0.0,0.0,0.0,0.0,0.0,0.0,0.0,0.0,6.4208216229260096,6.4208216229260096,0.0,6.076020106833881,13.502672883289122,0.0,0.0,0.0,0.0,0.0,0.0,0.0,0.0,4.309027777777778,5.690972222222221,0.0,0.6,5,0,0,0,0,0,0,0,0,0,0,0,0,0,0,0,2,0,0,0,0,0,3.5455200000000007,0,1.9725,25.10499999999999,0,0,0,0,0,0,0,0,0,0,0,0,0,0,0,0,0,0,0,0,0,0,0,0,0,0,1,0,0,0,0,0,0,0,0,0,0,0,0,0,0,0,0,0,0,0,0,0,0,0,0,0,0,0,0,0,0,0,0,0,0,0,0,0,0,0,0,0,0,0,0,0,0,0,0,0,0,0,0,0,0,0,0,1,0
CCCCCCCCCNC,3.169767731166541,3.169767731166541,1.1882716049382716,1.1882716049382716,0.5341051569369423,10.363636363636363,157.30100000000002,134.117,157.183049736,68,0,0.8181818181818182,1.3636363636363635,1.9090909090909092,2.0339309928768716,2.6909155266923976,53.89311688209828,8.36396103067893,8.156854249492381,8.156854249492381,5.414213562373096,5.060660171779821,5.060660171779821,3.224873734152916,3.224873734152916,2.03033008588991,2.03033008588991,1.2588834764831838,1.2588834764831838,-0.04,10.96,9.96,9.960000000000003,71.57359224100708,5.316788604006331,0.0,0.0,0.0,0.0,0.0,0.0,0.0,0.0,0.0,45.448666937246685,20.013250011515776,0.0,0.0,0.0,0.0,0.0,5.316788604006331,0.0,51.8694885601727,13.592428388589765,0.0,0.0,0.0,5.316788604006331,0.0,0.0,0.0,13.592428388589765,0.0,0.0,51.8694885601727,0.0,0.0,0.0,0.0,12.03,0.0,0.0,0.0,0.0,0.0,0.0,51.49050776639465,0.0,7.04767198267719,12.240525803696954,0.0,0.0,0.0,0.0,3.169767731166541,0.0,0.0,0.0,9.852192932728649,3.4531554705215415,2.0248838655832704,1.0,11,1,1,0,0,0,0,0,0,0,0,0,1,1,1,0,8,0,0,0,0,0,9.923781818181821,0,2.9564000000000012,51.919700000000034,0,0,0,0,0,0,0,0,0,0,0,0,0,0,0,0,1,0,0,0,0,0,0,0,0,0,0,0,0,0,0,0,0,0,0,0,0,0,0,0,0,0,0,0,0,0,0,0,0,0,0,0,0,0,0,0,0,0,0,0,0,0,0,0,0,0,0,0,0,0,0,0,0,0,0,0,0,0,0,0,0,0,0,6,0
CC#CCCCCCCCNCCCCCCCCCCCCNC,3.604670303965592,3.604670303965592,1.0887132573415041,1.0887132573415041,0.20588551629751947,10.64,350.63500000000016,304.267,350.366099472,148,0,0.52,0.92,1.36,2.628133523535876,2.966832795988336,290.2032529850775,18.263455967290597,17.43502884254441,17.43502884254441,12.414213562373096,11.164213562373094,11.164213562373094,7.333630944789017,7.333630944789017,4.8624368670764575,4.8624368670764575,3.209708691207961,3.209708691207961,-0.52,24.479999999999997,23.480000000000004,23.48,158.86692730363032,10.633577208012662,0.0,0.0,0.0,0.0,0.0,0.0,0.0,0.0,11.840868637711289,70.62903785218613,59.28896489180958,6.4208216229260096,0.0,0.0,0.0,0.0,10.633577208012662,0.0,109.65688316650682,26.681941200414915,0.0,0.0,11.840868637711289,10.633577208012662,0.0,0.0,0.0,26.681941200414915,0.0,11.840868637711289,109.65688316650682,0.0,0.0,0.0,0.0,24.06,0.0,0.0,0.0,0.0,0.0,6.4208216229260096,115.9465935616279,0.0,13.971409182367815,22.47444584572395,0.0,0.0,0.0,0.0,6.823867136313989,0.0,6.108950862603702,0.0,21.978565895209265,5.544625318801339,2.043990787071703,0.9130434782608695,25,2,2,0,0,0,0,0,0,0,0,0,2,2,2,0,20,0,0,0,0,0,22.991616,0,6.060300000000006,114.1184000000001,0,0,0,0,0,0,0,0,0,0,0,0,0,0,0,0,2,0,0,0,0,0,0,0,0,0,0,0,0,0,0,0,0,0,0,0,0,0,0,0,0,0,0,0,0,0,0,0,0,0,0,0,0,0,0,0,0,0,0,0,0,0,0,0,0,0,0,0,0,0,0,0,0,0,0,0,0,0,0,0,0,0,0,14,0
CC=COCC,4.802083333333333,4.802083333333333,0.7681944444444444,0.7681944444444444,0.4631958115493616,9.666666666666666,86.134,76.054,86.07316494,36,0,1.6666666666666667,2.3333333333333335,2.5,1.6143308351592656,2.658099936249019,39.20310343869658,4.82842712474619,4.270055610029662,4.270055610029662,2.914213562373095,2.1421677786998354,2.1421677786998354,0.9247578980827673,0.9247578980827673,0.39897447501955874,0.39897447501955874,0.19245008972987532,0.19245008972987532,-0.46,5.54,4.54,3.54,38.622961682738605,4.736862953800049,0.0,0.0,0.0,0.0,0.0,0.0,0.0,0.0,0.0,6.076020106833881,13.847474399381248,0.0,12.868962412933708,4.736862953800049,0.0,0.0,0.0,0.0,13.847474399381248,6.606881964512918,12.338100555254671,0.0,0.0,0.0,0.0,0.0,0.0,6.606881964512918,4.736862953800049,0.0,13.847474399381248,12.338100555254671,0.0,0.0,0.0,9.23,0.0,0.0,0.0,0.0,0.0,6.606881964512918,0.0,6.26208044842079,19.92349450621513,0.0,4.736862953800049,4.802083333333333,0.0,0.0,0.0,0.0,0.0,0.0,3.545138888888889,4.652777777777778,0.0,0.6,6,0,1,0,0,0,0,0,0,0,0,0,1,0,1,0,2,0,0,0,0,0,4.191933333333334,0,1.5565,26.439999999999987,0,0,0,0,0,0,0,0,0,0,0,0,0,0,0,0,0,0,0,0,0,0,0,0,0,0,1,0,0,0,0,0,0,0,0,0,0,0,0,0,0,1,0,0,0,0,0,0,0,0,0,0,0,0,0,0,0,0,0,0,0,0,0,0,0,0,0,0,0,0,0,0,0,0,0,0,0,0,0,0,0,0,0,0,0
CC=CC1C#CCCC=[SH]CCOC1CC=CCC,6.0538529856387004,6.0538529856387004,0.1942592592592587,0.1942592592592587,0.354020621937584,25.57894736842105,278.461,252.25299999999993,278.170436452,106,0,1.4210526315789473,2.3157894736842106,3.1052631578947367,2.4625909795119045,2.74606865953833,370.45864100422426,13.76130225617747,12.13955445741049,13.033981648410405,9.380540057561882,7.241816121507372,8.390669433035372,4.52470898683451,5.702219325674689,2.9196674795492417,3.8768383346257806,1.9537528006839573,2.6588191279055406,-0.78,16.27488474204171,11.080836437173287,7.398403630479828,121.63288187081208,4.736862953800049,0.0,0.0,0.0,0.0,0.0,0.0,11.350969244424817,0.0,5.920434318855644,42.51573484139803,26.186202068468653,12.1736752296728,18.628754398422615,4.736862953800049,16.718452139941057,0.0,0.0,5.917906046161393,45.634727278833594,12.359735571259707,24.304080427335524,0.0,11.840868637711289,0.0,0.0,0.0,11.350969244424817,23.831184854524253,4.736862953800049,17.75877468387268,39.53076089108528,24.304080427335524,0.0,0.0,0.0,9.23,0.0,0.0,0.0,12.021872433909696,0.0,38.04302206296374,11.350969244424817,0.0,0.0,55.35990635994429,4.736862953800049,6.0538529856387004,1.381569542426024,0.0,2.3055744520030235,0.0,7.99054154069035,0.0,13.001265285111936,5.044973971907744,0.0,0.5882352941176471,19,0,1,0,1,1,0,0,0,0,2,0,1,1,2,1,4,0,0,0,0,2,9.491543992653229,1,3.9851000000000036,89.01900000000005,0,0,0,0,0,0,0,0,0,0,0,0,0,0,0,0,0,0,0,0,0,0,1,0,0,0,2,0,0,0,0,0,0,0,0,0,0,0,0,0,0,1,0,0,0,0,0,0,0,0,0,0,0,0,0,0,0,0,0,0,0,0,0,0,0,0,0,0,0,0,0,0,0,0,0,0,0,0,0,0,0,0,0,0,0
C1COC1,4.722222222222222,4.722222222222222,1.0,1.0,0.3916450287186053,24.0,58.07999999999999,52.032,58.041864812,24,0,1.25,1.5,1.5,0.7219280948873623,2.0,11.245112497836532,2.8284271247461903,2.5295686340235055,2.5295686340235055,2.0,1.5773502691896257,1.5773502691896257,0.9659258262890682,0.9659258262890682,0.5773502691896257,0.5773502691896257,0.1443375672974064,0.1443375672974064,-0.04,2.212525252525253,0.72512600755025,0.11518824609733701,25.576849332600418,4.736862953800049,0.0,0.0,0.0,0.0,0.0,0.0,0.0,0.0,0.0,0.0,6.4208216229260096,13.213763929025836,0.0,4.736862953800049,0.0,0.0,0.0,0.0,6.4208216229260096,13.213763929025836,0.0,0.0,0.0,0.0,0.0,0.0,0.0,13.213763929025836,4.736862953800049,0.0,6.4208216229260096,0.0,0.0,0.0,0.0,9.23,0.0,0.0,0.0,0.0,0.0,13.213763929025836,6.4208216229260096,0.0,0.0,0.0,4.736862953800049,4.722222222222222,0.0,0.0,0.0,0.0,0.0,0.0,1.2777777777777777,2.0,0.0,1.0,4,0,1,0,1,1,0,0,0,0,0,0,1,0,1,1,0,0,1,1,0,0,0.40108990074193634,1,0.40670000000000006,15.436000000000003,0,0,0,0,0,0,0,0,0,0,0,0,0,0,0,0,0,0,0,0,0,0,0,0,0,0,0,0,0,0,0,0,0,0,0,0,0,0,0,0,0,1,0,0,0,0,0,0,0,0,0,0,0,0,0,0,0,0,0,0,0,0,0,0,0,0,0,0,0,0,0,0,0,0,0,0,0,0,0,0,0,0,0,0,0
C1=NCC1,3.7916666666666665,3.7916666666666665,1.0694444444444444,1.0694444444444444,0.381398496041273,20.0,55.07999999999999,50.03999999999999,55.042199159999996,22,0,1.75,2.0,2.0,0.7219280948873623,2.4725220377919737,32.548081406642986,2.8284271247461903,2.4387774270626785,2.4387774270626785,2.0,1.4826749462278621,1.4826749462278621,0.8774303040149025,0.8774303040149025,0.5163977794943222,0.5163977794943222,0.12909944487358055,0.12909944487358055,-0.33,1.9424795640326975,0.5528560609997847,0.05565881400856787,25.35862658895366,0.0,0.0,0.0,0.0,0.0,0.0,4.992404732635669,0.0,0.0,0.0,0.0,0.0,19.1801786083739,0.0,0.0,6.2146005795353165,0.0,0.0,4.992404732635669,6.4208216229260096,6.544756405912575,0.0,0.0,0.0,0.0,0.0,0.0,0.0,12.75935698544789,0.0,0.0,6.4208216229260096,4.992404732635669,0.0,0.0,0.0,12.36,0.0,0.0,0.0,0.0,0.0,6.544756405912575,6.4208216229260096,0.0,6.2146005795353165,4.992404732635669,0.0,0.0,0.0,3.7916666666666665,0.0,0.0,0.0,0.0,3.1388888888888893,1.0694444444444444,0.0,0.6666666666666666,4,0,1,0,1,1,0,0,0,0,0,0,1,0,1,1,0,0,0,0,0,0,0.26847790008592404,1,0.46090000000000003,17.976,0,0,0,0,0,0,0,0,0,0,0,0,0,0,1,1,0,0,0,0,0,0,0,0,0,0,0,0,0,0,0,0,0,0,0,0,0,0,0,0,0,0,0,0,0,0,0,0,0,0,0,0,0,0,0,0,0,0,0,0,0,0,0,0,0,0,0,0,0,0,0,0,0,0,0,0,0,0,0,0,0,0,0,0,0
N=CO,7.111111111111111,7.111111111111111,0.25,0.25,0.29531134882471866,4.0,45.041000000000004,42.017,45.021463716,18,0,2.0,2.0,2.0,0.9182958340544894,2.1874960973678963,12.264662506490405,2.7071067811865475,1.5245638646895836,1.5245638646895836,1.4142135623730951,0.5468740243419741,0.5468740243419741,0.12909944487358058,0.12909944487358058,0.0,0.0,0.0,0.0,-0.53,2.4699999999999993,1.4699999999999982,1.4700000000000009,18.21883577929036,5.106527394840706,0.0,6.400660921122227,0.0,0.0,0.0,5.409283605791522,0.0,0.0,0.0,0.0,0.0,0.0,0.0,5.106527394840706,6.400660921122227,5.409283605791522,0.0,0.0,0.0,0.0,0.0,0.0,0.0,0.0,0.0,0.0,0.0,11.507188315962932,0.0,5.409283605791522,0.0,0.0,0.0,0.0,0.0,44.08,0.0,0.0,0.0,6.400660921122227,0.0,0.0,0.0,0.0,0.0,0.0,10.515811000632228,0.0,0.0,0.0,12.75,0.0,0.0,0.0,0.25,0.0,0.0,0.0,3,2,2,0,0,0,0,0,0,0,0,0,1,2,2,0,0,0,0,0,0,0,1.2102999999999982,0,0.15147,11.4125,0,1,1,0,0,0,0,0,0,0,0,0,0,0,0,0,1,0,0,0,0,0,0,0,0,0,0,0,0,0,0,0,0,0,0,0,0,0,0,0,0,0,0,0,0,0,0,0,0,0,0,0,0,0,0,0,0,0,0,0,0,0,0,0,0,0,0,0,0,0,0,0,0,0,0,0,0,0,0,0,0,0,0,0,0
C=[N+]CCCCC,3.7231944444444443,3.7231944444444443,0.9383333333333334,0.9383333333333334,0.37136884567707834,8.714285714285714,99.177,86.07299999999998,99.10425083608999,41,1,1.4285714285714286,2.142857142857143,2.5714285714285716,1.690933805959686,2.558780869327957,41.444678358882754,5.535533905932738,4.982747501432695,4.982747501432695,3.414213562373095,2.839562313220223,2.839562313220223,1.654320376686505,1.654320376686505,0.9197811566101115,0.9197811566101115,0.4736067977499788,0.4736067977499788,-0.33,6.670000000000001,5.670000000000001,5.669999999999999,45.45928408567271,0.0,0.0,6.717516156299933,6.544756405912575,0.0,0.0,0.0,0.0,0.0,0.0,13.344558822616634,6.4208216229260096,11.41322635556168,0.0,0.0,6.717516156299933,0.0,4.992404732635669,0.0,26.186202068468653,6.544756405912575,0.0,0.0,0.0,4.992404732635669,0.0,0.0,0.0,13.262272562212509,0.0,0.0,26.186202068468653,0.0,0.0,0.0,0.0,14.100000000000001,0.0,0.0,0.0,0.0,0.0,6.544756405912575,19.26246486877803,0.0,0.0,18.633658088626227,0.0,0.0,0.0,3.7231944444444443,0.0,0.0,0.0,0.0,3.7723611111111115,6.504444444444445,0.0,0.8333333333333334,7,0,1,0,0,0,0,0,0,0,0,0,1,0,1,0,4,0,0,0,0,0,5.402700000000002,0,1.2129999999999999,33.646999999999984,0,0,0,0,0,0,0,0,0,0,0,0,0,0,1,1,0,0,0,0,0,0,0,0,0,0,0,0,0,0,0,0,0,0,0,0,0,0,0,0,0,0,0,0,0,0,0,0,0,0,0,0,0,0,0,0,0,0,0,0,0,0,0,0,0,0,0,0,0,0,0,0,0,0,0,0,0,0,0,0,0,0,0,2,0
CCCC[N+]=C=CCCCCC=CC[N+],8.494383964003616,8.494383964003616,0.15673524502393543,0.15673524502393543,0.31568428580931246,10.266666666666667,206.33299999999997,184.15699999999998,206.17720154417998,82,4,1.1333333333333333,1.9333333333333333,2.6666666666666665,2.2593895430561943,3.220916675784155,200.58149257691622,11.192388155425121,9.783332248061177,9.783332248061177,7.414213562373096,5.909922450289938,5.909922450289938,3.506933418459443,3.506933418459443,2.0473733047452862,2.0473733047452862,1.1317950586792866,1.1317950586792866,-0.8500000000000001,14.15,13.15,13.15,93.97456351909318,0.0,0.0,0.0,12.414555469355765,6.544756405912575,5.733667477162185,0.0,0.0,0.0,0.0,12.999757306524504,38.18012822146393,12.49684172975989,4.992404732635669,0.0,5.86979906344319,0.0,10.726072209797854,0.0,45.448666937246685,13.08951281182515,18.228060320501644,0.0,0.0,10.726072209797854,0.0,0.0,0.0,18.95931187526834,0.0,0.0,45.448666937246685,18.228060320501644,0.0,0.0,0.0,36.400000000000006,0.0,0.0,0.0,6.544756405912575,0.0,25.807221274690605,19.26246486877803,6.076020106833881,12.152040213667762,17.785940995769483,5.733667477162185,0.0,0.0,4.155733979924998,0.0,8.494383964003616,2.9642511495338875,0.0,12.654122131922666,3.231508774614835,0.0,0.6923076923076923,15,0,2,0,0,0,0,0,0,0,0,0,1,0,2,0,9,0,0,0,0,0,12.404833333333334,0,2.533500000000001,66.09500000000004,0,0,0,0,0,0,0,0,0,0,0,0,0,0,1,2,0,0,0,0,0,0,0,0,0,0,2,0,0,0,0,0,0,0,0,0,0,0,0,0,0,0,0,0,0,0,0,0,0,0,0,0,0,0,0,0,0,0,0,0,0,0,0,0,0,0,0,0,0,0,0,0,0,0,0,0,0,0,0,0,0,0,0,4,0
C=CCCNON,4.623880385487528,4.623880385487528,0.7222222222222222,0.7222222222222222,0.29720288670056544,8.714285714285714,102.13699999999999,92.057,102.07931294,42,0,1.8571428571428572,2.5714285714285716,3.0,1.690933805959686,2.558780869327957,46.954453363209694,5.535533905932738,4.184269172402757,4.184269172402757,3.414213562373095,2.109876377148447,2.109876377148447,1.0895389666847901,1.0895389666847901,0.5338571184786369,0.5338571184786369,0.21991320281372367,0.21991320281372367,-0.37999999999999995,6.619999999999999,5.620000000000001,5.620000000000001,43.05584944791871,0.0,0.0,0.0,0.0,0.0,0.0,0.0,4.938314213673218,11.377072069398258,6.578935683598497,6.076020106833881,6.4208216229260096,6.544756405912575,0.0,4.938314213673218,0.0,0.0,5.480096598121202,5.896975471277056,6.4208216229260096,6.544756405912575,12.654955790432378,0.0,0.0,11.377072069398258,0.0,0.0,0.0,6.544756405912575,4.938314213673218,0.0,6.4208216229260096,12.654955790432378,0.0,0.0,0.0,47.28,0.0,0.0,0.0,0.0,0.0,12.965578028838586,0.0,6.076020106833881,0.0,22.894321966669974,0.0,0.0,0.0,4.046111111111111,0.0,2.4556944444444446,4.623880385487528,0.0,2.655972222222222,4.218341836734694,0.0,0.5,7,3,3,0,0,0,0,0,0,0,0,0,3,2,3,0,4,0,0,0,0,0,5.314914285714286,0,-0.042599999999999805,28.089099999999995,0,0,0,0,0,0,0,0,0,0,0,0,0,0,0,0,1,1,1,0,0,0,0,0,0,0,0,0,0,0,0,0,0,0,0,0,0,0,0,0,0,0,0,0,0,0,0,0,0,0,0,0,0,0,0,0,0,0,0,0,0,0,0,0,0,0,0,0,0,0,0,0,0,0,0,0,0,0,0,0,0,0,0,0,0
C#CCNCC,4.902083333333334,4.902083333333334,0.6909722222222222,0.6909722222222222,0.371990958438988,7.333333333333333,83.134,74.062,83.073499288,34,0,1.8333333333333333,2.5,2.6666666666666665,1.6143308351592656,2.5438576444484196,51.44900955152481,4.82842712474619,3.9915638315627207,3.9915638315627207,2.914213562373095,2.0564420875611815,2.0564420875611815,0.984454231121842,0.984454231121842,0.47706207261596567,0.47706207261596567,0.1971687836487032,0.1971687836487032,-0.48,5.52,4.519999999999999,3.5199999999999982,38.74810706088329,5.316788604006331,0.0,0.0,0.0,0.0,0.0,0.0,0.0,0.0,6.423349895620259,12.844171518546268,6.544756405912575,0.0,6.544756405912575,0.0,0.0,0.0,5.316788604006331,0.0,6.923737199690624,13.08951281182515,0.0,0.0,12.343784214475903,5.316788604006331,0.0,0.0,0.0,13.08951281182515,0.0,12.343784214475903,6.923737199690624,0.0,0.0,0.0,0.0,12.03,0.0,0.0,0.0,0.0,6.544756405912575,6.544756405912575,0.0,0.0,6.923737199690624,11.237222922861974,6.423349895620259,0.0,0.0,0.0,2.9618055555555554,0.0,2.4575,0.0,4.902083333333334,3.678611111111111,0.0,0.6,6,1,1,0,0,0,0,0,0,0,0,0,1,1,1,0,2,0,0,0,0,0,4.1583999999999985,0,0.22910000000000003,27.37669999999999,0,0,0,0,0,0,0,0,0,0,0,0,0,0,0,0,1,0,0,0,0,0,0,0,0,0,0,0,0,0,0,0,0,0,0,0,0,0,0,0,0,0,0,0,0,0,0,0,0,0,0,0,0,0,0,0,0,0,0,0,0,0,0,0,0,0,0,0,0,0,0,0,0,0,0,0,0,0,1,0,0,0,0,0,0
CC1CCCNCOC1,5.275601851851852,5.275601851851852,0.7404166666666667,0.7404166666666667,0.526150177816661,31.0,129.203,114.08299999999998,129.1153641,54,0,1.5555555555555556,2.4444444444444446,3.3333333333333335,1.7875427503233385,2.124788507254725,67.31640245632484,6.52709773749546,6.021132465586227,6.021132465586227,4.3938468501173515,3.6783039004935256,3.6783039004935256,2.76252861990663,2.76252861990663,1.6569698879460637,1.6569698879460637,1.0633047144060137,1.0633047144060137,-0.08,7.032107623318386,3.854020551508844,2.8206243496357963,56.58647997379488,4.736862953800049,0.0,0.0,0.0,0.0,0.0,5.316788604006331,0.0,0.0,0.0,6.923737199690624,25.304305697925987,0.0,13.337698712012402,4.736862953800049,0.0,0.0,5.316788604006331,5.917906046161393,19.765380445542643,19.882455117924977,0.0,0.0,0.0,5.316788604006331,0.0,0.0,0.0,19.882455117924977,4.736862953800049,5.917906046161393,19.765380445542643,0.0,0.0,0.0,0.0,21.259999999999998,0.0,0.0,0.0,0.0,0.0,25.80036116408637,12.841643245852019,0.0,0.0,12.240525803696954,4.736862953800049,5.275601851851852,0.0,0.0,3.1855555555555553,0.0,0.7565740740740738,0.0,2.5947685185185185,5.020833333333334,0.0,1.0,9,1,2,0,1,1,0,0,0,0,1,0,2,1,2,1,0,0,1,1,0,1,3.0113208111878973,1,0.98,37.219699999999996,0,0,0,0,0,0,0,0,0,0,0,0,0,0,0,0,1,0,0,0,0,0,0,0,0,0,0,0,0,0,0,0,0,0,0,0,0,0,0,0,0,1,0,0,0,0,0,0,0,0,0,0,0,0,0,0,0,0,0,0,0,0,0,0,0,0,0,0,0,0,0,0,0,0,0,0,0,0,0,0,0,0,0,0,0
NC=O,8.583333333333334,8.583333333333334,0.25,0.25,0.35232551302052717,4.0,45.041,42.017,45.021463716,18,0,2.0,2.0,2.0,0.9182958340544894,2.1874960973678963,12.264662506490405,2.7071067811865475,1.5629488288431148,1.5629488288431148,1.4142135623730951,0.5690355937288494,0.5690355937288494,0.1360827634879544,0.1360827634879544,0.0,0.0,0.0,0.0,-0.53,2.4699999999999993,1.4699999999999982,1.4700000000000009,18.240663824886028,5.733667477162185,0.0,0.0,6.410095306116121,0.0,0.0,4.794537184071822,0.0,0.0,0.0,0.0,0.0,0.0,0.0,4.794537184071822,6.410095306116121,0.0,0.0,5.733667477162185,0.0,0.0,0.0,0.0,0.0,5.733667477162185,0.0,0.0,0.0,6.410095306116121,4.794537184071822,0.0,0.0,0.0,0.0,0.0,0.0,43.09,0.0,0.0,0.0,6.410095306116121,0.0,0.0,0.0,0.0,0.0,5.733667477162185,4.794537184071822,0.0,0.0,8.583333333333334,0.0,4.166666666666667,0.0,0.0,0.25,0.0,0.0,0.0,3,2,2,0,0,0,1,0,0,0,0,0,1,1,2,0,0,0,0,0,0,0,1.2102999999999982,0,-0.8985000000000001,10.2514,0,0,0,0,0,0,0,0,0,0,1,1,0,0,0,0,0,1,0,0,0,0,0,0,0,0,0,1,0,0,0,0,0,0,0,0,0,0,0,0,0,0,0,0,0,0,0,0,0,0,0,0,0,0,0,0,0,0,0,0,0,0,0,0,0,0,0,0,0,0,0,1,0,0,0,0,0,0,0,0,0,0,0,0,0
C=CCCC=C=NCCCCCC,4.175130385487528,4.175130385487528,0.935108418367347,0.935108418367347,0.30548180506724043,9.0,179.30699999999996,158.13899999999998,179.167399672,74,0,1.2307692307692308,2.076923076923077,2.769230769230769,2.155710272483118,3.1901523293104925,163.9632901226748,9.778174593052025,8.75876838337159,8.75876838337159,6.414213562373096,5.260361350939766,5.260361350939766,3.1416298464281693,3.1416298464281693,1.821173237507742,1.821173237507742,1.0124706665172978,1.0124706665172978,-0.81,12.19,11.189999999999998,11.19,82.26973070768386,0.0,0.0,0.0,0.0,0.0,0.0,0.0,4.992404732635669,0.0,6.578935683598497,32.26222217530253,31.208284039055098,6.544756405912575,0.0,0.0,5.86979906344319,0.0,0.0,4.992404732635669,45.448666937246685,6.544756405912575,18.73097589726626,0.0,0.0,0.0,0.0,0.0,0.0,12.414555469355765,0.0,0.0,45.448666937246685,23.72338062990193,0.0,0.0,0.0,12.36,0.0,0.0,0.0,0.0,0.0,19.386399651764595,25.683286491704038,0.0,12.152040213667762,24.36487667936798,0.0,0.0,0.0,4.175130385487528,0.0,0.0,2.949331774376417,0.0,11.069748474228993,6.80578936590706,0.0,0.6666666666666666,13,0,1,0,0,0,0,0,0,0,0,0,1,0,1,0,8,0,0,0,0,0,10.49277692307692,0,3.7588000000000035,60.44500000000005,0,0,0,0,0,0,0,0,0,0,0,0,0,0,1,1,0,0,0,0,0,0,0,0,0,0,2,0,0,0,0,0,0,0,0,0,0,0,0,0,0,0,0,0,0,0,0,0,0,0,0,0,0,0,0,0,0,0,0,0,0,0,0,0,0,0,0,0,0,0,0,0,0,0,0,0,0,0,0,0,0,0,0,4,0
CCCCCCN=C=CCCC=C1CCOCC1CCCCC,5.6667152190378705,5.6667152190378705,0.6726966024190324,0.6726966024190324,0.24124752902900806,19.565217391304348,319.53300000000013,282.237,319.287514804,132,0,1.0869565217391304,1.9130434782608696,2.739130434782609,2.578027169958317,2.209965905998387,366.0378592148039,16.58972938092366,15.487007630144369,15.487007630144369,11.380540057561882,9.883970351562704,9.883970351562704,6.649614112166385,6.649614112166385,4.558202368650288,4.558202368650288,3.068317339753502,3.068317339753502,-0.8500000000000001,20.195146726862298,14.72401334825045,10.52224138457312,143.661923813231,4.736862953800049,0.0,0.0,0.0,0.0,0.0,0.0,4.992404732635669,0.0,0.0,64.02152877384046,44.04992728490711,12.462662452073968,13.213763929025836,4.736862953800049,5.86979906344319,0.0,0.0,10.910310778797061,84.47651225156737,19.75852033493841,17.72514474373703,0.0,0.0,0.0,0.0,0.0,0.0,25.628319398381603,4.736862953800049,5.917906046161393,84.47651225156737,22.717549476372696,0.0,0.0,0.0,21.59,0.0,0.0,0.0,0.0,5.917906046161393,39.020985203716435,51.36657298340809,5.573104530069267,0.0,36.86171840912787,4.736862953800049,5.6667152190378705,0.0,4.346106512708349,0.0,1.636349494570059,3.7718947859394563,0.0,18.28675847288336,7.292175514860906,0.0,0.8095238095238095,23,0,2,0,1,1,0,0,0,0,1,0,2,0,2,1,12,0,1,1,0,1,12.928417825052039,1,6.116000000000007,101.39900000000007,0,0,0,0,0,0,0,0,0,0,0,0,0,0,1,1,0,0,0,0,0,0,0,0,0,0,2,0,0,0,0,0,0,0,0,0,0,0,0,0,0,1,0,0,0,0,0,0,0,0,0,0,0,0,0,0,0,0,0,0,0,0,0,0,0,0,0,0,0,0,0,0,0,0,0,0,0,0,0,0,0,0,0,6,0
C=C(O)NSC1=CC=C1,8.543160430839002,8.543160430839002,0.012777777777777777,-0.012777777777777777,0.4632517814577895,14.0,141.195,134.13899999999998,141.024834844,48,0,1.7777777777777777,2.4444444444444446,2.7777777777777777,1.5998182365478808,2.125996305319997,183.4968817653618,6.69023444431199,4.794619474719246,5.611116055646972,4.287693700234704,2.4794254146634085,3.2959219955911347,1.5789704725373683,2.458623283792263,0.807677439560913,1.6532319597632377,0.36066557689336604,0.8895466409502226,-0.8300000000000001,6.292399020807833,2.6390497530187402,1.852927112248124,58.09190482152839,5.106527394840706,0.0,5.883099654642741,0.0,0.0,0.0,4.722094864452088,0.0,0.0,0.0,6.076020106833881,30.678898863647454,4.905136513890047,0.0,5.106527394840706,11.947922966381196,0.0,4.722094864452088,0.0,0.0,0.0,35.595232172632926,0.0,0.0,4.722094864452088,0.0,0.0,11.947922966381196,5.106527394840706,0.0,0.0,0.0,35.595232172632926,0.0,0.0,0.0,32.26,0.0,0.0,0.0,5.883099654642741,0.0,4.905136513890047,11.947922966381196,0.0,18.228060320501644,11.301030548050585,5.106527394840706,2.605648148148148,1.3460648148148144,1.1020370370370371,8.543160430839002,0.0,-0.012777777777777777,0.0,5.824764739229025,3.2577692743764173,0.0,0.0,9,2,2,1,0,1,0,0,0,0,0,0,3,2,3,0,3,0,0,0,0,0,1.8451060090842526,1,1.7070999999999998,39.718500000000006,0,1,1,0,0,0,0,0,0,0,0,0,0,0,0,0,1,0,0,0,0,0,0,0,0,0,3,0,0,0,0,0,0,0,0,0,0,0,0,0,0,0,0,0,0,0,0,0,0,0,0,0,0,0,0,0,0,0,0,0,0,0,0,0,0,0,0,0,0,0,0,0,0,0,0,0,0,0,0,0,0,0,0,0,0
C=CCCCC,3.5981944444444443,3.5981944444444443,1.1770833333333335,1.1770833333333335,0.36350557388151317,8.166666666666666,84.16199999999999,72.06599999999999,84.093900384,36,0,1.6666666666666667,2.3333333333333335,2.5,1.6143308351592656,2.488403771876112,29.01955000865387,4.82842712474619,4.405777393935816,4.405777393935816,2.914213562373095,2.5236033621142733,2.5236033621142733,1.4309036597828992,1.4309036597828992,0.7618016810571366,0.7618016810571366,0.3484617125293379,0.3484617125293379,-0.26,5.740000000000001,4.74,3.7400000000000007,39.874358567628335,0.0,0.0,0.0,0.0,0.0,0.0,0.0,0.0,0.0,6.578935683598497,25.841400552376523,6.4208216229260096,0.0,0.0,0.0,0.0,0.0,0.0,0.0,26.186202068468653,0.0,12.654955790432378,0.0,0.0,0.0,0.0,0.0,0.0,0.0,0.0,0.0,26.186202068468653,12.654955790432378,0.0,0.0,0.0,0.0,0.0,0.0,0.0,0.0,0.0,0.0,19.26246486877803,0.0,6.076020106833881,13.502672883289122,0.0,0.0,0.0,0.0,0.0,0.0,0.0,0.0,5.717777777777778,5.782222222222222,0.0,0.6666666666666666,6,0,0,0,0,0,0,0,0,0,0,0,0,0,0,0,3,0,0,0,0,0,4.534600000000001,0,2.3626000000000005,29.721999999999984,0,0,0,0,0,0,0,0,0,0,0,0,0,0,0,0,0,0,0,0,0,0,0,0,0,0,1,0,0,0,0,0,0,0,0,0,0,0,0,0,0,0,0,0,0,0,0,0,0,0,0,0,0,0,0,0,0,0,0,0,0,0,0,0,0,0,0,0,0,0,0,0,0,0,0,0,0,0,0,0,0,0,0,2,0
OCC=CCCI,8.203628117913832,8.203628117913832,0.17722222222222217,0.17722222222222217,0.42507150673139643,10.571428571428571,212.03000000000003,202.95799999999997,211.969812908,42,0,1.4285714285714286,2.142857142857143,2.5714285714285716,1.690933805959686,2.7771492902446893,52.041843979966416,5.535533905932738,4.101198950448079,6.258697241624401,3.414213562373095,2.2333189221903216,3.7589005942794875,1.1316360777255134,2.2103852233136747,0.5478515337902755,1.1706676433836791,0.2553808082826221,0.6149638568120092,0.42999999999999994,7.43,6.43,6.43,57.56548832647137,5.106527394840706,0.0,0.0,0.0,0.0,0.0,0.0,0.0,0.0,0.0,34.74291084073582,6.4208216229260096,4.42755240229441,6.606881964512918,5.106527394840706,22.590870627068057,0.0,0.0,0.0,6.4208216229260096,11.034434366807329,12.152040213667762,0.0,0.0,0.0,0.0,0.0,22.590870627068057,16.140961761648033,0.0,0.0,6.4208216229260096,12.152040213667762,0.0,0.0,0.0,20.23,0.0,0.0,0.0,6.606881964512918,0.0,10.84837402522042,0.0,6.076020106833881,6.076020106833881,22.590870627068057,5.106527394840706,1.1331944444444444,2.2942274376417235,0.0,8.203628117913832,0.0,0.0,0.0,4.811727777777778,0.17722222222222217,0.0,0.6,7,1,1,0,0,0,0,0,0,0,0,0,1,1,2,0,3,0,0,0,0,0,6.824985714285714,0,1.36,39.72980000000001,0,1,1,0,0,0,0,0,0,0,0,0,0,0,0,0,0,0,0,0,0,0,0,0,0,1,1,0,0,0,0,0,0,0,0,0,0,0,0,0,0,0,0,0,1,0,0,0,0,0,0,0,0,0,0,0,0,0,0,0,0,0,0,0,0,0,0,0,0,0,0,0,0,0,0,0,0,0,0,0,0,0,0,0,0
C=CCCC1=CN1CC,3.665542800453515,3.665542800453515,1.113425925925926,1.113425925925926,0.5173850944257794,15.222222222222221,123.19899999999998,110.09499999999998,123.10479941599999,50,0,1.7777777777777777,2.5555555555555554,3.0,2.619101468149659,2.0439570159436182,135.50306161549236,6.69023444431199,5.930341258625399,5.930341258625399,4.3805400575618805,3.463865340816338,3.463865340816338,2.23380246691103,2.23380246691103,1.5513419629638892,1.5513419629638892,0.9034971974158645,0.9034971974158645,-0.72,6.400772946859902,2.7168423443201255,1.5950746944318694,56.66864228091144,4.899909730850478,0.0,0.0,0.0,0.0,0.0,0.0,0.0,0.0,6.578935683598497,6.076020106833881,19.765380445542643,18.44175060878886,0.0,0.0,0.0,0.0,4.899909730850478,0.0,19.765380445542643,6.544756405912575,24.55194999330866,0.0,0.0,0.0,0.0,0.0,0.0,11.444666136763054,0.0,0.0,19.765380445542643,24.55194999330866,0.0,0.0,0.0,3.01,0.0,0.0,0.0,0.0,0.0,12.965578028838586,12.117860935981842,0.0,6.076020106833881,24.602537503960047,0.0,0.0,0.0,2.267361111111111,0.0,1.483703703703704,0.0,0.0,6.454537037037037,6.961064814814815,0.0,0.5,9,0,1,0,1,1,0,0,0,0,0,0,1,0,1,1,4,0,0,0,0,0,1.932210108711966,1,2.1295,39.894000000000005,0,0,0,0,0,0,0,0,0,0,0,0,0,0,0,1,0,0,0,0,0,0,0,0,0,0,2,0,0,0,0,0,0,0,0,0,0,0,0,0,0,0,0,0,0,0,0,0,0,0,0,0,0,0,0,0,0,0,0,0,0,0,0,0,0,0,0,0,0,0,0,0,0,0,0,0,0,0,0,0,0,0,0,0,0
CCCC(C)CC,2.3090277777777777,2.3090277777777777,0.949074074074074,0.949074074074074,0.5112703489666591,14.142857142857142,100.205,84.07699999999998,100.12520051199999,44,0,1.2857142857142858,1.8571428571428572,2.0,1.679822907155627,2.8318199660707846,31.019550008653873,5.698670612749268,5.698670612749268,5.698670612749268,3.308060412490447,3.308060412490447,3.308060412490447,2.3020951405812147,2.3020951405812147,1.478397839480233,1.478397839480233,0.6969234250586758,0.6969234250586758,0.0,7.0,4.166666666666667,3.84,46.92890371420919,0.0,0.0,0.0,0.0,0.0,0.0,0.0,0.0,0.0,0.0,40.0336764678499,5.917906046161393,0.0,0.0,0.0,0.0,0.0,0.0,5.917906046161393,40.0336764678499,0.0,0.0,0.0,0.0,0.0,0.0,0.0,0.0,0.0,0.0,5.917906046161393,40.0336764678499,0.0,0.0,0.0,0.0,0.0,0.0,0.0,0.0,0.0,0.0,5.917906046161393,19.26246486877803,0.0,0.0,20.771211599071872,0.0,0.0,0.0,0.0,0.0,0.0,0.949074074074074,0.0,4.082685185185185,6.8015740740740736,0.0,1.0,7,0,0,0,0,0,0,0,0,0,1,0,0,0,0,0,3,0,0,0,0,1,4.166666666666667,0,2.832600000000001,34.362999999999985,0,0,0,0,0,0,0,0,0,0,0,0,0,0,0,0,0,0,0,0,0,0,0,0,0,0,0,0,0,0,0,0,0,0,0,0,0,0,0,0,0,0,0,0,0,0,0,0,0,0,0,0,0,0,0,0,0,0,0,0,0,0,0,0,0,0,0,0,0,0,0,0,0,0,0,0,0,0,0,0,0,0,0,0,0
NC=CCCCC#CCN,5.161822877299068,5.161822877299068,0.46500810972537154,0.46500810972537154,0.44277232325626487,9.3,138.214,124.10199999999998,138.115698448,56,0,1.3,2.1,2.7,1.9671544718900458,3.0447476028800704,139.07191849430646,7.6568542494923815,6.1378282015046945,6.1378282015046945,4.914213562373096,3.4402700287809402,3.4402700287809402,1.8780584111386833,1.8780584111386833,1.035712343299155,1.035712343299155,0.5650837266240014,0.5650837266240014,-0.9400000000000001,9.059999999999999,8.060000000000002,7.060000000000002,62.28324958230623,11.46733495432437,0.0,0.0,0.0,0.0,0.0,0.0,0.0,0.0,5.920434318855644,11.996454425689524,19.041598135672466,6.4208216229260096,6.544756405912575,0.0,0.0,0.0,0.0,11.46733495432437,19.26246486877803,6.544756405912575,12.27597499665433,0.0,11.840868637711289,11.46733495432437,0.0,0.0,0.0,6.544756405912575,0.0,11.840868637711289,19.26246486877803,12.27597499665433,0.0,0.0,0.0,52.04,0.0,0.0,0.0,0.0,6.544756405912575,19.26246486877803,0.0,6.199954889820448,6.076020106833881,11.840868637711289,11.46733495432437,0.0,0.0,0.0,0.0,10.294653486394559,5.741848781179138,0.0,6.498489622700933,0.46500810972537154,0.0,0.5,10,4,2,0,0,0,0,0,0,0,0,0,2,2,2,0,3,0,0,0,0,0,7.302360000000002,0,0.5912000000000001,44.00880000000002,0,0,0,0,0,0,0,0,0,0,0,0,0,0,0,0,0,2,0,0,0,0,0,0,0,0,1,0,0,0,0,0,0,0,0,0,0,0,0,0,0,0,0,0,0,0,0,0,0,0,0,0,0,0,0,0,0,0,0,0,0,0,0,0,0,0,0,0,0,0,0,0,0,0,0,0,0,0,0,0,0,0,0,2,0
C#[SH](C)C=CN,5.300925925925926,5.300925925925926,0.40612139917695456,-0.40612139917695456,0.4321662374012169,15.333333333333334,103.19,94.118,103.045570288,36,0,1.8333333333333333,2.3333333333333335,2.3333333333333335,1.3485878960124225,3.4072135267978085,106.4518303660921,4.99156383156272,3.756614672258461,4.651041863258378,2.770055610029662,1.6302780416609473,3.557500791649508,1.0069902662241697,2.636070619212759,0.32120379166476015,0.9636113749942806,0.13575669608238242,0.40727008824714733,-0.33000000000000007,5.670000000000001,2.884132762312634,3.67,40.41496000329218,5.733667477162185,0.0,0.0,0.0,0.0,0.0,0.0,0.0,10.302700130437048,5.687491383959182,0.0,17.863776163986515,0.0,0.0,0.0,10.302700130437048,0.0,0.0,5.733667477162185,0.0,6.255769183511404,11.60800698047511,0.0,5.687491383959182,5.733667477162185,0.0,0.0,10.302700130437048,6.255769183511404,0.0,5.687491383959182,0.0,11.60800698047511,0.0,0.0,0.0,26.02,10.302700130437048,0.0,0.0,0.0,0.0,0.0,6.199954889820448,5.408052090654662,6.255769183511404,0.0,11.421158861121366,0.0,0.0,0.0,1.787037037037037,10.286018518518517,0.0,0.0,3.4071399176954733,0.0,-0.40612139917695456,0.25,6,2,1,0,0,0,0,0,0,0,1,0,1,2,2,0,0,0,0,0,0,1,2.7255054603854396,0,0.6363000000000001,33.18239999999999,0,0,0,0,0,0,0,0,0,0,0,0,0,0,0,0,0,1,0,0,0,0,1,0,0,0,0,0,0,0,0,0,0,0,0,0,0,0,0,0,0,0,0,0,0,0,0,0,0,0,0,0,0,0,0,0,0,0,0,0,0,0,0,0,0,0,0,0,0,0,0,0,0,0,0,0,0,0,0,0,0,0,0,0,0
C=N,5.5,5.5,2.5,2.5,0.36886994355399855,2.0,29.041999999999998,26.018,29.026549095999997,12,0,1.5,1.5,1.5,1.0,2.0,2.0,2.0,1.2071067811865475,1.2071067811865475,1.0,0.35355339059327373,0.35355339059327373,0.0,0.0,0.0,0.0,0.0,0.0,-0.33,1.6699999999999997,0.6700000000000002,-5.360303030303031,13.424602027094346,5.409283605791522,0.0,0.0,0.0,0.0,0.0,0.0,0.0,0.0,0.0,0.0,6.717516156299933,0.0,0.0,0.0,6.717516156299933,5.409283605791522,0.0,0.0,0.0,0.0,0.0,0.0,0.0,0.0,0.0,0.0,0.0,6.717516156299933,0.0,5.409283605791522,0.0,0.0,0.0,0.0,0.0,23.85,0.0,0.0,0.0,0.0,0.0,0.0,0.0,0.0,0.0,6.717516156299933,5.409283605791522,0.0,0.0,0.0,5.5,0.0,0.0,0.0,0.0,2.5,0.0,0.0,2,1,1,0,0,0,0,0,0,0,0,0,1,1,1,0,0,0,0,0,0,0,0.55945,0,0.26577,9.8407,0,0,0,0,0,0,0,0,0,0,0,0,0,0,0,0,1,0,0,0,0,0,0,0,0,0,0,0,0,0,0,0,0,0,0,0,0,0,0,0,0,0,0,0,0,0,0,0,0,0,0,0,0,0,0,0,0,0,0,0,0,0,0,0,0,0,0,0,0,0,0,0,0,0,0,0,0,0,0,0,0,0,0,0,0
CCCCCC=C[N+]CCC,4.206931689342404,4.206931689342404,0.9764660493827161,0.9764660493827161,0.5002428572297658,11.090909090909092,154.277,134.117,154.15902606008999,64,2,1.0909090909090908,1.9090909090909092,2.5454545454545454,2.0339309928768716,2.9108650912750687,86.8735668734444,8.36396103067893,7.844554820998496,7.844554820998496,5.414213562373096,4.73022184193429,4.73022184193429,2.786736358261896,2.786736358261896,1.5378689557933234,1.5378689557933234,0.8648949401187238,0.8648949401187238,-0.3,10.7,9.700000000000001,9.699999999999996,70.8839892088228,0.0,0.0,6.544756405912575,6.199954889820448,0.0,0.0,0.0,0.0,0.0,0.0,26.689117645233267,18.9176633526859,6.4208216229260096,5.316788604006331,0.0,0.0,0.0,5.316788604006331,0.0,45.95158251401129,6.544756405912575,12.27597499665433,0.0,0.0,5.316788604006331,0.0,0.0,0.0,6.544756405912575,0.0,0.0,45.95158251401129,12.27597499665433,0.0,0.0,0.0,14.100000000000001,0.0,0.0,0.0,0.0,0.0,12.965578028838586,25.683286491704038,0.0,6.199954889820448,25.24028311022146,0.0,0.0,0.0,0.0,4.206931689342404,0.0,0.0,0.0,10.44200388951877,5.351064421138826,0.0,0.8,11,0,1,0,0,0,0,0,0,0,0,0,0,0,1,0,7,0,0,0,0,0,9.435454545454546,0,3.094800000000002,50.574000000000034,0,0,0,0,0,0,0,0,0,0,0,0,0,0,0,1,0,0,0,0,0,0,0,0,0,0,1,0,0,0,0,0,0,0,0,0,0,0,0,0,0,0,0,0,0,0,0,0,0,0,0,0,0,0,0,0,0,0,0,0,0,0,0,0,0,0,0,0,0,0,0,0,0,0,0,0,0,0,0,0,0,0,0,3,0
CCC=CCB=CC1=CNO1,4.837464096749811,4.837464096749811,0.8980541383219955,0.8980541383219955,0.5130864867724758,11.363636363636363,149.00199999999998,136.90599999999998,149.10119440399998,58,0,1.6363636363636365,2.4545454545454546,3.0,1.9268120529036845,2.142181894635837,225.18578397933055,7.9413112998685556,6.709213198785088,6.709213198785088,5.431851652578136,3.872792013493106,3.872792013493106,2.284343695885906,2.284343695885906,1.3346131696724919,1.3346131696724919,0.7347545777311797,0.7347545777311797,-0.9850649350649352,8.11478593700924,4.773080254372949,3.0730318209240037,67.16110429145459,0.0,0.0,0.0,0.0,0.0,66.34082233411455,0.0,0.0,0.0,0.0,0.0,0.0,0.0,0.0,4.523094936973348,12.887200721599992,0.0,5.156663257125445,0.0,19.664732214260482,0.0,24.10913120415528,0.0,0.0,0.0,0.0,0.0,0.0,18.043863978725437,0.0,0.0,19.104806241491076,22.871978722254187,6.320173391643847,0.0,0.0,28.93,0.0,0.0,0.0,0.0,0.0,18.501242433444297,0.0,0.0,12.163001361942342,31.153483601754555,4.523094936973348,4.837464096749811,0.0,0.0,2.5819826310153693,0.0,2.8529152494331065,0.0,8.199327837616528,4.194976851851852,0.0,0.375,11,1,2,0,0,0,0,0,1,1,0,0,1,1,3,1,4,0,0,0,0,0,3.5211385931274624,1,1.8467,48.21670000000002,0,0,0,0,0,1,1,0,0,0,0,0,0,0,0,0,1,0,0,0,0,1,0,0,0,0,2,0,0,0,0,0,0,0,0,0,0,0,0,0,0,0,0,0,0,0,0,0,0,0,0,0,0,0,0,0,0,0,0,0,0,0,0,0,0,0,0,0,0,0,0,0,0,0,0,0,0,0,0,0,0,0,0,0,0
SNCCNC=CC=C=C1C=CNC1,3.870963947724109,3.870963947724109,0.8382068058704963,0.8382068058704963,0.2331966466281442,14.214285714285714,209.318,194.19799999999998,209.09866848,76,0,1.5714285714285714,2.5,3.2142857142857144,2.6919722502540946,2.1813463300975533,275.0916981751685,10.0626316434282,7.955285285007731,8.849712476007648,6.931851652578137,4.542520898502326,4.989734494002285,2.7718316002888423,3.0880593663056803,1.6550523453250943,1.878659143075073,0.9691774177692898,1.0809808166442794,-1.09,10.98745933384973,7.32667627104716,4.819664110304572,90.19951749998711,10.633577208012662,0.0,0.0,0.0,0.0,0.0,4.722094864452088,0.0,0.0,5.731218590741754,12.814827165003074,30.62797010014254,25.207373747806994,0.0,0.0,12.814827165003074,0.0,15.355672072464749,0.0,0.0,19.634269217737724,41.93229322095356,0.0,0.0,15.355672072464749,0.0,0.0,12.814827165003074,19.634269217737724,0.0,0.0,0.0,41.93229322095356,0.0,0.0,0.0,36.089999999999996,0.0,0.0,0.0,0.0,0.0,19.634269217737724,5.573104530069267,0.0,30.62797010014254,33.90171782820958,0.0,2.7540688233256776,3.870963947724109,0.0,6.190172036407155,4.330172263864394,0.0,0.0,9.662039906642178,2.581471910925374,0.0,0.3,14,3,3,0,1,1,0,0,0,0,0,0,4,4,4,1,5,0,0,0,0,0,5.750111255743747,1,0.7225,62.87010000000001,0,0,0,0,0,0,0,0,0,0,0,0,0,0,0,0,3,0,0,0,0,0,1,0,0,0,1,0,0,0,0,0,0,0,0,0,0,0,0,0,0,0,0,0,0,0,0,0,0,0,0,0,0,0,0,0,0,0,0,0,0,0,0,0,0,0,0,0,0,0,0,0,0,0,0,0,0,0,0,0,0,0,0,0,0
O=CC=CC=CCCC1CCCCCOC1,10.018399123016625,10.018399123016625,0.7222227471235405,0.7222227471235405,0.40516777880067634,23.375,222.32799999999992,200.15199999999996,222.161979944,90,0,1.125,2.0625,2.9375,2.2516769024800083,2.1176830546548104,222.8898405799298,11.476845205801295,9.937452445557863,9.937452445557863,7.931851652578136,6.279379024773928,6.279379024773928,4.316761229552323,4.316761229552323,2.9330549905230927,2.9330549905230927,1.9911484977147,1.9911484977147,-0.8900000000000001,13.176181336863003,9.344182592442321,6.567362047957981,98.37352862663839,4.736862953800049,6.286160523129555,0.0,0.0,0.0,0.0,4.794537184071822,0.0,0.0,0.0,31.069703566353663,37.67721264469931,13.213763929025836,0.0,9.53140013787187,6.286160523129555,0.0,0.0,5.917906046161393,38.524929737556064,13.213763929025836,24.304080427335524,0.0,0.0,0.0,0.0,0.0,0.0,19.49992445215539,9.53140013787187,5.917906046161393,38.524929737556064,24.304080427335524,0.0,0.0,0.0,26.3,0.0,4.794537184071822,0.0,0.0,0.0,31.838652121242795,38.18012822146393,6.076020106833881,6.076020106833881,6.076020106833881,4.736862953800049,5.598272273211396,0.0,10.018399123016625,0.0,0.0,0.7222227471235405,0.0,15.626950263664385,1.8674889263173895,0.0,0.6428571428571429,16,0,2,0,1,1,0,0,0,0,1,0,2,0,2,1,5,0,1,1,0,1,7.695040267673666,1,3.2847000000000017,66.35500000000005,0,0,0,0,0,0,0,0,0,0,1,1,0,0,0,0,0,0,0,0,0,0,0,1,0,0,4,0,0,0,0,0,0,0,0,0,0,0,0,0,0,1,0,0,0,0,0,0,0,0,0,0,0,0,0,0,0,0,0,0,0,0,0,0,0,0,0,0,0,0,0,0,0,0,0,0,0,0,0,0,0,0,0,0,0
CCC=O,9.17361111111111,9.17361111111111,0.6388888888888888,0.6388888888888888,0.40325990291792796,6.25,58.08,52.032000000000004,58.041864812,24,0,2.0,2.25,2.25,1.370950594454669,2.2968352619191386,17.24511249783653,3.414213562373095,2.6927053408400363,2.6927053408400363,1.914213562373095,1.3510573320459265,1.3510573320459265,0.5749149571305296,0.5749149571305296,0.16666666666666669,0.16666666666666669,0.0,0.0,-0.33,3.67,2.67,1.6699999999999997,25.630657356666532,4.794537184071822,6.286160523129555,0.0,0.0,0.0,0.0,0.0,0.0,0.0,0.0,6.923737199690624,0.0,6.4208216229260096,0.0,4.794537184071822,6.286160523129555,0.0,0.0,0.0,13.344558822616634,0.0,0.0,0.0,0.0,0.0,0.0,0.0,0.0,6.286160523129555,4.794537184071822,0.0,13.344558822616634,0.0,0.0,0.0,0.0,17.07,0.0,4.794537184071822,0.0,0.0,6.4208216229260096,6.286160523129555,0.0,0.0,6.923737199690624,0.0,0.0,0.0,0.0,9.17361111111111,0.0,0.0,0.0,0.0,1.5138888888888888,1.8125,0.0,0.6666666666666666,4,0,1,0,0,0,0,0,0,0,0,0,1,0,1,0,1,0,0,0,0,0,2.449725,0,0.5952999999999999,16.355,0,0,0,0,0,0,0,0,0,0,1,1,0,0,0,0,0,0,0,0,0,0,0,1,0,0,0,0,0,0,0,0,0,0,0,0,0,0,0,0,0,0,0,0,0,0,0,0,0,0,0,0,0,0,0,0,0,0,0,0,0,0,0,0,0,0,0,0,0,0,0,0,0,0,0,0,0,0,0,0,0,0,0,0,0
CNC,2.75,2.75,1.875,1.875,0.39867093981547674,6.0,45.085,38.028999999999996,45.057849223999995,20,0,1.3333333333333333,1.3333333333333333,1.3333333333333333,0.9182958340544894,1.6329931618554523,2.7548875021634682,2.7071067811865475,2.5,2.5,1.4142135623730951,1.0,1.0,0.5,0.5,0.0,0.0,0.0,0.0,-0.04,2.9600000000000004,1.96,1.9600000000000033,20.6540553258342,5.316788604006331,0.0,0.0,0.0,0.0,0.0,0.0,0.0,0.0,0.0,0.0,14.09534396535438,0.0,0.0,0.0,0.0,0.0,5.316788604006331,0.0,0.0,14.09534396535438,0.0,0.0,0.0,5.316788604006331,0.0,0.0,0.0,14.09534396535438,0.0,0.0,0.0,0.0,0.0,0.0,0.0,12.03,0.0,0.0,0.0,0.0,0.0,0.0,0.0,0.0,14.09534396535438,5.316788604006331,0.0,0.0,0.0,0.0,2.75,0.0,0.0,0.0,0.0,0.0,3.75,1.0,3,1,1,0,0,0,0,0,0,0,0,0,1,1,1,0,0,0,0,0,0,0,1.9338666666666668,0,-0.1644000000000001,14.983700000000002,0,0,0,0,0,0,0,0,0,0,0,0,0,0,0,0,1,0,0,0,0,0,0,0,0,0,0,0,0,0,0,0,0,0,0,0,0,0,0,0,0,0,0,0,0,0,0,0,0,0,0,0,0,0,0,0,0,0,0,0,0,0,0,0,0,0,0,0,0,0,0,0,0,0,0,0,0,0,0,0,0,0,0,0,0
CC1C#CC1,2.9583333333333335,2.9583333333333335,0.7037037037037035,0.7037037037037035,0.3703541093257844,30.2,66.103,60.05499999999999,66.046950192,26,0,1.8,2.2,2.2,1.2987949406953987,2.5211248062314833,81.946770165178,3.698670612749268,3.284457050376173,3.284457050376173,2.393846850117352,1.8778270848415755,1.8778270848415755,1.4262859781165824,1.4262859781165824,0.7567100029932011,0.7567100029932011,0.30618621784789724,0.30618621784789724,-0.44,2.7792982456140343,0.7547104187153872,0.2802525749184823,32.19241372374602,0.0,0.0,0.0,0.0,0.0,0.0,0.0,0.0,0.0,5.920434318855644,12.844171518546268,0.0,12.338727669087403,0.0,0.0,0.0,0.0,0.0,5.917906046161393,13.344558822616634,0.0,0.0,0.0,11.840868637711289,0.0,0.0,0.0,0.0,0.0,0.0,17.75877468387268,13.344558822616634,0.0,0.0,0.0,0.0,0.0,0.0,0.0,0.0,0.0,5.917906046161393,6.4208216229260096,0.0,0.0,0.0,18.764605837401913,0.0,0.0,0.0,0.0,0.0,0.0,6.572916666666667,0.0,1.125,2.1354166666666665,0.0,0.6,5,0,0,1,0,1,0,0,0,0,1,0,0,0,0,0,0,0,0,0,0,1,0.4195130685364618,1,1.0296,21.55699999999999,0,0,0,0,0,0,0,0,0,0,0,0,0,0,0,0,0,0,0,0,0,0,0,0,0,0,0,0,0,0,0,0,0,0,0,0,0,0,0,0,0,0,0,0,0,0,0,0,0,0,0,0,0,0,0,0,0,0,0,0,0,0,0,0,0,0,0,0,0,0,0,0,0,0,0,0,0,0,0,0,0,0,0,0,0
CNN1CO1,4.579861111111111,4.579861111111111,0.7326388888888888,0.7326388888888888,0.41769882100967853,34.2,74.083,68.035,74.048012812,30,0,2.0,2.6,2.6,2.1209520310264027,1.9989394851788977,34.62919048309069,3.698670612749268,3.0625686671503685,3.0625686671503685,2.431851652578137,1.511083884196685,1.511083884196685,0.8603061082966672,0.8603061082966672,0.5075998656731078,0.5075998656731078,0.15796695833306185,0.15796695833306185,-0.12,3.0849180327868857,0.9308121615993337,0.5758478903520559,30.445777591728174,0.0,0.0,6.730816747499484,0.0,0.0,0.0,4.8375885837366335,5.425791397110385,0.0,0.0,5.172220518069403,0.0,7.04767198267719,0.0,4.8375885837366335,0.0,0.0,10.598011915179788,0.0,0.0,13.778488730176674,0.0,0.0,0.0,5.425791397110385,0.0,0.0,0.0,18.950709248246078,4.8375885837366335,0.0,0.0,0.0,0.0,0.0,0.0,27.57,0.0,0.0,0.0,0.0,0.0,6.730816747499484,0.0,5.172220518069403,7.04767198267719,10.263379980847018,0.0,0.0,0.0,4.579861111111111,1.625,2.75,0.0,0.0,0.0,0.7326388888888888,1.8125,1.0,5,1,3,0,1,1,0,0,0,0,1,0,3,1,3,1,1,0,1,1,0,1,0.5742958444910251,1,-0.6745000000000001,16.850700000000003,0,0,0,0,0,0,0,0,0,0,0,0,0,0,0,1,1,0,1,0,0,0,0,0,0,0,0,0,0,0,0,0,0,0,0,0,0,0,0,0,0,0,0,0,0,1,0,0,0,0,0,0,0,0,0,0,0,0,0,0,0,0,0,0,0,0,0,0,0,0,0,0,0,0,0,0,0,0,0,0,0,0,0,0,0
CCCCCCCCC#N,8.218954790249434,8.218954790249434,0.7421875,0.7421875,0.5180106473397696,9.2,139.242,122.10599999999998,139.136099544,58,0,1.0,1.6,2.2,1.9671544718900458,2.723360598747554,91.39161360323428,7.6568542494923815,6.896961063805792,6.896961063805792,4.914213562373096,4.2842669695298,4.2842669695298,2.6758808359747874,2.6758808359747874,1.6421334847648996,1.6421334847648996,0.9843870273941198,0.9843870273941198,-0.51,9.490000000000002,8.49,7.49,64.05136762447114,0.0,0.0,0.0,0.0,0.0,0.0,0.0,0.0,5.261891554738487,0.0,39.02784531432067,6.4208216229260096,6.4208216229260096,6.069221312792274,0.0,0.0,5.261891554738487,0.0,0.0,51.8694885601727,0.0,0.0,0.0,6.069221312792274,0.0,0.0,0.0,0.0,0.0,0.0,11.33111286753076,51.8694885601727,0.0,0.0,0.0,0.0,23.79,0.0,0.0,0.0,0.0,0.0,12.841643245852019,32.10410811463005,0.0,0.0,12.992958512482897,5.261891554738487,0.0,0.0,0.0,8.218954790249434,0.0,0.0,2.1585948916603677,8.404912131519275,2.2175381865709247,0.0,0.8888888888888888,10,0,1,0,0,0,0,0,0,0,0,0,1,0,1,0,6,0,0,0,0,0,8.057010000000002,0,3.260580000000002,43.606000000000016,0,0,0,0,0,0,0,0,0,0,0,0,0,0,0,1,0,0,0,0,0,0,0,0,0,0,0,0,0,0,0,0,0,0,0,0,0,0,0,0,0,0,0,0,0,0,0,0,0,0,0,0,0,0,0,0,0,1,0,0,0,0,0,0,0,0,0,0,0,0,0,0,0,0,0,0,0,0,0,0,0,0,0,6,0
C#CCCC(C)NCCCCC,5.17539269798063,5.17539269798063,0.5813945578231291,0.5813945578231291,0.4537206831981316,12.416666666666666,167.29599999999996,146.128,167.167399672,70,0,1.4166666666666667,2.1666666666666665,2.75,2.089132285464695,3.0895010728811596,123.45602719931667,9.234204518682008,8.397341225498538,8.397341225498538,5.808060412490447,4.9771623912162095,4.9771623912162095,3.30507777653583,3.30507777653583,1.994817202203687,1.994817202203687,1.1253634694247465,1.1253634694247465,-0.48,11.520000000000001,8.615057034220532,7.625042016806723,76.93775974726294,5.316788604006331,0.0,0.0,0.0,0.0,0.0,0.0,0.0,0.0,12.343784214475903,19.765380445542643,26.31013685145522,12.462662452073971,0.0,0.0,0.0,0.0,5.316788604006331,0.0,51.993423343159265,6.544756405912575,0.0,0.0,12.343784214475903,5.316788604006331,0.0,0.0,0.0,12.586597235060536,0.0,12.343784214475903,45.95158251401129,0.0,0.0,0.0,0.0,12.03,0.0,0.0,0.0,0.0,6.041840829147961,19.386399651764595,19.26246486877803,0.0,0.0,25.084697322243223,6.423349895620259,0.0,0.0,0.0,3.456666666666667,0.0,2.6601843978332074,0.5813945578231291,11.074934774070325,5.560152936940003,0.0,0.8181818181818182,12,1,1,0,0,0,0,0,0,0,1,0,1,1,1,0,7,0,0,0,0,1,8.270454752851712,0,2.568100000000001,55.05670000000004,0,0,0,0,0,0,0,0,0,0,0,0,0,0,0,0,1,0,0,0,0,0,0,0,0,0,0,0,0,0,0,0,0,0,0,0,0,0,0,0,0,0,0,0,0,0,0,0,0,0,0,0,0,0,0,0,0,0,0,0,0,0,0,0,0,0,0,0,0,0,0,0,0,0,0,0,0,0,1,0,0,0,0,2,0
CCCCC=NC(C)CNCCCCCNCCC,4.53185433961689,4.53185433961689,0.41951573537026265,0.41951573537026265,0.37446386743023197,13.210526315789474,269.4769999999999,234.19699999999997,269.28309812,114,0,0.8947368421052632,1.631578947368421,2.3157894736842106,2.416535627801227,3.177655049219304,192.4330670099726,14.183951986987843,13.380088726931236,13.380088726931236,9.308060412490446,8.238671754357865,8.238671754357865,5.33767959258096,5.33767959258096,3.1202989718067142,3.1202989718067142,1.8920990726013,1.8920990726013,-0.41,18.59,15.646850483229109,15.533356074470595,120.20842959685488,10.633577208012662,0.0,0.0,0.0,0.0,0.0,4.992404732635669,0.0,0.0,0.0,26.689117645233267,64.87671511159371,6.544756405912575,6.041840829147961,0.0,6.2146005795353165,0.0,10.633577208012662,4.992404732635669,71.75880378870191,26.1790256236503,0.0,0.0,0.0,10.633577208012662,0.0,0.0,0.0,38.43546703233358,0.0,0.0,65.71696295955395,4.992404732635669,0.0,0.0,0.0,36.42,0.0,0.0,0.0,0.0,6.041840829147961,26.055090840663738,45.06968614346863,0.0,0.0,42.61179411925552,0.0,0.0,0.0,4.53185433961689,6.932069368912456,0.0,0.0,0.41951573537026265,10.865957363055298,11.08393652637843,0.0,0.9375,19,2,3,0,0,0,0,0,0,0,1,0,3,2,3,0,14,0,0,0,0,1,15.309207920169955,0,3.3954000000000013,87.36040000000007,0,0,0,0,0,0,0,0,0,0,0,0,0,0,1,1,2,0,0,0,0,0,0,0,0,0,0,0,0,0,0,0,0,0,0,0,0,0,0,0,0,0,0,0,0,0,0,0,0,0,0,0,0,0,0,0,0,0,0,0,0,0,0,0,0,0,0,0,0,0,0,0,0,0,0,0,0,0,0,0,0,0,0,4,0
COC=O,8.95138888888889,8.95138888888889,0.375,0.375,0.3912258247330487,5.25,60.05200000000001,56.02,60.021129368000004,24,0,2.0,2.25,2.25,1.370950594454669,2.2968352619191386,18.0,3.414213562373095,2.393846850117352,2.393846850117352,1.914213562373095,0.8796528112548949,0.8796528112548949,0.33192730526045355,0.33192730526045355,0.09622504486493766,0.09622504486493766,0.0,0.0,-0.53,3.4699999999999998,2.4699999999999993,1.4699999999999982,24.379260471776803,4.736862953800049,0.0,0.0,0.0,6.472220864716464,0.0,4.794537184071822,0.0,0.0,0.0,0.0,0.0,0.0,7.109797541277533,9.53140013787187,6.472220864716464,0.0,0.0,0.0,0.0,7.109797541277533,0.0,0.0,0.0,0.0,0.0,0.0,0.0,13.582018405993997,9.53140013787187,0.0,0.0,0.0,0.0,0.0,0.0,26.3,0.0,0.0,0.0,0.0,6.472220864716464,0.0,7.109797541277533,0.0,0.0,4.736862953800049,4.794537184071822,3.861111111111111,0.0,8.95138888888889,0.0,0.0,0.0,0.0,0.0,0.375,1.3125,0.5,4,0,2,0,0,0,0,0,0,0,0,0,2,0,2,0,1,0,0,0,0,0,2.142724999999999,0,-0.2108000000000001,13.073,0,0,0,0,0,0,0,0,0,0,1,1,0,0,0,0,0,0,0,0,0,0,0,0,0,0,0,0,0,0,0,0,0,0,0,0,0,0,0,0,0,1,0,0,0,0,0,0,0,0,0,0,0,0,0,1,0,0,0,0,0,0,0,0,0,0,0,0,0,0,0,0,0,0,0,0,0,0,0,0,0,0,0,0,0
C#CCC=CCCCCCCC(C)SCOC=O,9.960985596895583,9.960985596895583,0.4768251364205409,0.4768251364205409,0.17472415564740743,12.222222222222221,268.42199999999997,244.22999999999996,268.149701008,102,0,1.2777777777777777,2.0555555555555554,2.7777777777777777,2.3699490143832906,3.192832133616238,255.7094412043342,13.476845205801295,11.2683504668321,12.084847047759826,8.808060412490448,6.562114049478809,7.610868839459466,4.229243368739689,5.603016816592905,2.622452091081639,3.699355472181913,1.5833117045796539,2.2830758219532736,-0.8800000000000001,17.12,14.182034739454094,13.186137566137571,115.55624034397299,4.736862953800049,5.938913948333699,0.0,0.0,6.472220864716464,0.0,4.794537184071822,0.0,0.0,24.10566916386702,38.33824228213642,19.26246486877803,11.670759652908185,0.0,9.53140013787187,18.23410581410758,0.0,0.0,0.0,57.11942659015487,5.938913948333699,12.152040213667762,0.0,12.343784214475903,0.0,0.0,0.0,11.761884949391115,17.661072843032336,9.53140013787187,12.343784214475903,51.8694885601727,12.152040213667762,0.0,0.0,0.0,26.3,0.0,4.794537184071822,0.0,0.0,17.661072843032336,12.841643245852019,32.10410811463005,11.761884949391115,0.0,29.733074686014078,6.423349895620259,4.6565537020760965,1.694934045665467,9.960985596895583,0.5698837209100556,0.0,3.0679902533308243,0.0,17.527022534689277,2.6892968130993644,0.0,0.6666666666666666,18,0,2,0,0,0,0,0,0,0,1,0,3,0,3,0,12,0,0,0,0,1,13.488690818858561,0,4.158700000000003,79.36100000000005,0,0,0,0,0,0,0,0,0,0,1,1,0,0,0,0,0,0,0,0,0,0,0,0,0,0,2,0,0,0,0,0,0,0,0,0,0,0,0,0,0,1,0,0,0,0,0,0,0,0,0,0,0,0,0,0,0,0,0,0,0,0,0,0,0,0,0,0,0,0,0,0,0,0,0,1,0,0,1,0,0,0,0,4,0
CC1C=C=C(CC=CCCCCCCC(C)SCOC=O)CCCC(O)CCC1,10.119429811588436,10.119429811588436,0.12189680889779897,-0.12189680889779897,0.1145416377359223,22.103448275862068,422.6750000000003,380.33900000000017,422.28546620399993,166,0,1.206896551724138,2.0,2.8275862068965516,2.7275015343384252,2.1637907913541365,508.19785656941315,21.158643481676,18.612905287830593,19.42940186875832,14.113392202930195,11.559294803733792,12.608049593714451,8.39391642349373,9.767689871346942,5.5356906839885145,6.612594065088789,3.604992718213748,4.304756835587367,-0.9600000000000002,26.075663338088447,17.860912062169476,15.530851209774342,182.61563263037806,9.843390348640755,5.938913948333699,0.0,0.0,6.472220864716464,0.0,4.794537184071822,0.0,0.0,17.49310354013287,51.682801104753054,75.35442528939865,5.249938029982174,6.103966387748303,14.637927532712576,18.23410581410758,0.0,0.0,5.917906046161393,108.67205991514987,5.938913948333699,29.53238344131266,0.0,0.0,0.0,0.0,0.0,11.761884949391115,28.87156662562134,9.53140013787187,5.917906046161393,97.3181554974194,29.53238344131266,0.0,0.0,0.0,46.53,0.0,9.901064578912528,0.0,6.103966387748303,23.578978889193728,51.36657298340809,37.67721264469931,11.761884949391115,0.0,37.80675331062464,4.736862953800049,4.72609520161839,1.7066166927980717,10.119429811588436,10.592654304199721,4.939617546204818,1.0264471426334054,0.0,21.41460062841137,4.974538672545784,0.0,0.76,29,1,3,1,0,1,0,0,0,0,3,0,4,1,4,0,13,0,0,0,0,3,16.059832063597735,1,6.958200000000009,124.99680000000008,0,1,1,0,0,0,0,0,0,0,1,1,0,0,0,0,0,0,0,0,0,0,0,0,0,0,3,0,0,0,0,0,0,0,0,0,0,0,0,0,0,1,0,0,0,0,0,0,0,0,0,0,0,0,0,0,0,0,0,0,0,0,0,0,0,0,0,0,0,0,0,0,0,0,0,1,0,0,0,0,0,0,0,4,0
CCI,2.2883333333333336,2.2883333333333336,1.22,1.22,0.3673267500017498,6.0,155.966,150.926,155.94359816,20,0,2.0,2.0,2.0,0.9182958340544894,1.6329931618554523,2.7548875021634682,2.7071067811865475,2.0850712541957748,4.242569545372097,1.4142135623730951,0.9743680230989717,2.4999496951881373,0.26726124191242434,1.79284291400159,0.0,0.0,0.0,0.0,0.73,3.73,2.73,2.73,34.36603126326979,0.0,0.0,0.0,0.0,0.0,0.0,0.0,0.0,0.0,0.0,29.51460782675868,4.42755240229441,0.0,0.0,0.0,22.590870627068057,0.0,0.0,0.0,6.923737199690624,4.42755240229441,0.0,0.0,0.0,0.0,0.0,0.0,22.590870627068057,4.42755240229441,0.0,0.0,6.923737199690624,0.0,0.0,0.0,0.0,0.0,0.0,0.0,0.0,0.0,0.0,0.0,4.42755240229441,0.0,0.0,29.51460782675868,0.0,1.22,2.2883333333333336,0.0,0.0,0.0,0.0,0.0,0.0,2.111666666666667,0.0,1.0,3,0,0,0,0,0,0,0,0,0,0,0,0,0,1,0,0,0,0,0,0,0,3.3943,0,1.4413,24.560999999999993,0,0,0,0,0,0,0,0,0,0,0,0,0,0,0,0,0,0,0,0,0,0,0,0,0,1,0,0,0,0,0,0,0,0,0,0,0,0,0,0,0,0,0,0,1,0,0,0,0,0,0,0,0,0,0,0,0,0,0,0,0,0,0,0,0,0,0,0,0,0,0,0,0,0,0,0,0,0,0,0,0,0,0,0,0
CCCCC(C)CCCN,5.405468710632401,5.405468710632401,0.8576041666666667,0.8576041666666667,0.6072762464560052,13.5,143.27399999999997,122.10599999999998,143.167399672,62,0,1.2,1.8,2.3,1.9651140824073894,2.998419094375296,53.748605961854445,7.819990956308912,7.397341225498538,7.397341225498538,4.808060412490447,4.509201921767763,4.509201921767763,3.1783039004935247,3.1783039004935247,1.951524385942557,1.951524385942557,1.1632362677857717,1.1632362677857717,-0.04,9.96,7.071607142857144,6.08562814070352,64.99867864001513,5.733667477162185,0.0,0.0,0.0,0.0,0.0,0.0,0.0,0.0,0.0,33.10993926815928,25.304305697925987,0.0,0.0,0.0,0.0,0.0,0.0,11.651573523323577,45.95158251401131,6.544756405912575,0.0,0.0,0.0,5.733667477162185,0.0,0.0,0.0,6.544756405912575,0.0,5.917906046161393,45.95158251401131,0.0,0.0,0.0,0.0,26.02,0.0,0.0,0.0,0.0,0.0,12.462662452073968,32.10410811463005,0.0,0.0,13.847474399381248,5.733667477162185,0.0,0.0,0.0,0.0,5.405468710632401,0.8921296296296295,0.0,6.607722269463341,5.428012723607962,0.0,1.0,10,2,1,0,0,0,0,0,0,0,1,0,1,1,1,0,6,0,0,0,0,1,7.0433207142857155,0,2.5516000000000005,46.97740000000002,0,0,0,0,0,0,0,0,0,0,0,0,0,0,0,0,0,1,0,0,0,0,0,0,0,0,0,0,0,0,0,0,0,0,0,0,0,0,0,0,0,0,0,0,0,0,0,0,0,0,0,0,0,0,0,0,0,0,0,0,0,0,0,0,0,0,0,0,0,0,0,0,0,0,0,0,0,0,0,0,0,0,0,1,0
O=S=NCO[N+]O,9.351380385487529,9.351380385487529,0.020462962962962683,-0.20370370370370372,0.39669932056935975,8.142857142857142,123.113,120.089,122.98588937609,40,2,2.0,2.7142857142857144,3.142857142857143,1.690933805959686,2.826898752402874,79.00409256226031,5.535533905932738,3.2734924390780105,4.089989020005737,3.414213562373095,1.3367179389484283,2.0351996439518723,0.5434835919635073,0.9507536802106543,0.22087930917687115,0.4316978198547631,0.07090668915986446,0.16108028953016112,-0.3,6.7,5.699999999999999,5.7,43.44733347963487,0.0,0.0,0.0,18.19363733107517,0.0,5.643404592236074,0.0,0.0,8.57159778324664,0.0,5.20725302477729,4.8375885837366335,0.0,0.0,14.253740100678392,11.462820583575684,0.0,5.643404592236074,4.362699291082171,0.0,6.730816747499484,0.0,0.0,0.0,5.643404592236074,0.0,0.0,0.0,16.146968264441245,16.300409167312317,0.0,0.0,4.362699291082171,0.0,0.0,0.0,72.99,0.0,4.208898492164469,0.0,18.19363733107517,0.0,0.0,0.0,0.0,0.0,14.843692467054879,5.20725302477729,12.398047052154196,0.020462962962962683,3.8669444444444445,7.524360355253212,2.227222222222222,0.0,0.0,0.0,-0.20370370370370372,0.0,1.0,7,1,5,0,0,0,0,0,0,0,0,0,4,1,6,0,3,0,0,0,0,0,5.4557142857142855,0,-0.7343000000000002,20.442899999999998,0,0,0,0,0,0,0,0,0,0,0,0,0,0,0,2,0,0,0,0,0,0,0,0,0,0,0,0,0,0,0,0,0,0,0,0,0,0,0,0,0,0,0,0,0,0,0,0,0,0,0,0,0,0,0,0,0,0,0,0,0,0,0,0,0,0,0,0,0,0,0,0,0,0,0,0,0,0,0,0,0,0,0,0,0
CBr,2.9375,2.9375,1.8125,1.8125,0.3936198519990384,3.0,94.939,91.91499999999999,93.941812196,14,0,1.5,1.5,1.5,1.0,1.0,2.0,2.0,1.3779644730092273,2.9639610121239315,1.0,0.3779644730092272,1.9639610121239313,0.0,0.0,0.0,0.0,0.0,0.0,0.48,2.48,1.48,0.5633333333333334,22.606798633470913,0.0,0.0,0.0,0.0,0.0,0.0,0.0,0.0,0.0,0.0,15.929943897949348,5.833005223826043,0.0,0.0,0.0,15.929943897949348,0.0,0.0,0.0,0.0,5.833005223826043,0.0,0.0,0.0,0.0,0.0,0.0,15.929943897949348,5.833005223826043,0.0,0.0,0.0,0.0,0.0,0.0,0.0,0.0,0.0,0.0,0.0,0.0,0.0,0.0,0.0,0.0,5.833005223826043,15.929943897949348,0.0,0.0,2.9375,0.0,0.0,0.0,1.8125,0.0,0.0,0.0,0.0,1.0,2,0,0,0,0,0,0,0,0,0,0,0,0,0,1,0,0,0,0,0,0,0,1.8352,0,1.0110999999999999,14.851,0,0,0,0,0,0,0,0,0,0,0,0,0,0,0,0,0,0,0,0,0,0,0,0,0,1,0,0,0,0,0,0,0,0,0,0,0,0,0,0,0,0,0,0,1,0,0,0,0,0,0,0,0,0,0,0,0,0,0,0,0,0,0,0,0,0,0,0,0,0,0,0,0,0,0,0,0,0,0,0,0,0,0,0,0
CCCCCCCCCCC,2.2748838655832704,2.2748838655832704,1.37,1.37,0.4526177505443085,10.363636363636363,156.313,132.12099999999998,156.187800768,68,0,0.45454545454545453,0.7272727272727273,1.0,2.0339309928768716,2.6909155266923976,49.05865002596163,8.36396103067893,8.36396103067893,8.36396103067893,5.414213562373096,5.414213562373094,5.414213562373094,3.4748737341529154,3.4748737341529154,2.207106781186547,2.207106781186547,1.3838834764831838,1.3838834764831838,0.0,11.0,10.0,10.0,72.38867217179563,0.0,0.0,0.0,0.0,0.0,0.0,0.0,0.0,0.0,0.0,71.63486900571534,0.0,0.0,0.0,0.0,0.0,0.0,0.0,0.0,71.63486900571534,0.0,0.0,0.0,0.0,0.0,0.0,0.0,0.0,0.0,0.0,0.0,71.63486900571534,0.0,0.0,0.0,0.0,0.0,0.0,0.0,0.0,0.0,0.0,0.0,57.787394606334104,0.0,0.0,13.847474399381248,0.0,0.0,0.0,0.0,0.0,0.0,0.0,0.0,12.95023226883346,4.549767731166541,0.0,1.0,11,0,0,0,0,0,0,0,0,0,0,0,0,0,0,0,8,0,0,0,0,0,10.0,0,4.537100000000004,52.90100000000004,0,0,0,0,0,0,0,0,0,0,0,0,0,0,0,0,0,0,0,0,0,0,0,0,0,0,0,0,0,0,0,0,0,0,0,0,0,0,0,0,0,0,0,0,0,0,0,0,0,0,0,0,0,0,0,0,0,0,0,0,0,0,0,0,0,0,0,0,0,0,0,0,0,0,0,0,0,0,0,0,0,0,0,8,0
C=C[SH]=CC=CCCOC(C=C)CC,5.541353536785085,5.541353536785085,0.20711086440749105,0.20711086440749105,0.21340606346800672,14.071428571428571,212.35799999999998,192.19799999999995,212.12348626,80,0,1.4285714285714286,2.2142857142857144,2.7857142857142856,2.223928210523819,3.443770194300646,206.36726887877518,10.648418081055103,8.855097407034314,9.749524598034231,6.846065214951233,4.880875117526651,5.913670676515295,2.750737120863346,3.7121702865334,1.6953303527103396,2.25041404971778,0.9076482254286365,1.2504612722087016,-0.6000000000000001,13.399999999999999,10.480645161290322,8.019146722164411,91.12517402831475,4.736862953800049,0.0,0.0,0.0,0.0,0.0,0.0,0.0,11.350969244424817,6.578935683598497,31.730733203790763,23.61717823202292,0.0,12.71084835226122,4.736862953800049,16.718452139941057,0.0,0.0,0.0,25.869346833290944,6.606881964512918,36.793983778353294,0.0,0.0,0.0,0.0,0.0,11.350969244424817,18.078331247777463,4.736862953800049,0.0,19.765380445542643,36.793983778353294,0.0,0.0,0.0,9.23,0.0,0.0,0.0,6.103966387748303,0.0,30.799494454789755,0.0,0.0,17.560092304322424,31.52511156923774,4.736862953800049,5.541353536785085,1.146945502995437,0.0,3.906221501328824,0.0,0.0,0.0,8.153399549562367,10.19652435377273,0.0,0.4166666666666667,14,0,1,0,0,0,0,0,0,0,1,0,1,1,2,0,8,0,0,0,0,1,10.03147465437788,0,3.3251000000000017,69.23200000000004,0,0,0,0,0,0,0,0,0,0,0,0,0,0,0,0,0,0,0,0,0,0,1,0,0,0,1,0,0,0,0,0,0,0,0,0,0,0,0,0,0,1,0,0,0,0,0,0,0,0,0,0,0,0,0,0,0,0,0,0,0,0,0,0,0,0,0,0,0,0,0,0,0,0,0,0,0,0,0,0,0,0,0,0,0
CNCNCCCCC=O,9.860968679138322,9.860968679138322,0.6956682256235827,0.6956682256235827,0.3028373104654829,9.7,144.218,128.08999999999997,144.126263132,60,0,1.4,2.2,2.8,1.9671544718900458,2.703789901245323,76.00635839221763,7.6568542494923815,6.521132465586227,6.521132465586227,4.914213562373096,3.7046107226391998,3.7046107226391998,2.192778668337937,2.192778668337937,1.2273053613195999,1.2273053613195999,0.6910592482790581,0.6910592482790581,-0.41000000000000003,9.59,8.59,7.589999999999999,62.19015018146905,15.428114392084485,6.286160523129555,0.0,0.0,0.0,0.0,0.0,0.0,0.0,0.0,0.0,26.434071634441782,13.089512811825152,0.0,4.794537184071822,6.286160523129555,0.0,10.633577208012662,0.0,19.26246486877803,20.26111957748891,0.0,0.0,0.0,10.633577208012662,0.0,0.0,0.0,26.547280100618465,4.794537184071822,0.0,19.26246486877803,0.0,0.0,0.0,0.0,41.129999999999995,0.0,4.794537184071822,0.0,0.0,6.4208216229260096,32.34125136379329,0.0,0.0,7.04767198267719,10.633577208012662,0.0,0.0,0.0,9.860968679138322,6.14485615079365,0.0,0.0,0.0,3.749939058956916,1.8430250850340135,1.9012110260770976,0.8571428571428571,10,2,3,0,0,0,0,0,0,0,0,0,3,2,3,0,7,0,0,0,0,0,8.23781,0,0.12209999999999965,41.844400000000014,0,0,0,0,0,0,0,0,0,0,1,1,0,0,0,0,2,0,0,0,0,0,0,1,0,0,0,0,0,0,0,0,0,0,0,0,0,0,0,0,0,0,0,0,0,0,0,0,0,0,0,0,0,0,0,0,0,0,0,0,0,0,0,0,0,0,0,0,0,0,0,0,0,0,0,0,0,0,0,0,0,0,0,2,0
C=CCCC(C)NC=O,9.841485260770975,9.841485260770975,0.27824074074074057,0.27824074074074057,0.43439831155401815,12.11111111111111,127.18699999999997,114.08299999999998,127.099714036,52,0,1.7777777777777777,2.4444444444444446,2.888888888888889,1.8457237685811982,3.138304699968647,90.91694057588535,7.112884175122364,5.761619441592384,5.761619441592384,4.308060412490447,3.1151476701663565,3.1151476701663565,2.0515907709394705,2.0515907709394705,1.1563626923992194,1.1563626923992194,0.5673383677075373,0.5673383677075373,-0.79,8.210000000000003,5.348696255201112,5.074900256974754,55.95068496567675,5.316788604006331,0.0,0.0,6.410095306116121,0.0,0.0,4.794537184071822,0.0,0.0,6.578935683598497,6.076020106833881,19.765380445542643,6.041840829147961,0.0,4.794537184071822,6.410095306116121,0.0,5.316788604006331,0.0,25.807221274690605,0.0,12.654955790432378,0.0,0.0,5.316788604006331,0.0,0.0,0.0,12.45193613526408,4.794537184071822,0.0,19.765380445542643,12.654955790432378,0.0,0.0,0.0,29.1,0.0,4.794537184071822,0.0,6.041840829147961,0.0,19.25173855196814,0.0,0.0,12.999757306524504,11.895724287604828,0.0,0.0,0.0,9.841485260770975,2.651944444444444,0.0,0.0,0.27824074074074057,4.514865835222978,5.546797052154195,0.0,0.5714285714285714,9,1,2,0,0,0,1,0,0,0,1,0,1,1,2,0,5,0,0,0,0,1,4.879199583911238,0,1.0871,38.092699999999994,0,0,0,0,0,0,0,0,0,0,1,1,0,0,0,0,1,0,0,0,0,0,0,0,0,0,1,1,0,0,0,0,0,0,0,0,0,0,0,0,0,0,0,0,0,0,0,0,0,0,0,0,0,0,0,0,0,0,0,0,0,0,0,0,0,0,0,0,0,0,0,0,0,0,0,0,0,0,0,0,0,0,0,0,0
CCCCC=CC#CCC#N,8.13041967096756,8.13041967096756,0.33146604938271595,0.33146604938271595,0.44443059090729875,8.727272727272727,147.22099999999998,134.11699999999996,147.104799416,58,0,1.4545454545454546,2.272727272727273,2.909090909090909,2.0339309928768716,3.317978672585498,197.13822937993484,8.36396103067893,6.9303412586254005,6.9303412586254005,5.414213562373096,3.9180771185150842,3.9180771185150842,2.2006022931493683,2.2006022931493683,1.195036027791457,1.195036027791457,0.6137192460208684,0.6137192460208684,-1.21,9.79,8.789999999999997,8.789999999999996,68.72593209854276,0.0,0.0,0.0,0.0,0.0,0.0,0.0,0.0,5.261891554738487,0.0,37.68226919008781,12.49684172975989,0.0,12.490042935718282,0.0,0.0,5.261891554738487,0.0,0.0,32.60702369139466,0.0,12.152040213667762,0.0,17.91008995050356,0.0,0.0,0.0,0.0,0.0,0.0,23.171981505242048,32.60702369139466,12.152040213667762,0.0,0.0,0.0,23.79,0.0,0.0,0.0,0.0,6.4208216229260096,6.4208216229260096,12.841643245852019,0.0,18.221261526460037,18.764605837401913,5.261891554738487,0.0,0.0,0.0,8.13041967096756,0.0,5.506202522675737,1.9622677311665406,7.739206113000755,2.161903962189406,0.0,0.5,11,0,1,0,0,0,0,0,0,0,0,0,1,0,1,0,3,0,0,0,0,0,7.823099999999997,0,2.6498800000000013,46.67100000000003,0,0,0,0,0,0,0,0,0,0,0,0,0,0,0,1,0,0,0,0,0,0,0,0,0,0,2,0,0,0,0,0,0,0,0,0,0,0,0,0,0,0,0,0,0,0,0,0,0,0,0,0,0,0,0,0,0,1,0,0,0,0,0,0,0,0,0,0,0,0,0,0,0,0,0,0,0,0,0,0,0,0,0,2,0
N#CCC#CC=CCCCCCC1CCONC1,8.28465486250381,8.28465486250381,0.32289505796124174,0.32289505796124174,0.5786524238634319,19.166666666666668,246.35399999999993,224.17799999999994,246.173213324,98,0,1.3333333333333333,2.2777777777777777,3.0555555555555554,2.419987004694966,1.8936229018729396,326.62832678603957,12.891058768174391,10.95147372421163,10.95147372421163,8.931851652578137,6.782067879140143,6.782067879140143,4.5480081723686565,4.5480081723686565,3.0560871067156765,3.0560871067156765,1.9867214885154225,1.9867214885154225,-1.29,14.769844404548175,10.838380862257573,7.898416064372211,110.16225742958949,4.8375885837366335,0.0,0.0,0.0,0.0,0.0,0.0,5.480096598121202,5.261891554738487,0.0,30.758531990397188,37.67721264469931,6.544756405912575,19.0969249002312,4.8375885837366335,0.0,5.261891554738487,5.480096598121202,5.917906046161393,44.94575136048208,13.151638370425493,12.152040213667762,0.0,17.91008995050356,5.480096598121202,0.0,0.0,0.0,13.151638370425493,4.8375885837366335,29.089887551403443,44.94575136048208,12.152040213667762,0.0,0.0,0.0,45.05,0.0,0.0,0.0,0.0,6.4208216229260096,25.490366039512896,32.10410811463005,0.0,12.145241419626155,23.39698534266637,10.09948013847512,0.0,0.0,5.107315550721702,8.28465486250381,2.9710861254977554,6.4144882656317055,1.9961259617268192,11.695420648729424,1.8642419185221175,0.0,0.6666666666666666,18,1,3,0,1,1,0,0,0,0,1,0,3,1,3,1,6,0,1,1,0,1,8.893399940709834,1,2.9512800000000006,72.29270000000004,0,0,0,0,0,0,0,0,0,0,0,0,0,0,0,1,1,0,1,0,0,0,0,0,0,0,2,0,0,0,0,0,0,0,0,0,0,0,0,0,0,0,0,0,0,0,0,0,0,0,0,0,0,0,0,0,0,1,0,0,0,0,0,0,0,0,0,0,0,0,0,0,0,0,0,0,0,0,0,0,0,0,0,3,0
CCCCNOCCCNCC,5.192278911564626,5.192278911564626,0.802295918367347,0.802295918367347,0.40825079526970676,10.5,174.28799999999998,152.11199999999997,174.173213324,74,0,1.0833333333333333,1.9166666666666667,2.5833333333333335,2.098390961316241,2.72724281291869,68.92878689342031,9.071067811865477,8.357995758769697,8.357995758769697,5.914213562373096,4.967673013979661,4.967673013979661,2.8034594516065656,2.8034594516065656,1.5844072616284879,1.5844072616284879,0.8393973088367898,0.8393973088367898,-0.12,11.879999999999999,10.88,9.88,75.82609603920334,10.154377187742964,0.0,0.0,0.0,0.0,0.0,0.0,5.480096598121202,0.0,0.0,20.268296022307258,25.93115605767717,6.544756405912575,6.606881964512918,4.8375885837366335,0.0,0.0,10.796885202127534,0.0,33.10993926815928,26.241151182250643,0.0,0.0,0.0,10.796885202127534,0.0,0.0,0.0,26.241151182250643,4.8375885837366335,0.0,33.10993926815928,0.0,0.0,0.0,0.0,33.29,0.0,0.0,0.0,0.0,0.0,32.66197280517665,12.841643245852019,0.0,0.0,24.644359601508782,4.8375885837366335,0.0,0.0,5.192278911564626,3.2425455089443185,2.9354428854875283,0.0,0.0,3.4800845895826953,8.149648104420832,0.0,1.0,12,2,3,0,0,0,0,0,0,0,0,0,3,2,3,0,9,0,0,0,0,0,10.7712,0,1.3072999999999997,52.02340000000003,0,0,0,0,0,0,0,0,0,0,0,0,0,0,0,0,2,0,1,0,0,0,0,0,0,0,0,0,0,0,0,0,0,0,0,0,0,0,0,0,0,0,0,0,0,0,0,0,0,0,0,0,0,0,0,0,0,0,0,0,0,0,0,0,0,0,0,0,0,0,0,0,0,0,0,0,0,0,0,0,0,0,0,1,0
CCCC=C=N,6.400416666666667,6.400416666666667,0.9895833333333334,0.9895833333333334,0.49007758419207936,6.833333333333333,83.134,74.062,83.073499288,34,0,1.8333333333333333,2.5,2.6666666666666665,1.6143308351592656,2.85600674522422,60.33869642763737,4.82842712474619,3.9915638315627207,3.9915638315627207,2.914213562373095,2.1540302062452232,2.1540302062452232,1.1371368471241508,1.1371368471241508,0.5350747745081851,0.5350747745081851,0.21650635094610965,0.21650635094610965,-0.55,5.45,4.45,3.4499999999999993,38.19476745249652,0.0,0.0,0.0,0.0,0.0,0.0,5.409283605791522,0.0,0.0,0.0,13.344558822616634,18.36664079320308,0.0,0.0,0.0,5.86979906344319,5.409283605791522,0.0,0.0,19.765380445542643,0.0,6.076020106833881,0.0,0.0,0.0,0.0,0.0,0.0,5.86979906344319,0.0,5.409283605791522,19.765380445542643,6.076020106833881,0.0,0.0,0.0,23.85,0.0,0.0,0.0,0.0,0.0,12.841643245852019,0.0,6.076020106833881,0.0,12.793536263133813,5.409283605791522,0.0,0.0,0.0,6.400416666666667,0.0,2.193611111111111,0.0,3.8287500000000003,2.0772222222222223,0.0,0.6,6,1,1,0,0,0,0,0,0,0,0,0,1,1,1,0,2,0,0,0,0,0,4.042083333333333,0,1.59117,27.204699999999992,0,0,0,0,0,0,0,0,0,0,0,0,0,0,0,0,1,0,0,0,0,0,0,0,0,0,1,0,0,0,0,0,0,0,0,0,0,0,0,0,0,0,0,0,0,0,0,0,0,0,0,0,0,0,0,0,0,0,0,0,0,0,0,0,0,0,0,0,0,0,0,0,0,0,0,0,0,0,0,0,0,0,0,1,0
CI,2.1500000000000004,2.1500000000000004,1.97,1.97,0.349907334845055,3.0,141.939,138.915,141.927948096,14,0,1.5,1.5,1.5,1.0,1.0,2.0,2.0,1.3779644730092273,3.5354627641855494,1.0,0.3779644730092272,2.5354627641855494,0.0,0.0,0.0,0.0,0.0,0.0,0.73,2.73,1.73,0.09986301369863015,28.001089148873188,0.0,0.0,0.0,0.0,0.0,0.0,0.0,0.0,0.0,0.0,22.590870627068057,4.930467979059025,0.0,0.0,0.0,22.590870627068057,0.0,0.0,0.0,0.0,4.930467979059025,0.0,0.0,0.0,0.0,0.0,0.0,22.590870627068057,4.930467979059025,0.0,0.0,0.0,0.0,0.0,0.0,0.0,0.0,0.0,0.0,0.0,0.0,0.0,0.0,0.0,0.0,4.930467979059025,22.590870627068057,0.0,0.0,2.1500000000000004,1.97,0.0,0.0,0.0,0.0,0.0,0.0,0.0,1.0,2,0,0,0,0,0,0,0,0,0,0,0,0,0,1,0,0,0,0,0,0,0,2.36145,0,1.0512000000000001,19.943999999999996,0,0,0,0,0,0,0,0,0,0,0,0,0,0,0,0,0,0,0,0,0,0,0,0,0,1,0,0,0,0,0,0,0,0,0,0,0,0,0,0,0,0,0,0,1,0,0,0,0,0,0,0,0,0,0,0,0,0,0,0,0,0,0,0,0,0,0,0,0,0,0,0,0,0,0,0,0,0,0,0,0,0,0,0,0
CCOC=O,9.182638888888889,9.182638888888889,0.4305555555555556,0.4305555555555556,0.43656455010269035,6.6,74.07900000000001,68.03099999999999,74.036779432,30,0,2.0,2.6,2.6,1.4056390622295665,2.4017152226171965,26.07403392114697,4.121320343559642,3.1009536313038994,3.1009536313038994,2.414213562373095,1.4671864365723921,1.4671864365723921,0.5515668461264173,0.5515668461264173,0.2347080484106439,0.2347080484106439,0.0680413817439772,0.0680413817439772,-0.53,4.469999999999999,3.4699999999999998,3.469999999999999,30.744202586173408,4.736862953800049,0.0,0.0,0.0,6.472220864716464,0.0,4.794537184071822,0.0,0.0,0.0,0.0,6.923737199690624,0.0,6.606881964512918,9.53140013787187,6.472220864716464,0.0,0.0,0.0,6.923737199690624,6.606881964512918,0.0,0.0,0.0,0.0,0.0,0.0,0.0,13.079102829229381,9.53140013787187,0.0,6.923737199690624,0.0,0.0,0.0,0.0,26.3,0.0,4.794537184071822,0.0,0.0,13.079102829229381,0.0,0.0,6.923737199690624,0.0,4.736862953800049,0.0,4.152777777777778,0.0,9.182638888888889,0.0,0.0,0.0,0.0,0.0,2.664583333333333,0.0,0.6666666666666666,5,0,2,0,0,0,0,0,0,0,0,0,2,0,2,0,2,0,0,0,0,0,3.102179999999999,0,0.17930000000000001,17.689999999999998,0,0,0,0,0,0,0,0,0,0,1,1,0,0,0,0,0,0,0,0,0,0,0,0,0,0,0,0,0,0,0,0,0,0,0,0,0,0,0,0,0,1,0,0,0,0,0,0,0,0,0,0,0,0,0,0,0,0,0,0,0,0,0,0,0,0,0,0,0,0,0,0,0,0,0,0,0,0,0,0,0,0,0,0,0
CCCOCCCCC=COCO[N+]CCCOC=O,9.834038505549351,9.834038505549351,0.10183413643235051,0.10183413643235051,0.14308443112920122,10.85,288.364,262.15599999999995,288.18054935209,116,2,1.05,1.95,2.75,2.4671739294114317,3.0286960983817237,223.60980249312655,14.72792206135786,12.29157366725363,12.29157366725363,9.914213562373096,7.097972810996249,7.097972810996249,4.066832107078999,4.066832107078999,2.24204190624869,2.24204190624869,1.2808708098680204,1.2808708098680204,-1.11,18.89,17.89,16.890000000000004,120.91349918395854,14.210588861400147,0.0,0.0,6.544756405912575,18.745259768937494,0.0,4.794537184071822,0.0,0.0,0.0,6.923737199690624,36.59689518227455,19.634585551951844,12.868962412933708,23.8427146292086,6.472220864716464,0.0,5.480096598121202,0.0,39.02784531432067,33.15834460555116,12.338100555254671,0.0,0.0,5.480096598121202,0.0,0.0,0.0,39.63056547026762,23.8427146292086,0.0,39.02784531432067,12.338100555254671,0.0,0.0,0.0,68.09,0.0,4.794537184071822,0.0,6.792942306099827,26.04468085806797,38.89705042072988,0.0,6.26208044842079,6.076020106833881,17.140696751611877,14.31131449133673,14.96472682434539,0.0,14.707542266934086,0.0,3.747586714967147,0.0,0.0,8.42742770543127,5.152716488322106,0.0,0.7857142857142857,20,0,6,0,0,0,0,0,0,0,0,0,5,0,6,0,16,0,0,0,0,0,16.897105000000003,0,2.1702000000000004,74.77200000000005,0,0,0,0,0,0,0,0,0,0,1,1,0,0,0,1,0,0,1,0,0,0,0,0,0,0,1,0,0,0,0,0,0,0,0,0,0,0,0,0,0,3,0,0,0,0,0,0,0,0,0,0,0,0,0,0,0,0,0,0,0,0,0,0,0,0,0,0,0,0,0,0,0,0,0,0,0,0,0,0,0,0,0,2,0
C=CC[SH]=O,9.430833333333334,9.430833333333334,0.1616512345679011,0.1616512345679011,0.3761843135586843,7.2,90.14699999999998,84.09899999999999,90.013935812,30,0,2.0,2.6,2.6,1.4056390622295665,2.6531630746803305,36.1577218810798,4.121320343559642,2.8470257175265417,3.7414529085264574,2.414213562373095,1.3152985327796192,2.312902436483406,0.6003487653034487,1.2236960267207206,0.20363504412357353,0.6109051323707206,0.05270462766947299,0.15811388300841897,-0.11000000000000004,4.889999999999999,3.8899999999999983,3.889999999999999,35.18574306605091,0.0,0.0,0.0,0.0,0.0,0.0,4.208898492164469,0.0,0.0,6.578935683598497,6.076020106833881,0.0,17.419326848272974,0.0,4.208898492164469,11.666473241526186,0.0,0.0,0.0,0.0,5.752853606746789,12.654955790432378,0.0,0.0,0.0,0.0,0.0,0.0,9.961752098911258,11.666473241526186,0.0,0.0,12.654955790432378,0.0,0.0,0.0,17.07,0.0,4.208898492164469,0.0,11.666473241526186,5.752853606746789,0.0,0.0,6.076020106833881,0.0,6.578935683598497,0.0,9.430833333333334,0.1616512345679011,0.0,0.0,0.0,0.5694444444444444,0.0,1.6057098765432098,3.343472222222222,0.0,0.3333333333333333,5,0,1,0,0,0,0,0,0,0,0,0,1,1,2,0,2,0,0,0,0,0,3.8044199999999977,0,0.11770000000000003,24.60139999999999,0,0,0,0,0,0,0,0,0,0,0,0,0,0,0,0,0,0,0,0,0,0,1,0,0,0,0,0,0,0,0,0,0,0,0,0,0,0,0,0,0,0,0,0,0,0,0,0,0,0,0,0,0,0,0,0,0,0,0,0,0,0,0,0,0,0,0,0,0,0,0,0,0,0,0,0,0,0,0,0,0,0,0,0,0
O=[SH]CCCCCC#CCC1CCON=N1,10.15484840337956,10.15484840337956,0.2226974962901187,0.2226974962901187,0.4400474288177129,18.625,242.344,224.19999999999996,242.108898816,90,0,1.3125,2.25,3.0,2.338520231062175,1.974557533754729,283.4444874058985,11.476845205801295,9.392341886109607,10.286769077109524,7.931851652578137,5.701853524143197,6.699457427846984,3.6938858931245324,4.399298378371652,2.324401012457892,2.823202964309786,1.375076971961204,1.7277832145847634,-0.8900000000000001,13.176181336863003,9.344182592442321,6.567362047957981,100.30263882521203,4.8375885837366335,6.606881964512918,0.0,0.0,0.0,0.0,4.208898492164469,0.0,0.0,16.955118763340685,6.4208216229260096,12.841643245852019,41.95934983679527,6.041840829147961,9.046487075901101,11.666473241526186,0.0,0.0,10.391808245373666,44.56677056670402,12.359735571259707,0.0,0.0,11.840868637711289,0.0,0.0,0.0,0.0,22.61047489257214,16.50406182526282,11.840868637711289,38.524929737556064,10.391808245373666,0.0,0.0,0.0,51.019999999999996,0.0,4.208898492164469,0.0,17.708314070674145,6.606881964512918,44.27778334430285,0.0,0.0,0.0,22.232676883084952,4.8375885837366335,10.15484840337956,0.25999723470858815,4.766059272494504,7.486562138366375,0.0,7.033654919331777,0.2226974962901187,5.863616889435944,0.6570080904375777,0.0,0.8181818181818182,16,0,4,0,1,1,0,0,0,0,1,0,4,1,5,1,6,0,0,0,0,1,7.695040267673666,1,2.0417,64.47840000000004,0,0,0,0,0,0,0,0,0,0,0,0,0,0,0,2,0,0,0,0,0,0,1,0,0,0,0,0,0,0,0,0,0,0,0,0,0,0,0,0,0,0,0,0,0,0,0,0,0,0,0,0,0,0,0,0,0,0,0,0,0,0,0,0,0,0,0,0,0,0,0,0,0,0,0,0,0,0,0,0,0,0,0,3,0
CCCC=CC(=[N+])CCNCCCCCOCC,9.548945017166483,9.548945017166483,0.47897758788496536,0.47897758788496536,0.40500734737415023,11.222222222222221,253.4099999999999,224.17799999999997,253.22743996808998,104,2,1.1666666666666667,2.0,2.7222222222222223,2.3699490143832906,3.170991545333025,214.53914107045645,13.476845205801295,12.081230236208551,12.081230236208551,8.808060412490446,7.306087559484531,7.306087559484531,4.439965131609423,4.439965131609423,2.669849992796039,2.669849992796039,1.5860685328966306,1.5860685328966306,-0.6700000000000002,17.33,14.39123698714023,13.395231572080881,112.50759600957754,10.05365155780638,0.0,0.0,0.0,0.0,11.120968608562224,0.0,0.0,0.0,0.0,19.420578929450514,39.15178009730724,25.834540441772294,6.4208216229260096,4.736862953800049,5.711685002770702,0.0,10.726072209797852,0.0,52.372404136937305,26.303276740850986,12.152040213667762,0.0,0.0,10.726072209797852,0.0,0.0,0.0,32.01496174362169,4.736862953800049,0.0,52.372404136937305,12.152040213667762,0.0,0.0,0.0,43.56,0.0,5.409283605791522,0.0,0.0,5.711685002770702,51.986563232555014,12.841643245852019,0.0,19.075777413358388,12.240525803696954,4.736862953800049,5.274984570750472,0.0,0.0,12.891012918401051,0.47897758788496536,0.0,0.0,10.279609146356437,7.742082443273743,0.0,0.8,18,1,3,0,0,0,0,0,0,0,0,0,2,1,3,0,13,0,0,0,0,0,13.855563165952232,0,2.7703000000000015,79.01970000000006,0,0,0,0,0,0,0,0,0,0,0,0,0,0,0,1,1,0,0,0,0,0,0,0,0,0,2,0,0,0,0,0,0,0,0,0,0,0,0,0,0,1,0,0,0,0,0,0,0,0,0,0,0,0,0,0,0,0,0,0,0,0,0,0,0,0,0,0,0,0,0,0,0,0,0,0,0,0,0,0,0,0,0,3,0
CC1=C=CC(O)CC#CC=NCCCC1CC=O,10.662580467372134,10.662580467372134,0.19705687830687824,-0.6125146447467875,0.45878906280225856,24.88888888888889,245.32199999999995,226.16999999999993,245.141578848,96,0,1.6111111111111112,2.4444444444444446,3.2222222222222223,2.3760785017791064,2.844923003077511,419.5098929640264,13.217332181807452,10.724960733344648,10.724960733344648,8.736382105218448,6.254233095473174,6.254233095473174,4.363404294180385,4.363404294180385,2.9054046101817854,2.9054046101817854,1.7800093141625317,1.7800093141625317,-1.6199999999999999,14.441050061050058,8.467721428259534,5.63191006693438,108.31370714144349,9.901064578912528,6.286160523129555,0.0,0.0,0.0,0.0,4.992404732635669,0.0,0.0,5.731218590741754,11.840868637711289,37.332411128607184,19.386399651764595,12.318566967283619,9.901064578912528,12.500761102664871,0.0,0.0,10.910310778797061,38.71099007914296,6.544756405912575,17.380343227644904,0.0,11.840868637711289,0.0,0.0,0.0,0.0,30.25601129116646,4.794537184071822,17.75877468387268,32.60702369139466,22.372747960280574,0.0,0.0,0.0,49.660000000000004,6.103966387748303,9.901064578912528,0.0,5.917906046161393,12.841643245852019,31.245664704963417,0.0,12.290620686369198,6.923737199690624,22.564491961088713,0.0,0.0,0.0,14.834173437893675,9.649473576467624,4.091097883597884,5.824814263668431,0.0,6.257623850466112,2.676150321239607,0.0,0.5333333333333333,18,1,3,0,1,1,0,0,0,0,2,0,3,1,3,1,2,0,0,0,0,2,6.793488280473457,1,1.912,72.43380000000003,0,1,1,0,0,0,0,0,0,0,1,1,0,0,1,1,0,0,0,0,0,0,0,1,0,0,0,0,0,0,0,0,0,0,0,0,0,0,0,0,0,0,0,0,0,0,0,0,0,0,0,0,0,0,0,0,0,0,0,0,0,0,0,0,0,0,0,0,0,0,0,0,0,0,0,0,0,0,0,0,0,0,0,0,0
CCS#SCCCCOC=O,9.708499053572556,9.708499053572556,0.5078728111615016,0.5078728111615016,0.49581234843034366,8.818181818181818,194.32099999999997,180.20899999999997,194.043521688,66,0,1.3636363636363635,2.1818181818181817,2.8181818181818183,2.0339309928768716,2.955008708940143,148.25490089603986,8.36396103067893,6.745877336977816,8.378870498833269,5.414213562373096,3.7112033724286846,6.199237244141268,1.9026241781723439,4.7738408209899585,1.0090854434009726,3.573902952911181,0.5367544645288248,2.3503543180094857,-0.09000000000000002,10.909999999999998,9.91,9.91,74.46248699659367,4.736862953800049,0.0,0.0,0.0,6.472220864716464,0.0,4.794537184071822,0.0,0.0,20.20012976852713,6.923737199690624,12.841643245852019,11.505707213493578,6.606881964512918,9.53140013787187,26.672350633243596,0.0,0.0,0.0,19.765380445542643,18.112589178006495,0.0,0.0,0.0,0.0,0.0,0.0,20.20012976852713,24.584810042722957,9.53140013787187,0.0,19.765380445542643,0.0,0.0,0.0,0.0,26.3,0.0,4.794537184071822,0.0,0.0,13.079102829229381,24.347350459345595,0.0,0.0,20.20012976852713,11.660600153490673,0.0,4.543411753590325,0.0,9.708499053572556,0.0,0.0,2.3157026329050137,0.0,2.112619992441421,3.2241619861519757,3.7622712480053746,0.8571428571428571,11,0,2,0,0,0,0,0,0,0,0,0,2,0,4,0,5,0,0,0,0,0,9.82891818181818,0,2.3409000000000004,51.84000000000003,0,0,0,0,0,0,0,0,0,0,1,1,0,0,0,0,0,0,0,0,0,0,0,0,0,0,0,0,0,0,0,0,0,0,0,0,0,0,0,0,0,1,0,0,0,0,0,0,0,0,0,0,0,0,0,0,0,0,0,0,0,0,0,0,0,0,0,0,0,0,0,0,0,0,0,0,0,0,0,0,0,0,0,1,0
CCC=CCCCCCC=C=CCCC,3.2335257341764376,3.2335257341764376,1.1649925220467179,1.1649925220467179,0.2685007822338806,10.266666666666667,206.373,180.16499999999996,206.203450832,86,0,0.8,1.5333333333333334,2.2666666666666666,2.2593895430561943,3.1721147819006443,192.08384997862257,11.192388155425121,10.466255326250886,10.466255326250886,7.414213562373096,6.457890326751507,6.457890326751507,3.881253343949684,3.881253343949684,2.2903364137778537,2.2903364137778537,1.3642203968670041,1.3642203968670041,-0.74,14.26,13.26,13.260000000000002,95.77963153282928,0.0,0.0,0.0,0.0,0.0,0.0,0.0,0.0,0.0,5.731218590741754,38.84115785890103,50.676969951223825,0.0,0.0,0.0,0.0,0.0,0.0,0.0,65.21404738278933,0.0,30.03529901807728,0.0,0.0,0.0,0.0,0.0,0.0,0.0,0.0,0.0,65.21404738278933,30.03529901807728,0.0,0.0,0.0,0.0,0.0,0.0,0.0,0.0,0.0,6.4208216229260096,44.94575136048208,0.0,0.0,43.88277341745852,0.0,0.0,0.0,0.0,0.0,3.2335257341764376,0.0,0.0,18.88559035840348,4.380883907420079,0.0,0.6666666666666666,15,0,0,0,0,0,0,0,0,0,0,0,0,0,0,0,9,0,0,0,0,0,12.605839999999999,0,5.414500000000005,70.07700000000006,0,0,0,0,0,0,0,0,0,0,0,0,0,0,0,0,0,0,0,0,0,0,0,0,0,0,3,0,0,0,0,0,0,0,0,0,0,0,0,0,0,0,0,0,0,0,0,0,0,0,0,0,0,0,0,0,0,0,0,0,0,0,0,0,0,0,0,0,0,0,0,0,0,0,0,0,0,0,0,0,0,0,0,5,0
CSCCCSCI,2.395349414210129,2.395349414210129,1.2422033257747542,1.2422033257747542,0.42427998352027524,9.75,262.181,251.093,261.934690352,50,0,1.375,2.125,2.625,1.8088121254443208,2.53006045688352,35.409909534217064,6.242640687119286,5.022888178683143,8.813379631714918,3.914213562373095,2.541534936160726,6.615663996746495,1.3637099060018776,5.252471265599294,0.7142885221051967,3.4640580498927482,0.3598796775712492,2.367416587697126,1.43,9.430000000000001,8.43,7.43,73.7070776571901,0.0,0.0,0.0,0.0,0.0,0.0,0.0,0.0,23.52376989878223,0.0,22.590870627068057,24.182298019930993,3.75958438611519,0.0,0.0,46.11464052585029,0.0,0.0,0.0,6.4208216229260096,21.521060783120173,0.0,0.0,0.0,0.0,0.0,0.0,46.11464052585029,21.521060783120173,0.0,0.0,6.4208216229260096,0.0,0.0,0.0,0.0,0.0,0.0,0.0,0.0,0.0,0.0,0.0,21.68611322253478,0.0,23.52376989878223,28.84663981057946,0.0,1.2422033257747542,6.353017592592593,0.0,0.0,0.0,2.660138888888889,0.0,3.5313068594104307,0.0,0.0,1.0,8,0,0,0,0,0,0,0,0,0,0,0,2,0,3,0,5,0,0,0,0,0,9.936862500000002,0,2.8652000000000015,54.34400000000002,0,0,0,0,0,0,0,0,0,0,0,0,0,0,0,0,0,0,0,0,0,0,0,0,0,1,0,0,0,0,0,0,0,0,0,0,0,0,0,0,0,0,0,0,1,0,0,0,0,0,0,0,0,0,0,0,0,0,0,0,0,0,0,0,0,0,0,0,0,0,0,0,0,0,0,2,0,0,0,0,0,0,0,0,0
CCOCCC=NCCCNCCC=O,9.98984649868006,9.98984649868006,0.594865527378327,0.594865527378327,0.3176352345215281,11.0,214.30899999999997,192.13299999999995,214.168127944,88,0,1.3333333333333333,2.2,2.933333333333333,2.2593895430561943,2.9911079735330564,160.66691118104077,11.192388155425121,9.575264964299318,9.575264964299318,7.414213562373096,5.618189328649962,5.618189328649962,3.1332489209283314,3.1332489209283314,1.804243843741331,1.804243843741331,1.04428138627185,1.04428138627185,-0.74,14.26,13.26,13.260000000000002,92.10892417081445,14.8481887418782,6.286160523129555,0.0,0.0,0.0,0.0,4.992404732635669,0.0,0.0,0.0,0.0,19.88931522852921,38.75263860172541,6.606881964512918,9.53140013787187,12.500761102664871,0.0,5.316788604006331,4.992404732635669,26.186202068468653,32.84803314676356,0.0,0.0,0.0,5.316788604006331,0.0,0.0,0.0,45.34879424942843,9.53140013787187,0.0,26.186202068468653,4.992404732635669,0.0,0.0,0.0,50.69,0.0,4.794537184071822,0.0,0.0,6.4208216229260096,51.97583691574513,0.0,0.0,13.13833777922594,10.309193336642,4.736862953800049,5.168841983102306,0.0,14.23627585746061,3.1676808267690304,0.0,0.0,0.0,5.355149673658873,6.072051659009181,0.0,0.8181818181818182,15,1,4,0,0,0,0,0,0,0,0,0,4,1,4,0,11,0,0,0,0,0,12.605839999999999,0,1.0524999999999998,62.63670000000004,0,0,0,0,0,0,0,0,0,0,1,1,0,0,1,1,1,0,0,0,0,0,0,1,0,0,0,0,0,0,0,0,0,0,0,0,0,0,0,0,0,1,0,0,0,0,0,0,0,0,0,0,0,0,0,0,0,0,0,0,0,0,0,0,0,0,0,0,0,0,0,0,0,0,0,0,0,0,0,0,0,0,0,0,0
CCC#CCC(C)S,4.168415532879819,4.168415532879819,0.4250462962962961,0.4250462962962961,0.4055993379742754,11.875,128.23999999999998,116.14399999999998,128.065971384,46,0,1.5,2.125,2.5,1.6646727945202302,3.1465468591195638,94.68979085671927,6.405777393935816,5.4387774270626785,6.333204618062594,3.770055610029662,2.9080110117737448,3.424408791268067,1.7602522924645587,2.641798443628992,0.6992500060620618,0.8818241918971171,0.3448744027234328,0.43616149564096046,-0.09000000000000002,7.91,5.054717800289436,5.91,57.08319576947019,0.0,0.0,0.0,0.0,0.0,0.0,0.0,0.0,12.628789148012991,11.840868637711289,13.847474399381248,0.0,18.091581275834194,0.0,0.0,12.628789148012991,0.0,0.0,0.0,31.939055675215442,0.0,0.0,0.0,11.840868637711289,0.0,0.0,0.0,12.628789148012991,5.249938029982174,0.0,11.840868637711289,26.689117645233267,0.0,0.0,0.0,0.0,0.0,0.0,0.0,0.0,0.0,5.249938029982174,12.841643245852019,0.0,0.0,6.923737199690624,31.393394985414904,0.0,0.0,4.168415532879819,0.0,0.4250462962962961,0.0,5.988796296296297,0.0,1.872469135802469,4.100828294280675,0.0,0.7142857142857143,8,0,0,0,0,0,0,0,0,0,1,0,1,1,1,0,1,0,0,0,0,1,4.99785222503618,0,2.1082000000000005,41.13200000000001,0,0,0,0,0,0,0,0,0,0,0,0,0,0,0,0,0,0,0,0,0,0,1,0,0,0,0,0,0,0,0,0,0,0,0,0,0,0,0,0,0,0,0,0,0,0,0,0,0,0,0,0,0,0,0,0,0,0,0,0,0,0,0,0,0,0,0,0,0,0,0,0,0,0,0,0,0,0,0,0,0,0,0,0,0
CC(CCCO)CCCCCCC=[N+],8.656700428449616,8.656700428449616,0.33003443526170795,0.33003443526170795,0.4253258703146084,12.714285714285714,198.32999999999996,174.13799999999998,198.18524080809,82,2,1.0714285714285714,1.7142857142857142,2.357142857142857,2.199412136772621,3.0586389648695302,125.49013676840814,10.648418081055103,9.413088760058098,9.413088760058098,6.808060412490447,5.876521796345214,5.876521796345214,4.14514505585838,4.14514505585838,2.635184323231283,2.635184323231283,1.6660637033792236,1.6660637033792236,-0.37,13.63,10.709176563737135,9.715984522785899,88.23319903765307,5.106527394840706,0.0,0.0,0.0,0.0,11.623884185326839,0.0,0.0,0.0,0.0,32.60702369139466,25.18037091493942,13.027703587438928,0.0,5.106527394840706,6.2146005795353165,0.0,5.409283605791522,5.917906046161393,58.29031018309871,6.606881964512918,0.0,0.0,0.0,5.409283605791522,0.0,0.0,0.0,17.92800993888894,0.0,5.917906046161393,58.29031018309871,0.0,0.0,0.0,0.0,42.53,0.0,0.0,0.0,0.0,6.606881964512918,31.60119253786543,31.897887071239353,0.0,0.0,6.923737199690624,10.515811000632228,0.0,0.0,0.0,17.1161529145124,0.0,0.7560688040648357,0.0,10.370005042306179,2.5911065724499167,0.0,0.9166666666666666,14,1,2,0,0,0,0,0,0,0,1,0,1,1,2,0,10,0,0,0,0,1,10.426148325981226,0,2.6065000000000005,61.38380000000005,0,1,1,0,0,0,0,0,0,0,0,0,0,0,0,1,0,0,0,0,0,0,0,0,0,0,0,0,0,0,0,0,0,0,0,0,0,0,0,0,0,0,0,0,0,0,0,0,0,0,0,0,0,0,0,0,0,0,0,0,0,0,0,0,0,0,0,0,0,0,0,0,0,0,0,0,0,0,0,0,0,0,0,4,0
CCCCNCC=CCN,5.2548359945830185,5.2548359945830185,0.6482716049382716,0.6482716049382716,0.426782110915356,11.0,142.24599999999995,124.10199999999999,142.146998576,60,0,1.4,2.2,2.8,1.9671544718900458,2.831324584147559,79.32677655889417,7.6568542494923815,6.767584713501616,6.767584713501616,4.914213562373096,3.972291767098018,3.972291767098018,2.2647843170117525,2.2647843170117525,1.2720449088363328,1.2720449088363328,0.6667304794442069,0.6667304794442069,-0.34,9.660000000000002,8.66,7.659999999999999,63.4939956770423,11.050456081168516,0.0,0.0,0.0,0.0,0.0,0.0,0.0,0.0,0.0,25.496599036284394,12.965578028838586,13.08951281182515,0.0,0.0,0.0,0.0,5.316788604006331,5.733667477162185,19.765380445542643,19.634269217737724,12.152040213667762,0.0,0.0,11.050456081168516,0.0,0.0,0.0,19.634269217737724,0.0,0.0,19.765380445542643,12.152040213667762,0.0,0.0,0.0,38.05,0.0,0.0,0.0,0.0,6.544756405912575,13.08951281182515,12.841643245852019,0.0,6.076020106833881,18.316545910530834,5.733667477162185,0.0,0.0,0.0,3.27875,5.2548359945830185,0.0,0.0,6.554239969135803,4.912174036281179,0.0,0.75,10,3,2,0,0,0,0,0,0,0,0,0,2,2,2,0,6,0,0,0,0,0,8.365560000000002,0,0.891,45.97210000000001,0,0,0,0,0,0,0,0,0,0,0,0,0,0,0,0,1,1,0,0,0,0,0,0,0,0,0,0,0,0,0,0,0,0,0,0,0,0,0,0,0,0,0,0,0,0,0,0,0,0,0,0,0,0,0,0,0,0,0,0,0,0,0,0,0,0,0,0,0,0,0,0,0,0,0,0,0,0,0,0,0,0,0,1,0
CC(=O)CCCCNON,10.400089049508694,10.400089049508694,0.23024707105064302,0.23024707105064302,0.4130303939209818,9.8,146.19,132.07799999999997,146.105527688,60,0,1.6,2.3,2.8,1.8709889548563379,2.838589121813916,95.74860596185445,7.819990956308912,6.222273974863542,6.222273974863542,4.7700556100296625,3.351057332045926,3.351057332045926,2.1713105818043235,2.1713105818043235,1.1410108691585383,1.1410108691585383,0.6300398276929221,0.6300398276929221,-0.44999999999999996,9.550000000000002,6.666959064327487,7.5500000000000025,60.63685880893995,4.794537184071822,5.783244946364939,0.0,0.0,0.0,0.0,0.0,4.938314213673218,11.377072069398258,0.0,0.0,19.765380445542643,12.965578028838586,0.0,9.73285139774504,5.783244946364939,0.0,5.480096598121202,5.896975471277056,26.186202068468653,6.544756405912575,0.0,0.0,0.0,11.377072069398258,0.0,0.0,0.0,12.328001352277514,9.73285139774504,0.0,26.186202068468653,0.0,0.0,0.0,0.0,64.35,0.0,4.794537184071822,0.0,5.783244946364939,12.965578028838586,12.841643245852019,0.0,6.923737199690624,0.0,10.41841081179442,5.896975471277056,0.0,0.0,14.514031793272867,0.0,2.488459939531368,4.922741244646007,0.0,2.453099962207105,2.2883337270093222,0.0,0.8333333333333334,10,3,4,0,0,0,0,0,0,0,0,0,4,2,4,0,6,0,0,0,0,0,6.366945906432751,0,0.1406,37.80709999999999,0,0,0,0,0,0,0,0,0,0,1,1,0,0,0,0,1,1,1,0,0,0,0,0,0,0,0,0,0,0,0,0,0,0,0,0,0,0,0,0,0,0,0,0,0,0,0,0,0,0,0,1,1,0,0,0,0,0,0,0,0,0,0,0,0,0,0,0,0,0,0,0,0,0,0,0,0,0,0,0,0,0,0,1,0
C=NCC,3.486111111111111,3.486111111111111,0.8333333333333334,0.8333333333333334,0.3928487897932449,6.25,57.096000000000004,50.03999999999999,57.057849223999995,24,0,2.0,2.25,2.25,1.370950594454669,2.2968352619191394,17.24511249783653,3.414213562373095,2.861427157873053,2.861427157873053,1.914213562373095,1.3395623132202232,1.3395623132202232,0.5398345637668168,0.5398345637668168,0.2236067977499789,0.2236067977499789,0.0,0.0,-0.33,3.67,2.67,1.6699999999999997,26.36445774248289,4.992404732635669,0.0,0.0,0.0,0.0,0.0,0.0,0.0,0.0,0.0,0.0,13.641253355990557,6.544756405912575,0.0,0.0,6.717516156299933,0.0,0.0,4.992404732635669,6.923737199690624,6.544756405912575,0.0,0.0,0.0,0.0,0.0,0.0,0.0,13.262272562212509,0.0,0.0,6.923737199690624,4.992404732635669,0.0,0.0,0.0,12.36,0.0,0.0,0.0,0.0,0.0,6.544756405912575,0.0,0.0,6.923737199690624,11.709920888935603,0.0,0.0,0.0,3.486111111111111,0.0,0.0,0.0,0.0,0.0,6.013888888888889,0.0,0.6666666666666666,4,0,1,0,0,0,0,0,0,0,0,0,1,0,1,0,1,0,0,0,0,0,2.449725,0,0.7069000000000001,20.089999999999996,0,0,0,0,0,0,0,0,0,0,0,0,0,0,1,1,0,0,0,0,0,0,0,0,0,0,0,0,0,0,0,0,0,0,0,0,0,0,0,0,0,0,0,0,0,0,0,0,0,0,0,0,0,0,0,0,0,0,0,0,0,0,0,0,0,0,0,0,0,0,0,0,0,0,0,0,0,0,0,0,0,0,0,0,0
CC(C)C1CC=N1,4.143518518518519,4.143518518518519,0.6527777777777777,0.6527777777777777,0.46972509389911254,28.142857142857142,97.161,86.073,97.08914935199999,40,0,1.7142857142857142,2.2857142857142856,2.2857142857142856,1.2326602568158207,2.2922782526026815,84.18080946738404,5.276020881938894,4.886371184255383,4.886371184255383,3.3045304526403108,2.820928232134633,2.820928232134633,2.3787122253174076,2.3787122253174076,1.4133329992171295,1.4133329992171295,0.6714234993696658,0.6714234993696658,-0.33,4.8199250374812594,1.6450481914728035,0.8166994050833662,44.45345293214348,0.0,0.0,0.0,0.0,0.0,0.0,4.992404732635669,0.0,0.0,0.0,13.847474399381248,5.917906046161393,12.635422202461326,6.041840829147961,0.0,6.2146005795353165,0.0,0.0,10.910310778797061,26.31013685145522,0.0,0.0,0.0,0.0,0.0,0.0,0.0,0.0,12.256441408683276,0.0,5.917906046161393,20.268296022307258,4.992404732635669,0.0,0.0,0.0,12.36,0.0,0.0,0.0,0.0,6.041840829147961,5.917906046161393,6.4208216229260096,0.0,6.2146005795353165,18.839879132016918,0.0,0.0,0.0,4.143518518518519,0.0,0.0,0.7546296296296294,0.6527777777777777,3.1967592592592595,4.418981481481482,0.0,0.8333333333333334,7,0,1,0,1,1,0,0,0,0,1,0,1,0,1,1,1,0,0,0,0,1,1.13271556656329,1,1.4855,31.734999999999985,0,0,0,0,0,0,0,0,0,0,0,0,0,0,1,1,0,0,0,0,0,0,0,0,0,0,0,0,0,0,0,0,0,0,0,0,0,0,0,0,0,0,0,0,0,0,0,0,0,0,0,0,0,0,0,0,0,0,0,0,0,0,0,0,0,0,0,0,0,0,0,0,0,0,0,0,0,0,0,0,0,0,0,0,0
C=COCN=CC,4.639861111111111,4.639861111111111,0.38888888888888884,0.38888888888888884,0.2957016919041998,9.285714285714286,99.13299999999998,90.06099999999999,99.068413908,40,0,1.8571428571428572,2.5714285714285716,3.0,1.690933805959686,2.821786283582492,68.48040587771368,5.535533905932738,4.424375986716168,4.424375986716168,3.414213562373095,2.084402610407817,2.084402610407817,0.9032058537891305,0.9032058537891305,0.44949651453279926,0.44949651453279926,0.17027337521065952,0.17027337521065952,-0.79,6.210000000000001,5.21,5.21,43.51828416859873,4.736862953800049,0.0,6.730816747499484,0.0,0.0,0.0,4.992404732635669,0.0,0.0,0.0,6.578935683598497,13.13833777922594,0.0,6.26208044842079,4.736862953800049,6.2146005795353165,0.0,0.0,4.992404732635669,6.923737199690624,6.730816747499484,12.841016132019288,0.0,0.0,0.0,0.0,0.0,0.0,12.9454173270348,4.736862953800049,0.0,6.923737199690624,17.833420864654958,0.0,0.0,0.0,21.59,0.0,0.0,0.0,0.0,6.730816747499484,0.0,6.26208044842079,6.2146005795353165,6.923737199690624,16.308203370034217,0.0,4.639861111111111,0.0,3.7430555555555554,0.0,0.0,0.0,0.0,3.052083333333333,5.5649999999999995,0.0,0.4,7,0,2,0,0,0,0,0,0,0,0,0,2,0,2,0,3,0,0,0,0,0,4.622014285714286,0,1.1946999999999999,30.314999999999987,0,0,0,0,0,0,0,0,0,0,0,0,0,0,1,1,0,0,0,0,0,0,0,0,0,0,0,0,0,0,0,0,0,0,0,0,0,0,0,0,0,1,0,0,0,0,0,0,0,0,0,0,0,0,0,0,0,0,0,0,0,0,0,0,0,0,0,0,0,0,0,0,0,0,0,0,0,0,0,0,0,0,0,0,0
CC=NCOC=CCCCC=CC1C#CC=C1CCC,5.180614538380973,5.180614538380973,0.36178781988208664,0.36178781988208664,0.1862264624562572,17.9,271.404,246.20399999999992,271.19361442,108,0,1.35,2.2,3.0,2.887680164908436,2.0810296167742433,432.069912878711,14.468409037364017,12.63955445741049,12.63955445741049,9.880540057561882,7.458011611030754,7.458011611030754,4.7029787805677135,4.7029787805677135,3.028756306600123,3.028756306600123,1.9772218040382916,1.9772218040382916,-1.75,16.304794520547944,11.108253315043438,6.991126141750492,122.87671982971617,4.736862953800049,0.0,6.730816747499484,0.0,0.0,0.0,4.992404732635669,0.0,0.0,0.0,37.33746767399569,56.54676901466701,0.0,12.179986494582185,4.736862953800049,6.2146005795353165,0.0,0.0,10.910310778797061,45.95158251401129,6.730816747499484,36.13926540582558,0.0,11.840868637711289,0.0,0.0,0.0,0.0,12.9454173270348,4.736862953800049,17.75877468387268,45.95158251401129,41.131670138461246,0.0,0.0,0.0,21.59,0.0,0.0,0.0,0.0,12.648722793660877,25.683286491704038,11.993926152995277,12.476681027956108,6.923737199690624,48.0610909973731,4.736862953800049,5.180614538380973,0.0,3.9574722172560794,0.0,1.4384488111485423,6.697609736611742,0.0,17.716728300869097,4.509126395733564,0.0,0.5,20,0,2,1,0,1,0,0,0,0,1,0,2,0,2,0,10,0,0,0,0,1,9.055889389198938,1,4.651100000000004,86.50600000000004,0,0,0,0,0,0,0,0,0,0,0,0,0,0,1,1,0,0,0,0,0,0,0,0,0,0,5,0,0,0,0,0,0,0,0,0,0,0,0,0,0,1,0,0,0,0,0,0,0,0,0,0,0,0,0,0,0,0,0,0,0,0,0,0,0,0,0,0,0,0,0,0,0,0,0,0,0,0,0,0,0,0,0,2,0
CCOCCC=CC=O,9.709927799823634,9.709927799823634,0.7091666666666666,0.7091666666666666,0.31538607923562895,10.333333333333334,128.171,116.07499999999997,128.083729624,52,0,1.5555555555555556,2.3333333333333335,2.888888888888889,1.88523483624215,2.898197163435919,86.91694057588533,6.949747468305834,5.669867732056247,5.669867732056247,4.414213562373095,3.095074267902219,3.095074267902219,1.5498336732668345,1.5498336732668345,0.8476296930135556,0.8476296930135556,0.4474928827952102,0.4474928827952102,-0.6300000000000001,8.369999999999997,7.369999999999997,7.3699999999999966,55.514368011575584,4.736862953800049,6.286160523129555,0.0,0.0,0.0,0.0,4.794537184071822,0.0,0.0,0.0,6.076020106833881,19.420578929450514,6.606881964512918,6.606881964512918,9.53140013787187,6.286160523129555,0.0,0.0,0.0,13.344558822616634,13.213763929025836,12.152040213667762,0.0,0.0,0.0,0.0,0.0,0.0,19.49992445215539,9.53140013787187,0.0,13.344558822616634,12.152040213667762,0.0,0.0,0.0,26.3,0.0,4.794537184071822,0.0,0.0,6.606881964512918,19.313864110568485,6.076020106833881,6.076020106833881,6.923737199690624,0.0,4.736862953800049,5.012876984126985,0.0,9.709927799823634,0.0,0.0,0.0,0.0,4.875204081632653,3.4019911344167295,0.0,0.5714285714285714,9,0,2,0,0,0,0,0,0,0,0,0,2,0,2,0,5,0,0,0,0,0,6.854099999999995,0,1.1681000000000001,36.314,0,0,0,0,0,0,0,0,0,0,1,1,0,0,0,0,0,0,0,0,0,0,0,1,0,0,1,0,0,0,0,0,0,0,0,0,0,0,0,0,0,1,0,0,0,0,0,0,0,0,0,0,0,0,0,0,0,0,0,0,0,0,0,0,0,0,0,0,0,0,0,0,0,0,0,0,0,0,0,0,0,0,0,0,0
CCCC=O,9.40486111111111,9.40486111111111,0.7083333333333333,0.7083333333333333,0.4443450475833798,7.4,72.107,64.04299999999999,72.057514876,30,0,1.8,2.4,2.4,1.4056390622295665,2.4017152226171965,24.828921423310437,4.121320343559642,3.399812122026584,3.399812122026584,2.414213562373095,1.8510573320459265,1.8510573320459265,0.9553418012614794,0.9553418012614794,0.4065262647925708,0.4065262647925708,0.11785113019775793,0.11785113019775793,-0.33,4.67,3.67,3.67,31.99559947106314,4.794537184071822,6.286160523129555,0.0,0.0,0.0,0.0,0.0,0.0,0.0,0.0,6.923737199690624,6.4208216229260096,6.4208216229260096,0.0,4.794537184071822,6.286160523129555,0.0,0.0,0.0,19.765380445542643,0.0,0.0,0.0,0.0,0.0,0.0,0.0,0.0,6.286160523129555,4.794537184071822,0.0,19.765380445542643,0.0,0.0,0.0,0.0,17.07,0.0,4.794537184071822,0.0,0.0,6.4208216229260096,12.706982146055566,0.0,0.0,6.923737199690624,0.0,0.0,0.0,0.0,9.40486111111111,0.0,0.0,0.0,0.0,2.614583333333333,1.9805555555555556,0.0,0.75,5,0,1,0,0,0,0,0,0,0,0,0,1,0,1,0,2,0,0,0,0,0,3.42778,0,0.9854,20.971999999999994,0,0,0,0,0,0,0,0,0,0,1,1,0,0,0,0,0,0,0,0,0,0,0,1,0,0,0,0,0,0,0,0,0,0,0,0,0,0,0,0,0,0,0,0,0,0,0,0,0,0,0,0,0,0,0,0,0,0,0,0,0,0,0,0,0,0,0,0,0,0,0,0,0,0,0,0,0,0,0,0,0,0,0,1,0
CCC#CC=C1CCC1(C)C,3.080578703703704,3.080578703703704,0.4468466553287982,0.4468466553287982,0.46284825346169955,23.727272727272727,148.24899999999997,132.12099999999998,148.125200512,60,0,1.5454545454545454,2.272727272727273,2.6363636363636362,1.9611870964975142,2.5500281146104453,220.1582028368464,8.319990956308912,7.698670612749268,7.698670612749268,5.16583188730236,4.345117222155994,4.345117222155994,3.7281271047938827,3.7281271047938827,2.413866572927434,2.413866572927434,1.2770834916077822,1.2770834916077822,-0.7000000000000001,8.397087378640776,3.1330480708103092,1.8653204862810047,69.69246337794141,0.0,0.0,0.0,0.0,0.0,0.0,0.0,0.0,0.0,0.0,38.18518476685243,24.33265382208268,6.4208216229260096,0.0,0.0,0.0,0.0,0.0,5.41499046939678,40.0336764678499,0.0,11.64912463690315,0.0,11.840868637711289,0.0,0.0,0.0,0.0,0.0,0.0,17.25585910710807,40.0336764678499,11.64912463690315,0.0,0.0,0.0,0.0,0.0,0.0,0.0,0.0,5.41499046939678,6.4208216229260096,18.414747775921285,0.0,0.0,38.68810034361704,0.0,0.0,0.0,0.0,0.0,1.9731892479213908,6.139328703703704,0.0,5.648056736583522,6.656091978458051,0.0,0.6363636363636364,11,0,0,1,0,1,0,0,0,0,0,0,0,0,0,0,0,1,0,1,0,0,2.39167985564328,1,3.146200000000002,49.165000000000035,0,0,0,0,0,0,0,0,0,0,0,0,0,0,0,0,0,0,0,0,0,0,0,0,0,0,2,0,0,0,0,0,0,0,0,0,0,0,0,0,0,0,0,0,0,0,0,0,0,0,0,0,0,0,0,0,0,0,0,0,0,0,0,0,0,0,0,0,0,0,0,0,0,0,0,0,0,0,0,0,0,0,0,0,0
CCCCCC1CC=CCC(C)NCC1,3.593594891660368,3.593594891660368,0.6626313040648357,0.6626313040648357,0.546739147844893,28.133333333333333,209.37699999999995,182.16099999999997,209.21434986399998,88,0,1.2,2.0,2.8,2.318221030516726,2.243255185291717,174.1775138208158,10.932875131431278,10.466255326250886,10.466255326250886,7.32569850269549,6.709508651680773,6.709508651680773,4.948463211265214,4.948463211265214,3.3870298814462645,3.3870298814462645,2.269267306088794,2.269267306088794,-0.3,12.768027210884354,7.923098712754132,5.986124676817007,95.33792651288002,5.316788604006331,0.0,0.0,0.0,0.0,0.0,0.0,0.0,0.0,0.0,44.75906390506242,38.64886452054262,6.041840829147961,0.0,0.0,0.0,0.0,5.316788604006331,5.917906046161393,64.83506658901128,6.544756405912575,12.152040213667762,0.0,0.0,5.316788604006331,0.0,0.0,0.0,12.586597235060536,0.0,5.917906046161393,58.79322575986332,12.152040213667762,0.0,0.0,0.0,12.03,0.0,0.0,0.0,0.0,6.041840829147961,5.917906046161393,51.49050776639464,0.0,0.0,31.31630321705534,0.0,0.0,0.0,0.0,3.593594891660368,0.0,0.9218518518518517,0.6626313040648357,14.2170620223398,5.771526596749812,0.0,0.8571428571428571,15,1,1,0,1,1,0,0,0,0,2,0,1,1,1,1,4,0,0,0,0,2,6.744155997264503,1,3.901100000000003,68.08770000000005,0,0,0,0,0,0,0,0,0,0,0,0,0,0,0,0,1,0,0,0,0,0,0,0,0,0,1,0,0,0,0,0,0,0,0,0,0,0,0,0,0,0,0,0,0,0,0,0,0,0,0,0,0,0,0,0,0,0,0,0,0,0,0,0,0,0,0,0,0,0,0,0,0,0,0,0,0,0,0,0,0,0,0,2,0
CCCCCC1CC=CCC(C)NCCCNCC2=C1CCCC(O)CC=CC2,10.203430285916863,10.203430285916863,0.16902014631993034,-0.16902014631993034,0.41927542255399886,28.586206896551722,402.6670000000002,356.29900000000015,402.36101409199995,166,0,1.0,1.8275862068965518,2.689655172413793,2.7114972539211863,2.2338369548171904,522.801368244729,20.735993750865628,19.095267197625553,19.095267197625553,14.202708600407236,12.332227833714038,12.332227833714038,9.107090940125287,9.107090940125287,6.4640218880813185,6.4640218880813185,4.631637653044798,4.631637653044798,-0.9,24.37019047956449,14.984286653517424,10.10725191065646,179.67629060354562,15.740104602853368,0.0,0.0,0.0,0.0,0.0,0.0,0.0,0.0,0.0,61.636491555942705,83.71855066401126,12.586597235060536,6.103966387748303,5.106527394840706,0.0,0.0,10.633577208012662,5.917906046161393,103.04314109138964,19.634269217737724,35.45028948747406,0.0,0.0,10.633577208012662,0.0,0.0,0.0,36.886603829474694,0.0,5.917906046161393,90.89733387449338,35.45028948747406,0.0,0.0,0.0,44.29,0.0,5.106527394840706,0.0,6.103966387748303,11.959746875309353,58.1591989552938,38.524929737556064,11.146209060138535,0.0,48.78513203472943,0.0,0.0,0.0,0.0,17.583715665439566,3.3112601043503824,0.6581252362055932,0.5581376197555846,22.943954046866825,7.778140660715378,0.0,0.7692307692307693,29,3,3,1,1,2,0,0,0,0,3,0,3,3,3,1,4,0,0,0,0,3,12.592066205055708,2,5.668500000000006,126.2152000000001,0,1,1,0,0,0,0,0,0,0,0,0,0,0,0,0,2,0,0,0,0,0,0,0,0,0,3,0,0,0,0,0,0,0,0,0,0,0,0,0,0,0,0,0,0,0,0,0,0,0,0,0,0,0,0,0,0,0,0,0,0,0,0,0,0,0,0,0,0,0,0,0,0,0,0,0,0,0,0,0,0,0,0,2,0
C#CC#C,4.541666666666667,4.541666666666667,1.9583333333333335,1.9583333333333335,0.3452918329404546,2.5,50.059999999999995,48.044,50.015650064,18,0,1.0,1.25,1.25,1.370950594454669,3.137461179749811,55.01955000865387,3.414213562373095,2.1547005383792515,2.1547005383792515,1.914213562373095,0.8273502691896257,0.8273502691896257,0.2886751345948129,0.2886751345948129,0.08333333333333336,0.08333333333333336,0.0,0.0,-0.88,3.12,2.1200000000000006,1.120000000000002,25.832528154737915,0.0,0.0,0.0,0.0,0.0,0.0,0.0,0.0,0.0,12.846699791240518,0.0,11.840868637711289,0.0,0.0,0.0,0.0,0.0,0.0,0.0,0.0,0.0,0.0,0.0,24.687568428951806,0.0,0.0,0.0,0.0,0.0,0.0,24.687568428951806,0.0,0.0,0.0,0.0,0.0,0.0,0.0,0.0,0.0,0.0,0.0,0.0,0.0,0.0,11.840868637711289,12.846699791240518,0.0,0.0,0.0,0.0,0.0,0.0,3.916666666666667,0.0,9.083333333333334,0.0,0.0,0.0,4,0,0,0,0,0,0,0,0,0,0,0,0,0,0,0,0,0,0,0,0,0,1.6536000000000004,0,0.2528,17.665999999999997,0,0,0,0,0,0,0,0,0,0,0,0,0,0,0,0,0,0,0,0,0,0,0,0,0,0,0,0,0,0,0,0,0,0,0,0,0,0,0,0,0,0,0,0,0,0,0,0,0,0,0,0,0,0,0,0,0,0,0,0,0,0,0,0,0,0,0,0,0,0,0,0,0,0,0,0,0,0,2,0,0,0,0,0,0
CCC#CCCC,3.0347222222222223,3.0347222222222223,1.0,1.0,0.4388693730155456,7.142857142857143,96.17299999999999,84.07699999999998,96.093900384,40,0,1.1428571428571428,1.8571428571428572,2.2857142857142856,1.690933805959686,2.908625128121578,71.77443751081735,5.535533905932738,5.121320343559642,5.121320343559642,3.414213562373095,2.8713203435596424,2.8713203435596424,1.4571067811865475,1.4571067811865475,0.6767766952966368,0.6767766952966368,0.3383883476483184,0.3383883476483184,-0.44,6.5600000000000005,5.559999999999999,5.559999999999999,45.92812910606846,0.0,0.0,0.0,0.0,0.0,0.0,0.0,0.0,0.0,11.840868637711289,13.847474399381248,6.4208216229260096,12.841643245852019,0.0,0.0,0.0,0.0,0.0,0.0,33.10993926815928,0.0,0.0,0.0,11.840868637711289,0.0,0.0,0.0,0.0,0.0,0.0,11.840868637711289,33.10993926815928,0.0,0.0,0.0,0.0,0.0,0.0,0.0,0.0,0.0,0.0,12.841643245852019,6.4208216229260096,0.0,0.0,25.688343037092537,0.0,0.0,0.0,0.0,0.0,0.0,6.033888888888889,0.0,3.2508333333333335,4.215277777777779,0.0,0.7142857142857143,7,0,0,0,0,0,0,0,0,0,0,0,0,0,0,0,1,0,0,0,0,0,5.210514285714285,0,2.1999000000000004,32.97499999999999,0,0,0,0,0,0,0,0,0,0,0,0,0,0,0,0,0,0,0,0,0,0,0,0,0,0,0,0,0,0,0,0,0,0,0,0,0,0,0,0,0,0,0,0,0,0,0,0,0,0,0,0,0,0,0,0,0,0,0,0,0,0,0,0,0,0,0,0,0,0,0,0,0,0,0,0,0,0,0,0,0,0,0,1,0
C=[N+]CCCC,3.6754166666666666,3.6754166666666666,0.9270833333333334,0.9270833333333334,0.3556774860825686,8.166666666666666,85.15,74.06199999999998,85.08860077208999,35,1,1.6666666666666667,2.3333333333333335,2.5,1.6143308351592656,2.488403771876112,32.919684538544,4.82842712474619,4.275640720246148,4.275640720246148,2.914213562373095,2.339562313220223,2.339562313220223,1.3007669860932314,1.3007669860932314,0.6697811566101115,0.6697811566101115,0.26991728188340836,0.26991728188340836,-0.33,5.670000000000001,4.67,3.67,39.09434197127611,0.0,0.0,6.717516156299933,6.544756405912575,0.0,0.0,0.0,0.0,0.0,0.0,6.923737199690624,6.4208216229260096,11.41322635556168,0.0,0.0,6.717516156299933,0.0,4.992404732635669,0.0,19.765380445542643,6.544756405912575,0.0,0.0,0.0,4.992404732635669,0.0,0.0,0.0,13.262272562212509,0.0,0.0,19.765380445542643,0.0,0.0,0.0,0.0,14.100000000000001,0.0,0.0,0.0,0.0,0.0,6.544756405912575,12.841643245852019,0.0,0.0,18.633658088626227,0.0,0.0,0.0,3.6754166666666666,0.0,0.0,0.0,0.0,2.4052777777777776,6.419305555555555,0.0,0.8,6,0,1,0,0,0,0,0,0,0,0,0,1,0,1,0,3,0,0,0,0,0,4.413150000000001,0,0.8229,29.029999999999983,0,0,0,0,0,0,0,0,0,0,0,0,0,0,1,1,0,0,0,0,0,0,0,0,0,0,0,0,0,0,0,0,0,0,0,0,0,0,0,0,0,0,0,0,0,0,0,0,0,0,0,0,0,0,0,0,0,0,0,0,0,0,0,0,0,0,0,0,0,0,0,0,0,0,0,0,0,0,0,0,0,0,0,1,0
CCNOCC,4.732638888888889,4.732638888888889,0.7438888888888889,0.7438888888888889,0.4024105103927477,9.0,89.138,78.05,89.084063972,38,0,1.5,2.1666666666666665,2.3333333333333335,1.6143308351592656,2.3390923149762908,19.509775004326936,4.82842712474619,4.322461852836958,4.322461852836958,2.914213562373095,2.260566232793113,2.260566232793113,0.9309036597828995,0.9309036597828995,0.39073720721077865,0.39073720721077865,0.2041241452319315,0.2041241452319315,-0.08,5.92,4.920000000000001,3.9200000000000004,38.451523283612275,4.8375885837366335,0.0,0.0,0.0,0.0,0.0,0.0,5.480096598121202,0.0,0.0,6.923737199690624,6.923737199690624,6.544756405912575,6.606881964512918,4.8375885837366335,0.0,0.0,5.480096598121202,0.0,13.847474399381248,13.151638370425493,0.0,0.0,0.0,5.480096598121202,0.0,0.0,0.0,13.151638370425493,4.8375885837366335,0.0,13.847474399381248,0.0,0.0,0.0,0.0,21.259999999999998,0.0,0.0,0.0,0.0,0.0,13.151638370425493,0.0,0.0,13.847474399381248,5.480096598121202,4.8375885837366335,0.0,0.0,4.732638888888889,0.0,2.6979166666666665,0.0,0.0,0.0,5.569444444444445,0.0,1.0,6,1,2,0,0,0,0,0,0,0,0,0,2,1,2,0,3,0,0,0,0,0,4.854400000000001,0,0.5474000000000001,25.30269999999999,0,0,0,0,0,0,0,0,0,0,0,0,0,0,0,0,1,0,1,0,0,0,0,0,0,0,0,0,0,0,0,0,0,0,0,0,0,0,0,0,0,0,0,0,0,0,0,0,0,0,0,0,0,0,0,0,0,0,0,0,0,0,0,0,0,0,0,0,0,0,0,0,0,0,0,0,0,0,0,0,0,0,0,0,0
CCCCCN=[SH]C,4.181527777777777,4.181527777777777,1.0614043209876542,1.0614043209876542,0.4433642909927663,11.75,133.26000000000002,118.13999999999999,133.09252048,50,0,1.375,2.125,2.625,1.8088121254443208,2.7185047751704623,61.548875021634686,6.242640687119286,5.7228543157461065,6.617281506746022,3.914213562373095,3.1705481427033435,4.46497533370326,1.7721349351738356,2.454977647648455,1.003088629839002,1.485931342313621,0.5325140769936441,0.8739354332309535,0.14999999999999997,8.150000000000002,7.1499999999999995,6.1499999999999995,55.62322507110386,0.0,0.0,0.0,0.0,0.0,0.0,4.362699291082171,0.0,0.0,11.558232291440612,19.765380445542643,12.676590806437414,6.544756405912575,0.0,0.0,11.558232291440612,0.0,0.0,4.362699291082171,26.186202068468653,12.80052558942398,0.0,0.0,0.0,0.0,0.0,0.0,0.0,12.80052558942398,11.558232291440612,0.0,26.186202068468653,4.362699291082171,0.0,0.0,0.0,12.36,0.0,0.0,0.0,0.0,0.0,6.544756405912575,30.820697160218643,0.0,0.0,17.542205674284197,0.0,4.181527777777777,1.18555114638448,0.0,0.0,0.0,0.0,0.0,5.970663580246914,3.27336860670194,0.0,1.0,8,0,1,0,0,0,0,0,0,0,0,0,1,1,2,0,4,0,0,0,0,0,7.284062500000001,0,1.8049,41.50400000000001,0,0,0,0,0,0,0,0,0,0,0,0,0,0,0,1,0,0,0,0,0,0,1,0,0,0,0,0,0,0,0,0,0,0,0,0,0,0,0,0,0,0,0,0,0,0,0,0,0,0,0,0,0,0,0,0,0,0,0,0,0,0,0,0,0,0,0,0,0,0,0,0,0,0,0,0,0,0,0,0,0,0,0,2,0
COCOC(CF)OCCCC=CNOC,12.31057916049799,12.31057916049799,0.03397647561473316,-0.8323798763332497,0.3339065880965569,13.1875,237.271,217.111,237.13763634,96,0,1.3125,2.125,2.75,2.316077679839284,3.3305860686799464,168.89801910304962,12.0626316434282,9.778542348366296,9.778542348366296,7.846065214951232,5.063816941503425,5.063816941503425,2.894418199198157,2.894418199198157,1.6203888450282036,1.6203888450282036,0.8965821751641736,0.8965821751641736,-0.6900000000000002,15.31,12.379881201956675,9.849516086105751,95.45774402925454,14.210588861400147,13.467533278374734,6.290026729335213,0.0,0.0,0.0,10.317685181857836,4.39041504767482,0.0,0.0,6.076020106833881,12.841643245852019,13.309752431097982,13.716679505790452,23.4385924928116,0.0,0.0,5.480096598121202,0.0,19.131669975187233,34.29401032544272,12.27597499665433,0.0,0.0,5.480096598121202,4.39041504767482,0.0,0.0,40.58403705477794,19.04817744513678,0.0,12.841643245852019,12.27597499665433,0.0,0.0,0.0,48.95,12.96461770161012,4.39041504767482,0.0,6.792942306099827,6.606881964512918,12.841643245852019,14.219595082555067,6.199954889820448,6.076020106833881,15.054548135657885,9.473725907600098,27.007134119022126,0.0,4.596752102566427,0.0,2.5644176517025543,0.0,0.0,4.357861525783152,-0.20208240607997086,3.0092503403390434,0.8,16,1,5,0,0,0,0,0,0,0,1,0,5,1,6,0,11,0,0,0,0,1,11.845998825122294,0,1.364,57.19470000000004,0,0,0,0,0,0,0,0,0,0,0,0,0,0,0,0,1,0,1,0,0,0,0,0,0,1,1,0,0,0,0,0,0,0,0,0,0,0,0,0,0,3,0,0,1,0,0,0,0,0,0,0,0,0,0,1,0,0,0,0,0,0,0,0,0,0,0,0,0,0,0,0,0,0,0,0,0,0,0,0,0,0,0,1,0
C=NCCCC,3.6754166666666666,3.6754166666666666,0.9270833333333334,0.9270833333333334,0.36342005789225096,8.166666666666666,85.15,74.06199999999998,85.08914935199999,36,0,1.6666666666666667,2.3333333333333335,2.5,1.6143308351592656,2.488403771876112,32.919684538544,4.82842712474619,4.275640720246148,4.275640720246148,2.914213562373095,2.339562313220223,2.339562313220223,1.3007669860932314,1.3007669860932314,0.6697811566101115,0.6697811566101115,0.26991728188340836,0.26991728188340836,-0.33,5.670000000000001,4.67,3.67,39.09434197127611,4.992404732635669,0.0,0.0,0.0,0.0,0.0,0.0,0.0,0.0,0.0,13.344558822616634,13.138337779225942,6.544756405912575,0.0,0.0,6.717516156299933,0.0,0.0,4.992404732635669,19.765380445542643,6.544756405912575,0.0,0.0,0.0,0.0,0.0,0.0,0.0,13.262272562212509,0.0,0.0,19.765380445542643,4.992404732635669,0.0,0.0,0.0,12.36,0.0,0.0,0.0,0.0,0.0,6.544756405912575,12.841643245852019,0.0,0.0,18.633658088626227,0.0,0.0,0.0,3.6754166666666666,0.0,0.0,0.0,0.0,2.4052777777777776,6.419305555555555,0.0,0.8,6,0,1,0,0,0,0,0,0,0,0,0,1,0,1,0,3,0,0,0,0,0,4.413150000000001,0,1.4871,29.323999999999984,0,0,0,0,0,0,0,0,0,0,0,0,0,0,1,1,0,0,0,0,0,0,0,0,0,0,0,0,0,0,0,0,0,0,0,0,0,0,0,0,0,0,0,0,0,0,0,0,0,0,0,0,0,0,0,0,0,0,0,0,0,0,0,0,0,0,0,0,0,0,0,0,0,0,0,0,0,0,0,0,0,0,0,1,0
NCC=CCCC=S=C1CCCCCCC1,5.385981179906178,5.385981179906178,0.6711486678004536,0.6711486678004536,0.4513498663252433,18.1875,239.4279999999999,214.22799999999995,239.17077079999999,92,0,0.9375,1.625,2.3125,2.2516769024800083,2.2803966926321517,251.90890672641933,11.476845205801295,10.288717179087843,11.10521376001557,7.931851652578136,6.613259682002781,7.492912493257675,4.3754169348017795,5.521802797720255,2.915164820104191,4.05911537096357,1.9726380803533219,2.986651629424879,-0.3400000000000001,13.723856960408686,9.855652330560075,7.019993535884179,103.65849221925626,5.733667477162185,0.0,0.0,0.0,0.0,0.0,0.0,0.0,10.940053539458521,0.0,31.414505082445793,48.75697995182392,6.544756405912575,0.0,0.0,21.172103753726386,0.0,0.0,5.733667477162185,57.787394606334104,6.544756405912575,12.152040213667762,0.0,0.0,5.733667477162185,0.0,0.0,10.940053539458521,16.77680662018044,0.0,0.0,57.787394606334104,12.152040213667762,0.0,0.0,0.0,26.02,0.0,0.0,0.0,0.0,6.544756405912575,6.4208216229260096,51.36657298340809,4.864567318751625,17.0160736462924,11.44350300235012,5.733667477162185,0.0,0.0,1.710652268623499,2.3728136810279667,5.385981179906178,0.0,0.0,16.35488157414606,0.6711486678004536,2.0045226284958426,0.7142857142857143,16,2,1,1,0,1,0,0,0,0,0,0,1,1,2,0,4,1,0,1,0,0,8.453597677257811,1,3.7336000000000027,78.40940000000005,0,0,0,0,0,0,0,0,0,0,0,0,0,0,0,0,0,1,0,0,0,0,0,0,0,0,1,0,0,0,0,0,0,0,0,0,0,0,0,0,0,0,0,0,0,0,0,0,0,0,0,0,0,0,0,0,0,0,0,0,0,0,0,0,0,0,0,0,0,0,0,0,0,0,0,0,0,0,0,0,0,0,0,1,0
NCC=CCCC=S=C1CCCCCCCCC2N=CCCC[N+]=C12,5.497947366538948,5.497947366538948,0.29762591558406837,0.29762591558406837,0.45667075257004763,23.16,361.59900000000005,326.3190000000001,361.25462054009,139,1,1.08,1.92,2.8,2.6347241457309805,2.1713261391498193,527.2592514330819,17.58129321248638,15.666272033213204,16.48276861414093,12.41501490017253,10.171110350193183,11.050763161448078,6.908779437873133,7.9706143114287284,4.771087107672385,5.871236199946209,3.360676133167069,4.399316880732082,-1.0,20.3136,13.236623067776456,8.28,156.99790083822353,5.733667477162185,6.041840829147961,0.0,6.544756405912575,5.711685002770702,0.0,4.992404732635669,0.0,0.0,10.940053539458521,44.25614832829781,50.10701321260761,17.957982761474256,4.864567318751625,0.0,33.098389336032405,0.0,4.992404732635669,10.726072209797854,83.0917003042601,13.08951281182515,12.152040213667762,0.0,0.0,10.726072209797854,0.0,0.0,10.940053539458521,41.28968943754699,0.0,0.0,77.04985947511214,17.14444494630343,0.0,0.0,0.0,52.48,0.0,0.0,0.0,0.0,12.586597235060536,32.22804289761661,61.942825304930416,0.0,17.0160736462924,17.658103581885435,15.718476942433522,0.0,0.0,11.394202568181644,2.359020455404384,6.800355036397015,0.0,0.29762591558406837,21.124964082131434,1.599364113503273,1.9244678287981858,0.7142857142857143,25,2,3,1,1,2,0,0,0,0,1,0,3,1,4,1,4,1,0,1,0,1,10.755338653983353,2,4.133700000000004,116.54840000000007,0,0,0,0,0,0,0,0,0,0,0,0,0,0,2,2,0,1,0,0,0,0,0,0,0,0,1,0,0,0,0,0,0,0,0,0,1,0,0,0,0,0,0,0,0,0,0,0,0,0,0,0,0,0,0,0,0,0,0,0,0,0,0,0,0,0,0,0,0,0,0,0,0,0,0,0,0,0,0,0,0,0,0,1,0
CC=NC=O,9.206944444444444,9.206944444444444,0.5,0.5,0.32123875422040105,9.0,71.07900000000001,66.03899999999999,71.03711378,28,0,1.8,2.4,2.4,1.4056390622295665,2.9244181981729174,48.854752972273346,4.121320343559642,3.0101624243430725,3.0101624243430725,2.414213562373095,1.329450309079464,1.329450309079464,0.5126793435860931,0.5126793435860931,0.20992926044500448,0.20992926044500448,0.06085806194501848,0.06085806194501848,-0.66,4.34,3.34,3.3399999999999994,30.525979842526652,0.0,0.0,0.0,6.410095306116121,0.0,0.0,4.794537184071822,4.992404732635669,0.0,0.0,0.0,6.923737199690624,6.2146005795353165,0.0,4.794537184071822,12.624695885651438,0.0,0.0,4.992404732635669,6.923737199690624,0.0,0.0,0.0,0.0,0.0,0.0,0.0,0.0,12.624695885651438,4.794537184071822,0.0,6.923737199690624,4.992404732635669,0.0,0.0,0.0,29.43,0.0,4.794537184071822,0.0,0.0,6.410095306116121,0.0,6.2146005795353165,6.923737199690624,0.0,4.992404732635669,0.0,0.0,0.0,12.37361111111111,0.0,0.0,0.0,0.0,1.9375,1.6888888888888889,0.0,0.3333333333333333,5,0,2,0,0,0,1,0,0,0,0,0,1,0,2,0,1,0,0,0,0,0,2.89912,0,0.23350000000000004,20.229999999999993,0,0,0,0,0,0,0,0,0,0,1,1,0,0,1,1,0,0,0,0,0,0,0,0,0,0,0,1,0,0,0,0,0,0,0,0,0,0,0,0,0,0,0,0,0,0,0,0,0,0,0,0,0,0,0,0,0,0,0,0,0,0,0,0,0,0,0,0,0,0,0,0,0,0,0,0,0,0,0,0,0,0,0,0,0
C=NC=NC,3.5,3.5,1.3888888888888888,1.3888888888888888,0.31384636062702775,9.0,70.095,64.047,70.053098192,28,0,1.8,2.4,2.4,1.4056390622295665,2.924418198172918,46.854752972273346,4.121320343559642,3.178884241376089,3.178884241376089,2.414213562373095,1.279839141011118,1.279839141011118,0.5562431294201418,0.5562431294201418,0.19711971193069777,0.19711971193069777,0.0816496580927726,0.0816496580927726,-0.66,4.34,3.34,3.3399999999999994,31.259780228343015,0.0,6.338535362521884,0.0,0.0,0.0,0.0,9.984809465271338,0.0,0.0,0.0,0.0,6.717516156299933,7.04767198267719,0.0,0.0,13.056051518821818,0.0,0.0,9.984809465271338,0.0,7.04767198267719,0.0,0.0,0.0,0.0,0.0,0.0,0.0,20.103723501499008,0.0,0.0,0.0,9.984809465271338,0.0,0.0,0.0,24.72,0.0,0.0,0.0,0.0,0.0,0.0,6.338535362521884,7.04767198267719,0.0,16.702325621571273,0.0,0.0,0.0,6.8125,0.0,0.0,0.0,0.0,1.3888888888888888,3.151111111111111,1.6475,0.3333333333333333,5,0,2,0,0,0,0,0,0,0,0,0,1,0,2,0,1,0,0,0,0,0,2.89912,0,0.3451,23.964999999999993,0,0,0,0,0,0,0,0,0,0,0,0,0,0,2,2,0,0,0,0,0,0,0,0,0,0,0,0,0,0,0,0,0,0,0,0,0,0,0,0,0,0,0,0,0,0,0,0,0,0,0,0,0,0,0,0,0,0,0,0,0,0,0,0,0,0,0,0,0,0,0,0,0,0,0,0,0,0,0,0,0,0,0,0,0
C=CC,3.361111111111111,3.361111111111111,1.75,1.75,0.3570688167166915,4.333333333333333,42.080999999999996,36.033,42.046950192,18,0,2.0,2.0,2.0,0.9182958340544894,2.1874960973678963,7.5097750043269365,2.7071067811865475,2.284457050376173,2.284457050376173,1.4142135623730951,0.9855985596534889,0.9855985596534889,0.408248290463863,0.408248290463863,0.0,0.0,0.0,0.0,-0.26,2.7400000000000007,1.7400000000000013,1.7399999999999973,20.779532224438512,0.0,0.0,0.0,0.0,0.0,0.0,0.0,0.0,0.0,6.578935683598497,6.076020106833881,6.923737199690624,0.0,0.0,0.0,0.0,0.0,0.0,0.0,6.923737199690624,0.0,12.654955790432378,0.0,0.0,0.0,0.0,0.0,0.0,0.0,0.0,0.0,6.923737199690624,12.654955790432378,0.0,0.0,0.0,0.0,0.0,0.0,0.0,0.0,0.0,0.0,0.0,6.076020106833881,6.923737199690624,6.578935683598497,0.0,0.0,0.0,0.0,0.0,0.0,0.0,0.0,1.75,5.25,0.0,0.3333333333333333,3,0,0,0,0,0,0,0,0,0,0,0,0,0,0,0,0,0,0,0,0,0,1.5892000000000017,0,1.1923,15.871000000000002,0,0,0,0,0,0,0,0,0,0,0,0,0,0,0,0,0,0,0,0,0,0,0,0,0,0,1,0,0,0,0,0,0,0,0,0,0,0,0,0,0,0,0,0,0,0,0,0,0,0,0,0,0,0,0,0,0,0,0,0,0,0,0,0,0,0,0,0,0,0,0,0,0,0,0,0,0,0,0,0,0,0,0,0,0
CCCCCC=[N+]C=CCCCCCC=O,10.053835238036298,10.053835238036298,0.7076345584530108,0.7076345584530108,0.2987618075286684,11.5625,223.35999999999993,198.15999999999997,223.19306584009,91,1,0.9375,1.6875,2.4375,2.306121219004528,3.1680361423177796,196.9120223112346,11.899494936611669,10.528823993401256,10.528823993401256,7.914213562373096,6.517285025801308,6.517285025801308,4.0168778666480165,4.0168778666480165,2.4264278752873523,2.4264278752873523,1.4230482760274976,1.4230482760274976,-0.9200000000000002,15.080000000000002,14.080000000000002,13.080000000000002,99.8507400687051,4.794537184071822,6.286160523129555,0.0,12.414555469355765,0.0,0.0,0.0,0.0,0.0,0.0,26.186202068468653,31.75930659853792,17.83404797848769,0.0,4.794537184071822,12.500761102664871,0.0,4.992404732635669,0.0,64.71113180602472,0.0,12.27597499665433,0.0,0.0,4.992404732635669,0.0,0.0,0.0,12.500761102664871,4.794537184071822,0.0,64.71113180602472,12.27597499665433,0.0,0.0,0.0,31.17,0.0,4.794537184071822,0.0,0.0,6.4208216229260096,38.390268637759604,19.26246486877803,0.0,12.414555469355765,17.992162039160174,0.0,0.0,0.0,14.26924993632302,0.0,0.0,0.0,0.0,17.02076986746973,2.2099801962072503,0.0,0.7142857142857143,16,0,2,0,0,0,0,0,0,0,0,0,2,0,2,0,11,0,0,0,0,0,13.270400000000004,0,3.6364000000000027,70.62900000000005,0,0,0,0,0,0,0,0,0,0,1,1,0,0,1,1,0,0,0,0,0,0,0,1,0,0,1,0,0,0,0,0,0,0,0,0,0,0,0,0,0,0,0,0,0,0,0,0,0,0,0,0,0,0,0,0,0,0,0,0,0,0,0,0,0,0,0,0,0,0,0,0,0,0,0,0,0,0,0,0,0,0,0,7,0
CCCC(C)(C)CC,2.329861111111111,2.329861111111111,0.5920138888888888,0.5920138888888888,0.528150214884252,12.0,114.23199999999999,96.08799999999998,114.14085057599999,50,0,1.125,1.625,1.75,1.672629192274968,3.373381552563661,53.05865002596163,6.621320343559643,6.621320343559642,6.621320343559642,3.6213203435596424,3.6213203435596424,3.6213203435596424,3.267766952966369,3.267766952966369,1.883883476483184,1.883883476483184,0.8535533905932736,0.8535533905932736,0.0,8.0,3.111111111111111,3.061224489795918,53.293845828605804,0.0,0.0,0.0,0.0,0.0,0.0,0.0,0.0,0.0,0.0,40.53659204461451,11.83581209232279,0.0,0.0,0.0,0.0,0.0,0.0,5.41499046939678,46.95741366754052,0.0,0.0,0.0,0.0,0.0,0.0,0.0,0.0,0.0,0.0,5.41499046939678,46.95741366754052,0.0,0.0,0.0,0.0,0.0,0.0,0.0,0.0,0.0,5.41499046939678,0.0,19.26246486877803,0.0,0.0,27.694948798762496,0.0,0.0,0.0,0.0,0.0,0.5920138888888888,0.0,0.0,3.99125,9.166736111111112,0.0,1.0,8,0,0,0,0,0,0,0,0,0,0,0,0,0,0,0,3,0,0,0,0,0,3.111111111111111,0,3.2227000000000023,38.98,0,0,0,0,0,0,0,0,0,0,0,0,0,0,0,0,0,0,0,0,0,0,0,0,0,0,0,0,0,0,0,0,0,0,0,0,0,0,0,0,0,0,0,0,0,0,0,0,0,0,0,0,0,0,0,0,0,0,0,0,0,0,0,0,0,0,0,0,0,0,0,0,0,0,0,0,0,0,0,0,0,0,0,0,0
N=CCNCI,6.515138888888889,6.515138888888889,0.6973611111111111,0.6973611111111111,0.22502378763082023,8.166666666666666,198.007,190.951,197.965396224,36,0,1.8333333333333333,2.5,2.6666666666666665,1.6143308351592656,2.488403771876112,37.774437510817336,4.82842712474619,3.369528304571948,5.52702659574827,2.914213562373095,1.6712914481576477,3.1968731202468135,0.791878911420075,1.5546697474646578,0.34089075816567893,0.8802653309597595,0.1267232562077013,0.4381313110044031,0.36,6.36,5.36,4.360000000000002,50.966186560539235,10.726072209797852,0.0,0.0,0.0,0.0,0.0,0.0,0.0,0.0,0.0,22.590870627068057,0.0,17.310844170728867,0.0,0.0,28.80547120660337,5.409283605791522,5.316788604006331,0.0,0.0,11.096243591193552,0.0,0.0,0.0,5.316788604006331,0.0,0.0,22.590870627068057,17.310844170728867,0.0,5.409283605791522,0.0,0.0,0.0,0.0,0.0,35.88,0.0,0.0,0.0,0.0,6.544756405912575,4.551487185280976,6.2146005795353165,0.0,0.0,27.907659231074387,5.409283605791522,0.92375,2.196327777777778,0.0,9.456666666666667,0.0,0.0,0.0,1.3458944444444443,0.6973611111111111,0.0,0.6666666666666666,6,2,2,0,0,0,0,0,0,0,0,0,2,2,3,0,3,0,0,0,0,0,5.6816,0,0.6180699999999999,35.6734,0,0,0,0,0,0,0,0,0,0,0,0,0,0,0,0,2,0,0,0,0,0,0,0,0,1,0,0,0,0,0,0,0,0,0,0,0,0,0,0,0,0,0,0,1,0,0,0,0,0,0,0,0,0,0,0,0,0,0,0,0,0,0,0,0,0,0,0,0,0,0,0,0,0,0,0,0,0,0,0,0,0,0,0,0
CC1CCCCCC(CNCI)NCCC1,3.706666666666667,3.706666666666667,0.6973815948601662,0.6973815948601662,0.46871167537493347,29.625,338.2770000000001,311.06100000000004,338.12189686400006,96,0,1.125,1.875,2.6875,2.327424598637831,2.2496297818449924,164.01158371608904,11.639981912617825,10.603732823253956,12.761231114430279,7.82569850269549,6.8269399793321375,8.352521651421302,5.124213018158823,5.887003854203406,3.5414504305305634,4.080825003324644,2.4664390103290685,2.77784706512577,0.6499999999999999,14.710060060060057,9.65677069482279,7.06932288328186,114.47428773531935,10.633577208012662,0.0,0.0,0.0,0.0,0.0,0.0,0.0,0.0,0.0,55.197894318462716,31.725127320851996,17.138084420341514,0.0,0.0,22.590870627068057,0.0,10.633577208012662,5.917906046161393,57.911329389320656,17.640999997106128,0.0,0.0,0.0,10.633577208012662,0.0,0.0,22.590870627068057,23.68284082625409,0.0,5.917906046161393,51.8694885601727,0.0,0.0,0.0,0.0,24.06,0.0,0.0,0.0,0.0,6.041840829147961,17.014149637354944,51.49050776639464,0.0,0.0,40.148185034771345,0.0,1.062474279835391,2.3847092777392564,0.0,7.157417406777526,0.0,0.9359451929537245,0.6973815948601662,9.795327147896195,4.753411766604407,0.0,1.0,16,2,2,0,1,1,0,0,0,0,2,0,2,2,3,1,3,0,1,1,0,2,8.878229806691945,1,3.307100000000002,80.16340000000005,0,0,0,0,0,0,0,0,0,0,0,0,0,0,0,0,2,0,0,0,0,0,0,0,0,1,0,0,0,0,0,0,0,0,0,0,0,0,0,0,0,0,0,0,1,0,0,0,0,0,0,0,0,0,0,0,0,0,0,0,0,0,0,0,0,0,0,0,0,0,0,0,0,0,0,0,0,0,0,0,0,0,0,0,0
C#CCCCCC,5.019288548752835,5.019288548752835,0.9522222222222222,0.9522222222222222,0.3729885184384968,8.0,96.173,84.07699999999998,96.093900384,40,0,1.4285714285714286,2.142857142857143,2.5714285714285716,1.690933805959686,2.5990382792248434,56.92878689342031,5.535533905932738,4.905777393935816,4.905777393935816,3.414213562373095,2.849335306374634,2.849335306374634,1.6612309264184786,1.6612309264184786,0.9246676531873168,0.9246676531873168,0.4770620726159656,0.4770620726159656,-0.44,6.5600000000000005,5.559999999999999,5.559999999999999,45.92812910606846,0.0,0.0,0.0,0.0,0.0,0.0,0.0,0.0,0.0,12.343784214475903,19.765380445542643,6.4208216229260096,6.4208216229260096,0.0,0.0,0.0,0.0,0.0,0.0,32.60702369139466,0.0,0.0,0.0,12.343784214475903,0.0,0.0,0.0,0.0,0.0,0.0,12.343784214475903,32.60702369139466,0.0,0.0,0.0,0.0,0.0,0.0,0.0,0.0,0.0,0.0,6.4208216229260096,19.26246486877803,0.0,0.0,12.844171518546268,6.423349895620259,0.0,0.0,0.0,0.0,0.0,2.6025,0.0,9.720399659863947,2.1771003401360542,0.0,0.7142857142857143,7,0,0,0,0,0,0,0,0,0,0,0,0,0,0,0,3,0,0,0,0,0,5.210514285714285,0,2.1999000000000004,32.97499999999999,0,0,0,0,0,0,0,0,0,0,0,0,0,0,0,0,0,0,0,0,0,0,0,0,0,0,0,0,0,0,0,0,0,0,0,0,0,0,0,0,0,0,0,0,0,0,0,0,0,0,0,0,0,0,0,0,0,0,0,0,0,0,0,0,0,0,0,0,0,0,0,0,0,0,0,0,0,0,1,0,0,0,0,3,0
C=CCCOCC=O,9.61717970521542,9.61717970521542,0.2022222222222223,0.2022222222222223,0.2996945600818334,8.5,114.14399999999998,104.06399999999998,114.06807956,46,0,1.625,2.375,2.875,1.8088121254443208,2.7079488122831483,58.92878689342031,6.242640687119286,4.799624244053168,4.799624244053168,3.914213562373095,2.5377974009767303,2.5377974009767303,1.3189318929868221,1.3189318929868221,0.652205354668831,0.652205354668831,0.29811252243246883,0.29811252243246883,-0.63,7.37,6.370000000000001,5.37,49.14942589717898,9.53140013787187,12.893042487642473,0.0,0.0,0.0,0.0,0.0,0.0,0.0,6.578935683598497,6.076020106833881,6.4208216229260096,0.0,6.606881964512918,9.53140013787187,6.286160523129555,0.0,0.0,0.0,6.4208216229260096,13.213763929025836,12.654955790432378,0.0,0.0,0.0,0.0,0.0,0.0,19.49992445215539,9.53140013787187,0.0,6.4208216229260096,12.654955790432378,0.0,0.0,0.0,26.3,0.0,4.794537184071822,0.0,6.606881964512918,6.606881964512918,12.706982146055566,0.0,6.076020106833881,0.0,6.578935683598497,4.736862953800049,4.783888888888889,0.0,9.61717970521542,0.0,0.0,0.0,0.0,3.3072732426303855,4.291658163265305,0.0,0.5,8,0,2,0,0,0,0,0,0,0,0,0,2,0,2,0,5,0,0,0,0,0,5.868362500000001,0,0.778,31.69699999999999,0,0,0,0,0,0,0,0,0,0,1,1,0,0,0,0,0,0,0,0,0,0,0,1,0,0,0,0,0,0,0,0,0,0,0,0,0,0,0,0,0,1,0,0,0,0,0,0,0,0,0,0,0,0,0,0,0,0,0,0,0,0,0,0,0,0,0,0,0,0,0,0,0,0,0,0,0,0,0,0,0,0,0,0,0
C=CCCS#CC1COCCCN1,5.40561185122197,5.40561185122197,0.3030697278911565,0.3030697278911565,0.5389800704225359,22.923076923076923,199.31899999999996,182.18299999999996,199.103085164,74,0,1.6923076923076923,2.6153846153846154,3.4615384615384617,2.4064773285892533,2.2251261199754286,198.70562285909278,9.355524862241651,7.920944587612812,8.737441168540538,6.431851652578137,4.7257980801908595,5.711396639844348,2.978841462633726,3.911467148087917,1.790336413777854,2.6813472829363927,1.0880978666105663,1.8430259722811502,-0.33999999999999997,10.738988941548184,7.100869988359856,5.062731118634478,83.95425489028129,10.05365155780638,0.0,0.0,0.0,0.0,0.0,0.0,0.0,0.0,17.748540012657422,11.26059591402845,19.386399651764595,12.359735571259707,12.648722793660879,4.736862953800049,11.169604329058926,0.0,5.316788604006331,0.0,18.88348407499998,25.5113739416852,12.654955790432378,0.0,5.184575807194569,5.316788604006331,0.0,0.0,11.169604329058926,31.55321477083316,4.736862953800049,5.184575807194569,12.841643245852019,12.654955790432378,0.0,0.0,0.0,21.259999999999998,0.0,0.0,0.0,0.0,6.041840829147961,38.35301718753722,0.0,11.169604329058926,6.076020106833881,17.080300094799398,4.736862953800049,5.40561185122197,1.729861111111111,0.0,6.704891581632653,0.0,1.0711111111111111,0.3030697278911565,4.089731512975561,6.362389770723103,0.0,0.7,13,1,2,0,1,1,0,0,0,0,1,0,2,1,3,1,2,0,1,1,0,1,5.865858790797528,1,1.6333999999999997,58.38670000000004,0,0,0,0,0,0,0,0,0,0,0,0,0,0,0,0,1,0,0,0,0,0,0,0,0,0,1,0,0,0,0,0,0,0,0,0,0,0,0,0,0,1,0,0,0,0,0,0,0,0,0,0,0,0,0,0,0,0,0,0,0,0,0,0,0,0,0,0,0,0,0,0,0,0,0,0,0,0,0,0,0,0,0,0,0
C[N+]CC=CCl,5.139737654320987,5.139737654320987,0.7256944444444444,0.7256944444444444,0.4958858615342105,10.333333333333334,104.56,97.50399999999999,104.02615332408999,34,2,1.8333333333333333,2.5,2.6666666666666665,1.6143308351592656,2.6580999362490196,42.81274391313339,4.82842712474619,3.686985388074984,4.442914334093438,2.914213562373095,1.7232408755499848,2.15967665602197,0.8604923699171516,1.1124686852566366,0.3770705218114761,0.5552446830864257,0.14525020898342578,0.22493211627238535,-0.010000000000000064,5.990000000000001,4.990000000000002,3.9900000000000015,42.997602749324834,0.0,0.0,7.04767198267719,6.544756405912575,0.0,0.0,0.0,0.0,0.0,0.0,11.600939890232516,6.076020106833881,5.535201928878213,5.316788604006331,0.0,11.600939890232516,0.0,5.316788604006331,0.0,0.0,13.592428388589765,11.611222035712094,0.0,0.0,5.316788604006331,0.0,0.0,11.600939890232516,13.592428388589765,0.0,0.0,0.0,11.611222035712094,0.0,0.0,0.0,14.100000000000001,0.0,0.0,0.0,0.0,0.0,6.544756405912575,5.535201928878213,13.12369208951107,0.0,5.316788604006331,11.600939890232516,0.0,5.139737654320987,0.0,3.754166666666667,1.465277777777778,0.0,0.0,1.779320987654321,0.7256944444444444,1.7469135802469136,0.5,6,0,1,0,0,0,0,0,0,0,0,0,0,0,2,0,2,0,0,0,0,0,4.981683333333336,0,0.9731,27.91799999999999,0,0,0,0,0,0,0,0,0,0,0,0,0,0,0,1,0,0,0,1,0,0,0,0,0,0,0,0,0,0,0,0,0,0,0,0,0,0,0,0,0,0,0,0,1,0,0,0,0,0,0,0,0,0,0,0,0,0,0,0,0,0,0,0,0,0,0,0,0,0,0,0,0,0,0,0,0,0,0,0,0,0,0,0,0
CC=COOC=O,9.298568594104308,9.298568594104308,0.20833333333333348,0.20833333333333348,0.17218628935979582,8.714285714285714,102.08899999999998,96.041,102.031694052,40,0,1.4285714285714286,2.142857142857143,2.5714285714285716,1.690933805959686,2.821786283582492,67.33515884998701,5.535533905932738,3.9567956789604666,3.9567956789604666,3.414213562373095,1.7844570503761736,1.7844570503761736,0.7580912314161008,0.7580912314161008,0.2864775846649849,0.2864775846649849,0.11031103109186056,0.11031103109186056,-0.99,6.01,5.010000000000001,5.01,41.462382213630946,0.0,6.26208044842079,0.0,0.0,0.0,6.472220864716464,14.569679090584046,0.0,0.0,0.0,0.0,12.999757306524504,0.0,0.0,14.569679090584046,6.472220864716464,0.0,0.0,0.0,6.923737199690624,0.0,12.338100555254671,0.0,0.0,0.0,0.0,0.0,0.0,6.472220864716464,14.569679090584046,0.0,6.923737199690624,12.338100555254671,0.0,0.0,0.0,35.53,0.0,4.794537184071822,0.0,6.472220864716464,0.0,0.0,6.26208044842079,12.999757306524504,0.0,9.775141906512223,0.0,0.0,0.0,17.18842970521542,0.0,0.0,0.0,0.0,2.8590277777777775,1.952542517006803,0.0,0.25,7,0,3,0,0,0,0,0,0,0,0,0,3,0,3,0,3,0,0,0,0,0,4.301442857142858,0,0.6246,23.047999999999995,0,0,0,0,0,0,0,0,0,0,1,1,0,0,0,0,0,0,0,0,0,0,0,0,0,0,1,0,0,0,0,0,0,0,0,0,0,0,0,0,0,0,0,0,0,0,0,0,0,0,0,0,0,0,0,0,0,0,0,0,0,0,0,0,0,0,0,0,0,0,0,0,0,0,0,0,0,0,0,0,0,0,0,0,0
CC=CCCCCC(=O)CC=CCCCCC,11.495338955026455,11.495338955026455,0.3863144316368523,0.3863144316368523,0.35493655581884215,11.647058823529411,236.39899999999994,208.17499999999995,236.21401551600002,98,0,0.9411764705882353,1.6470588235294117,2.3529411764705883,2.3317449401701005,3.3315197375397836,225.67967778999196,12.769738424614747,11.581610397901297,11.581610397901297,8.308060412490446,7.087099514852909,7.087099514852909,4.524803225909346,4.524803225909346,2.798641435490389,2.798641435490389,1.6979052372185575,1.6979052372185575,-0.8500000000000001,16.149999999999995,13.21600660066006,13.084323065589528,106.99569877945392,0.0,5.783244946364939,0.0,0.0,0.0,0.0,4.794537184071822,0.0,0.0,0.0,44.06946087287817,39.02784531432067,12.841643245852019,0.0,4.794537184071822,5.783244946364939,0.0,0.0,0.0,71.63486900571534,0.0,24.304080427335524,0.0,0.0,0.0,0.0,0.0,0.0,5.783244946364939,4.794537184071822,0.0,71.63486900571534,24.304080427335524,0.0,0.0,0.0,17.07,0.0,4.794537184071822,0.0,0.0,12.204066569290948,32.10410811463005,19.26246486877803,0.0,12.999757306524504,25.151797520192268,0.0,0.0,0.0,11.495338955026455,0.0,0.0,0.3863144316368523,0.0,18.03951717156793,4.245496108435426,0.0,0.6875,17,0,1,0,0,0,0,0,0,0,0,0,1,0,1,0,11,0,0,0,0,0,12.555206270627053,0,5.218600000000005,76.18800000000006,0,0,0,0,0,0,0,0,0,0,1,1,0,0,0,0,0,0,0,0,0,0,0,0,0,0,4,0,0,0,0,0,0,0,0,0,0,0,0,0,0,0,0,0,0,0,0,0,0,0,0,1,1,0,0,0,0,0,0,0,0,0,0,0,0,0,0,0,0,0,0,0,0,0,0,0,0,0,0,0,0,0,0,5,0
CC=CCCCCC=CCCC,2.318611111111111,2.318611111111111,1.244903549382716,1.244903549382716,0.3862147303724807,11.833333333333334,166.30799999999996,144.13199999999998,166.172150704,70,0,0.8333333333333334,1.4166666666666667,2.0,2.098390961316241,2.9933788040697964,120.0,9.071067811865477,8.55204176387779,8.55204176387779,5.914213562373096,5.1758685884344295,5.1758685884344295,3.1135722994908672,3.1135722994908672,1.8492923521208586,1.8492923521208586,1.093412988719178,1.093412988719178,-0.52,11.480000000000002,10.480000000000002,9.48,77.37440822182371,0.0,0.0,0.0,0.0,0.0,0.0,0.0,0.0,0.0,0.0,37.648639249952154,39.02784531432067,0.0,0.0,0.0,0.0,0.0,0.0,0.0,52.372404136937305,0.0,24.304080427335524,0.0,0.0,0.0,0.0,0.0,0.0,0.0,0.0,0.0,52.372404136937305,24.304080427335524,0.0,0.0,0.0,0.0,0.0,0.0,0.0,0.0,0.0,0.0,38.524929737556064,0.0,0.0,38.15155482671677,0.0,0.0,0.0,0.0,0.0,0.0,0.0,0.0,16.69689093249023,4.303109067509771,0.0,0.6666666666666666,12,0,0,0,0,0,0,0,0,0,0,0,0,0,0,0,7,0,0,0,0,0,10.025866666666671,0,4.479200000000004,57.33000000000005,0,0,0,0,0,0,0,0,0,0,0,0,0,0,0,0,0,0,0,0,0,0,0,0,0,0,4,0,0,0,0,0,0,0,0,0,0,0,0,0,0,0,0,0,0,0,0,0,0,0,0,0,0,0,0,0,0,0,0,0,0,0,0,0,0,0,0,0,0,0,0,0,0,0,0,0,0,0,0,0,0,0,0,4,0
CCN=O,8.92361111111111,8.92361111111111,0.38888888888888884,0.38888888888888884,0.4100985361276626,6.25,59.068,54.028,59.03711378,24,0,2.0,2.25,2.25,1.370950594454669,2.2968352619191386,20.0,3.414213562373095,2.5625686671503685,2.5625686671503685,1.914213562373095,1.2059087330384408,1.2059087330384408,0.44532721089041843,0.44532721089041843,0.12909944487358055,0.12909944487358055,0.0,0.0,-0.4,3.6000000000000005,2.5999999999999996,1.6000000000000005,24.798925126456638,0.0,0.0,0.0,0.0,0.0,0.0,0.0,0.0,4.907065243988282,0.0,5.176881927858655,6.923737199690624,0.0,6.544756405912575,0.0,0.0,0.0,0.0,5.176881927858655,6.923737199690624,6.544756405912575,4.907065243988282,0.0,0.0,0.0,0.0,0.0,0.0,6.544756405912575,0.0,4.907065243988282,6.923737199690624,5.176881927858655,0.0,0.0,0.0,29.43,0.0,0.0,0.0,0.0,6.544756405912575,0.0,0.0,6.923737199690624,0.0,5.176881927858655,4.907065243988282,0.0,0.0,8.92361111111111,2.486111111111111,0.0,0.0,0.0,0.0,2.0902777777777777,0.0,1.0,4,0,2,0,0,0,0,0,0,0,0,0,2,0,2,0,1,0,0,0,0,0,2.34,0,0.7727,16.336000000000002,0,0,0,0,0,0,0,0,0,0,0,0,0,0,0,1,0,0,0,0,0,0,0,0,0,0,0,0,0,0,0,0,0,0,0,0,0,0,0,0,0,0,0,0,0,0,0,0,0,0,0,0,0,0,0,0,0,0,0,0,0,1,0,0,0,0,0,0,0,0,0,0,0,0,0,0,0,0,0,0,0,0,0,0,0
CC=C=CCC=CCC,3.0058985260770976,3.0058985260770976,1.0120833333333334,1.0120833333333334,0.39837624687343415,9.11111111111111,122.21099999999998,108.09899999999998,122.109550448,50,0,1.3333333333333333,2.111111111111111,2.6666666666666665,1.88523483624215,3.290646654937291,122.97373660251155,6.949747468305834,6.223614639131599,6.223614639131599,4.414213562373095,3.419885524290722,3.419885524290722,1.7748210181438218,1.7748210181438218,0.9408206176123195,0.9408206176123195,0.5168256052173167,0.5168256052173167,-0.74,8.26,7.26,7.26,57.58997884644963,0.0,0.0,0.0,0.0,0.0,0.0,0.0,0.0,0.0,5.731218590741754,19.075777413358388,31.917420659210403,0.0,0.0,0.0,0.0,0.0,0.0,0.0,26.689117645233267,0.0,30.035299018077275,0.0,0.0,0.0,0.0,0.0,0.0,0.0,0.0,0.0,26.689117645233267,30.035299018077275,0.0,0.0,0.0,0.0,0.0,0.0,0.0,0.0,0.0,12.841643245852019,0.0,0.0,19.075777413358384,24.80699600410014,0.0,0.0,0.0,0.0,0.0,3.0058985260770976,0.0,0.0,10.387048611111112,4.107052862811791,0.0,0.4444444444444444,9,0,0,0,0,0,0,0,0,0,0,0,0,0,0,0,3,0,0,0,0,0,6.6630666666666665,0,3.073900000000002,42.375000000000014,0,0,0,0,0,0,0,0,0,0,0,0,0,0,0,0,0,0,0,0,0,0,0,0,0,0,3,0,0,0,0,0,0,0,0,0,0,0,0,0,0,0,0,0,0,0,0,0,0,0,0,0,0,0,0,0,0,0,0,0,0,0,0,0,0,0,0,0,0,0,0,0,0,0,0,0,0,0,0,0,0,0,0,0,0
CNCCC(N)=O,9.940416666666668,9.940416666666668,0.25523148148148134,-0.25523148148148134,0.48397197774294626,8.714285714285714,102.137,92.05699999999999,102.07931294,42,0,1.8571428571428572,2.4285714285714284,2.5714285714285716,1.6121972227029933,2.8219389370591843,62.71013448036486,5.698670612749268,4.399812122026583,4.399812122026583,3.270055610029662,2.1999060610132917,2.1999060610132917,1.31986623332037,1.31986623332037,0.6213996399133721,0.6213996399133721,0.24819981995668605,0.24819981995668605,-0.5700000000000001,6.43,3.614162062615101,5.43,42.88535235168389,11.050456081168516,0.0,0.0,5.907179729351506,0.0,0.0,4.794537184071822,0.0,0.0,0.0,0.0,7.04767198267719,12.965578028838586,0.0,4.794537184071822,5.907179729351506,0.0,5.316788604006331,5.733667477162185,6.4208216229260096,13.592428388589765,0.0,0.0,0.0,11.050456081168516,0.0,0.0,0.0,19.49960811794127,4.794537184071822,0.0,6.4208216229260096,0.0,0.0,0.0,0.0,55.12,0.0,4.794537184071822,0.0,5.907179729351506,12.965578028838586,0.0,0.0,7.04767198267719,0.0,5.316788604006331,5.733667477162185,0.0,0.0,9.940416666666668,2.7981944444444444,4.7995833333333335,-0.25523148148148134,0.0,0.42708333333333326,0.6759259259259258,1.7806944444444444,0.75,7,3,3,0,0,0,1,0,0,0,0,0,2,2,3,0,3,0,0,0,0,0,3.319866008945014,0,-0.9188000000000001,27.738099999999996,0,0,0,0,0,0,0,0,0,0,1,1,0,0,0,0,1,1,0,0,0,0,0,0,0,0,0,1,0,0,0,0,0,0,0,0,0,0,0,0,0,0,0,0,0,0,0,0,0,0,0,0,0,0,0,0,0,0,0,0,0,0,0,0,0,0,0,0,0,0,0,1,0,0,0,0,0,0,0,0,0,0,0,0,0
CC#N,7.319444444444445,7.319444444444445,1.4305555555555556,1.4305555555555556,0.38698057986907736,2.6666666666666665,41.053,38.028999999999996,41.026549096,16,0,2.0,2.0,2.0,0.9182958340544894,2.475534205527556,24.264662506490403,2.7071067811865475,1.9472135954999579,1.9472135954999579,1.4142135623730951,0.7236067977499789,0.7236067977499789,0.22360679774997896,0.22360679774997896,0.0,0.0,0.0,0.0,-0.51,2.490000000000001,1.4900000000000018,1.489999999999999,19.496772823694872,0.0,0.0,0.0,0.0,0.0,0.0,0.0,0.0,5.261891554738487,0.0,0.0,0.0,6.923737199690624,6.069221312792274,0.0,0.0,5.261891554738487,0.0,0.0,6.923737199690624,0.0,0.0,0.0,6.069221312792274,0.0,0.0,0.0,0.0,0.0,0.0,11.33111286753076,6.923737199690624,0.0,0.0,0.0,0.0,23.79,0.0,0.0,0.0,0.0,0.0,0.0,6.923737199690624,6.069221312792274,0.0,0.0,5.261891554738487,0.0,0.0,0.0,7.319444444444445,0.0,0.0,1.75,0.0,1.4305555555555556,0.0,0.5,3,0,1,0,0,0,0,0,0,0,0,0,1,0,1,0,0,0,0,0,0,0,1.236700000000002,0,0.52988,11.287,0,0,0,0,0,0,0,0,0,0,0,0,0,0,0,1,0,0,0,0,0,0,0,0,0,0,0,0,0,0,0,0,0,0,0,0,0,0,0,0,0,0,0,0,0,0,0,0,0,0,0,0,0,0,0,0,0,1,0,0,0,0,0,0,0,0,0,0,0,0,0,0,0,0,0,0,0,0,0,0,0,0,0,0,0
N#CC=NCOC=S,7.874479875283447,7.874479875283447,0.13597222222222216,0.13597222222222216,0.3158542312960045,8.375,128.15599999999998,124.124,128.004433748,42,0,1.875,2.625,3.125,1.8088121254443208,3.0587311643906068,126.49022499567306,6.242640687119286,4.0727310914934405,4.889227672421167,3.914213562373095,1.8467882434946354,2.318192764285667,0.8327642319874015,1.0252143217172767,0.36613470008045346,0.5022174635684078,0.15155480793508558,0.21241286988010402,-0.95,7.05,6.05,5.049999999999999,52.594305015059966,4.736862953800049,17.83736512943074,6.730816747499484,0.0,0.0,0.0,0.0,4.992404732635669,5.261891554738487,0.0,0.0,12.217873443046695,0.0,0.0,4.736862953800049,23.98601725968516,5.261891554738487,0.0,4.992404732635669,0.0,6.730816747499484,0.0,0.0,6.069221312792274,0.0,0.0,0.0,12.217873443046695,18.49896056413795,4.736862953800049,11.33111286753076,0.0,4.992404732635669,0.0,0.0,0.0,45.379999999999995,0.0,0.0,0.0,6.730816747499484,0.0,11.768143816638464,0.0,6.069221312792274,0.0,21.947141129482414,5.261891554738487,4.476342592592593,4.297582671957672,3.473333333333333,7.874479875283447,1.1058673469387754,0.0,1.7070238095238093,1.0960648148148149,0.13597222222222216,0.0,0.25,8,0,3,0,0,0,0,0,0,0,0,0,4,0,4,0,3,0,0,0,0,0,5.3315624999999995,0,0.51208,33.712,0,0,0,0,0,0,0,0,0,0,0,0,1,0,1,2,0,0,0,0,0,0,0,0,0,0,0,0,0,0,0,0,0,0,0,0,0,0,0,0,0,1,0,0,0,0,0,0,0,0,0,0,0,0,0,0,0,1,0,0,0,0,0,0,0,0,0,0,0,0,0,0,0,0,0,0,0,0,0,0,0,0,0,0,0
NONC#CCC#CC=C=O,9.572081512012518,9.572081512012518,0.3418055555555557,0.3418055555555557,0.2204381577149641,5.909090909090909,150.13699999999997,144.08899999999997,150.042927432,56,0,1.5454545454545454,2.3636363636363638,3.0,2.0339309928768716,3.5149157127849655,257.63583605502544,8.36396103067893,5.678303900493526,5.678303900493526,5.414213562373096,2.6784076012355524,2.6784076012355524,1.2817695534962055,1.2817695534962055,0.6082780657153652,0.6082780657153652,0.2854603771875148,0.2854603771875148,-1.71,9.29,8.289999999999997,8.289999999999996,64.31064867487083,0.0,5.941359007037427,0.0,0.0,0.0,0.0,0.0,10.274633782193025,10.835289684950274,0.0,17.761302956566933,0.0,6.04436910184221,12.49684172975989,9.73285139774504,5.941359007037427,0.0,5.480096598121202,5.896975471277056,6.4208216229260096,0.0,6.076020106833881,0.0,23.805672058409144,11.377072069398258,0.0,0.0,0.0,5.941359007037427,9.73285139774504,23.805672058409144,6.4208216229260096,6.076020106833881,0.0,0.0,0.0,64.35,0.0,4.794537184071822,0.0,0.0,6.4208216229260096,6.076020106833881,5.941359007037427,0.0,0.0,40.12105834148062,0.0,0.0,0.0,13.49966174317906,0.0,2.100481859410431,13.630307392623411,2.349826388888889,1.4197226158982112,0.0,0.0,0.14285714285714285,11,3,4,0,0,0,0,0,0,0,0,0,4,2,4,0,1,0,0,0,0,0,7.001281818181815,0,-0.8764999999999998,38.840599999999995,0,0,0,0,0,0,0,0,0,0,0,1,0,0,0,0,1,1,1,0,0,0,0,0,0,0,1,0,0,0,0,0,0,0,0,0,0,0,0,0,0,0,0,0,0,0,0,0,0,0,0,0,0,0,0,0,0,0,0,0,0,0,0,0,0,0,0,0,0,0,0,0,0,0,0,0,0,0,0,0,0,0,0,0,0
C=C=CCN,4.980972222222222,4.980972222222222,0.5451388888888888,0.5451388888888888,0.4397672381632006,5.8,69.107,62.050999999999995,69.057849224,28,0,2.0,2.6,2.6,1.4056390622295665,2.9339686496662654,50.668290500398435,4.121320343559642,3.0689141007523464,3.0689141007523464,2.414213562373095,1.4587251061158129,1.4587251061158129,0.6439505508593789,0.6439505508593789,0.2621886974951644,0.2621886974951644,0.08333333333333334,0.08333333333333334,-0.52,4.480000000000002,3.4800000000000018,3.4800000000000026,31.794762003663582,5.733667477162185,0.0,0.0,0.0,0.0,0.0,0.0,0.0,0.0,5.731218590741754,6.578935683598497,6.076020106833881,6.544756405912575,0.0,0.0,0.0,0.0,0.0,5.733667477162185,0.0,6.544756405912575,18.386174381174133,0.0,0.0,5.733667477162185,0.0,0.0,0.0,6.544756405912575,0.0,0.0,0.0,18.386174381174133,0.0,0.0,0.0,26.02,0.0,0.0,0.0,0.0,6.544756405912575,0.0,0.0,6.076020106833881,0.0,12.310154274340253,5.733667477162185,0.0,0.0,0.0,0.0,7.498333333333333,0.0,0.0,1.6666666666666667,3.835,0.0,0.25,5,2,1,0,0,0,0,0,0,0,0,0,1,1,1,0,1,0,0,0,0,0,3.118080000000003,0,0.2862,22.7644,0,0,0,0,0,0,0,0,0,0,0,0,0,0,0,0,0,1,0,0,0,0,0,0,0,0,0,0,0,0,0,0,0,0,0,0,0,0,0,0,0,0,0,0,0,0,0,0,0,0,0,0,0,0,0,0,0,0,0,0,0,0,0,0,0,0,0,0,0,0,0,0,0,0,0,0,0,0,0,0,0,0,0,0,0
COC=[N+]=O,8.974305555555556,8.974305555555556,0.8194444444444444,0.8194444444444444,0.23868249185656507,5.0,74.059,70.027,74.02365478809,28,0,2.0,2.6,2.6,1.4056390622295665,2.9339686496662654,54.66829050039844,4.121320343559642,2.84106044561731,2.84106044561731,2.414213562373095,1.0847236264415956,1.0847236264415956,0.44652077107340793,0.44652077107340793,0.14844240363013955,0.14844240363013955,0.043033148291193535,0.043033148291193535,-0.8200000000000001,4.18,3.1799999999999997,3.179999999999999,29.257930658215596,4.736862953800049,0.0,4.907065243988282,0.0,4.852498056487991,6.400660921122227,0.0,0.0,0.0,0.0,0.0,0.0,0.0,7.109797541277533,4.736862953800049,6.400660921122227,0.0,4.852498056487991,0.0,0.0,7.109797541277533,4.907065243988282,0.0,0.0,4.852498056487991,0.0,0.0,0.0,13.510458462399761,4.736862953800049,4.907065243988282,0.0,0.0,0.0,0.0,0.0,40.400000000000006,0.0,0.0,0.0,0.0,0.0,6.400660921122227,7.109797541277533,0.0,0.0,9.58936101028804,4.907065243988282,4.086805555555555,0.0,11.231250000000001,0.0,0.0,0.0,0.0,0.8194444444444444,0.0,1.3625,0.5,5,0,3,0,0,0,0,0,0,0,0,0,2,0,3,0,1,0,0,0,0,0,2.6584799999999995,0,-0.5053000000000002,18.573999999999998,0,0,0,0,0,0,0,0,0,0,0,0,0,0,0,1,0,0,0,0,0,0,0,0,0,0,0,0,0,0,0,0,0,0,0,0,0,0,0,0,0,1,0,0,0,0,0,0,0,0,0,0,0,0,0,1,0,0,0,0,0,1,0,0,0,0,0,0,0,0,0,0,0,0,0,0,0,0,0,0,0,0,0,0,0
CC(P=O)C1=CC1,10.042685185185185,10.042685185185185,0.2665895061728394,0.2665895061728394,0.396015905716268,21.571428571428573,114.08399999999999,107.02799999999998,114.023451474,38,0,2.0,2.5714285714285716,2.7142857142857144,2.4350860922096325,2.37250008718913,117.24856184822198,5.276020881938894,4.21726920552962,5.111696396529537,3.342535255101096,2.3572752950186047,3.2388214461830387,1.7645459721488934,2.7499611520682694,1.1345537927019853,1.782426943053865,0.4677339114308466,0.81394608330375,-0.16000000000000003,4.986198830409357,1.7506488401138385,1.1019725230851127,44.623395040804134,0.0,0.0,8.460110537720618,0.0,0.0,0.0,4.565048284931329,0.0,0.0,0.0,11.64912463690315,13.344558822616634,0.0,5.6589944507033065,4.565048284931329,8.460110537720618,0.0,0.0,0.0,19.00355327331994,0.0,11.64912463690315,0.0,0.0,0.0,0.0,0.0,8.460110537720618,5.6589944507033065,4.565048284931329,0.0,13.344558822616634,11.64912463690315,0.0,0.0,0.0,17.07,0.0,4.565048284931329,0.0,8.460110537720618,5.6589944507033065,6.4208216229260096,5.573104530069267,0.0,6.923737199690624,6.076020106833881,0.0,10.042685185185185,0.0,0.0,0.0,1.6358024691358024,0.0,0.0,3.2003703703703703,1.9656635802469136,0.2665895061728394,0.6,7,0,1,1,0,1,0,0,0,0,1,0,1,0,2,0,2,0,0,0,0,1,1.24701188557616,1,1.9967,29.768499999999992,0,0,0,0,0,0,0,0,0,0,0,0,0,0,0,0,0,0,0,0,0,0,0,0,0,0,2,0,0,0,0,0,0,0,0,0,0,0,0,0,0,0,0,0,0,0,0,0,0,0,0,0,0,0,0,0,0,0,0,0,0,0,0,0,0,0,0,0,0,0,0,0,0,0,0,0,0,0,0,0,0,0,0,0,0
C1=CCNOCCCCCC1,5.164305555555556,5.164305555555556,0.8472222222222222,0.8472222222222222,0.5403359410235653,22.545454545454547,155.24099999999999,138.105,155.131014164,64,0,1.0,1.9090909090909092,2.909090909090909,2.0846843543260665,2.114274492360655,100.13036060964237,7.778174593052025,7.012696297148949,7.012696297148949,5.5,4.496182584681077,4.496182584681077,2.871216642817615,2.871216642817615,1.837103654625694,1.837103654625694,1.170364279064249,1.170364279064249,-0.33999999999999997,8.753808630393996,6.375268806606382,4.987928923682367,68.58079966988184,4.8375885837366335,0.0,0.0,0.0,0.0,0.0,0.0,0.0,5.480096598121202,0.0,24.993683459519783,19.26246486877803,6.544756405912575,6.606881964512918,4.8375885837366335,0.0,0.0,5.480096598121202,0.0,32.10410811463005,13.151638370425493,12.152040213667762,0.0,0.0,5.480096598121202,0.0,0.0,0.0,13.151638370425493,4.8375885837366335,0.0,32.10410811463005,12.152040213667762,0.0,0.0,0.0,21.259999999999998,0.0,0.0,0.0,0.0,0.0,13.151638370425493,32.10410811463005,0.0,0.0,17.632136811788964,4.8375885837366335,0.0,0.0,5.164305555555556,0.0,2.8959722222222224,0.0,0.0,10.737499999999999,1.7022222222222223,0.0,0.7777777777777778,11,1,2,0,1,1,0,0,0,0,0,0,2,1,2,1,0,0,0,0,0,0,5.07344391821387,1,2.0279,46.17970000000002,0,0,0,0,0,0,0,0,0,0,0,0,0,0,0,0,1,0,1,0,0,0,0,0,0,0,1,0,0,0,0,0,0,0,0,0,0,0,0,0,0,0,0,0,0,0,0,0,0,0,0,0,0,0,0,0,0,0,0,0,0,0,0,0,0,0,0,0,0,0,0,0,0,0,0,0,0,0,0,0,0,0,0,0,0
C#C,4.0,4.0,4.0,4.0,0.3329262983047797,1.0,26.037999999999997,24.022,26.015650064,10,0,1.0,1.0,1.0,1.0,3.0,4.754887502163469,2.0,1.1547005383792517,1.1547005383792517,1.0,0.3333333333333334,0.3333333333333334,0.0,0.0,0.0,0.0,0.0,0.0,-0.44,1.5600000000000003,0.5599999999999999,-4.712727272727272,14.103418534085428,0.0,0.0,0.0,0.0,0.0,0.0,0.0,0.0,0.0,12.846699791240518,0.0,0.0,0.0,0.0,0.0,0.0,0.0,0.0,0.0,0.0,0.0,0.0,0.0,12.846699791240518,0.0,0.0,0.0,0.0,0.0,0.0,12.846699791240518,0.0,0.0,0.0,0.0,0.0,0.0,0.0,0.0,0.0,0.0,0.0,0.0,0.0,0.0,0.0,12.846699791240518,0.0,0.0,0.0,0.0,0.0,0.0,0.0,0.0,8.0,0.0,0.0,0.0,2,0,0,0,0,0,0,0,0,0,0,0,0,0,0,0,0,0,0,0,0,0,0.4368,0,0.24939999999999998,9.89,0,0,0,0,0,0,0,0,0,0,0,0,0,0,0,0,0,0,0,0,0,0,0,0,0,0,0,0,0,0,0,0,0,0,0,0,0,0,0,0,0,0,0,0,0,0,0,0,0,0,0,0,0,0,0,0,0,0,0,0,0,0,0,0,0,0,0,0,0,0,0,0,0,0,0,0,0,0,1,0,0,0,0,0,0
CCl,4.638888888888888,4.638888888888888,1.4722222222222223,1.4722222222222223,0.3573626606013345,3.0,50.488,47.464,49.992327775999996,14,0,1.5,1.5,1.5,1.0,1.0,2.0,2.0,1.3779644730092273,2.1338934190276815,1.0,0.3779644730092272,1.1338934190276817,0.0,0.0,0.0,0.0,0.0,0.0,0.29,2.29,1.2900000000000005,1.7382758620689658,19.042517254711225,0.0,0.0,0.0,0.0,0.0,0.0,0.0,0.0,0.0,11.600939890232516,0.0,0.0,6.3829190217349545,0.0,0.0,11.600939890232516,0.0,0.0,0.0,0.0,6.3829190217349545,0.0,0.0,0.0,0.0,0.0,0.0,11.600939890232516,6.3829190217349545,0.0,0.0,0.0,0.0,0.0,0.0,0.0,0.0,0.0,0.0,0.0,0.0,0.0,0.0,6.3829190217349545,0.0,0.0,11.600939890232516,0.0,0.0,4.638888888888888,0.0,0.0,0.0,0.0,0.0,1.4722222222222223,0.0,0.0,1.0,2,0,0,0,0,0,0,0,0,0,0,0,0,0,1,0,0,0,0,0,0,0,1.4770500000000006,0,0.855,11.777000000000001,0,0,0,0,0,0,0,0,0,0,0,0,0,0,0,0,0,0,0,0,0,0,0,0,0,1,0,0,0,0,0,0,0,0,0,0,0,0,0,0,0,0,0,0,1,0,0,0,0,0,0,0,0,0,0,0,0,0,0,0,0,0,0,0,0,0,0,0,0,0,0,0,0,0,0,0,0,0,0,0,0,0,0,0,0
CC1=C=N1,3.5694444444444446,3.5694444444444446,1.0416666666666667,1.0416666666666667,0.38250239300725813,15.75,53.064,50.04,53.026549096,20,0,2.0,2.25,2.25,1.75,2.7485316015655705,85.45654516950493,2.9915638315627207,2.447213595499958,2.447213595499958,1.893846850117352,1.1972135954999579,1.1972135954999579,0.8090169943749473,0.8090169943749473,0.33541019662496846,0.33541019662496846,0.05590169943749474,0.05590169943749474,-0.55,1.739855072463768,0.2601249842191643,0.04891711786755522,24.669023556769403,0.0,5.697039313055833,0.0,0.0,0.0,0.0,0.0,0.0,4.992404732635669,0.0,0.0,6.923737199690624,5.86979906344319,0.0,0.0,5.86979906344319,0.0,0.0,4.992404732635669,6.923737199690624,0.0,5.697039313055833,0.0,0.0,0.0,0.0,0.0,0.0,5.86979906344319,0.0,0.0,6.923737199690624,10.689444045691502,0.0,0.0,0.0,12.36,0.0,0.0,0.0,0.0,0.0,5.697039313055833,0.0,0.0,6.923737199690624,10.862203796078859,0.0,0.0,0.0,3.5694444444444446,0.0,1.0416666666666667,2.638888888888889,0.0,0.0,1.9166666666666667,0.0,0.3333333333333333,4,0,1,0,1,1,0,0,0,0,0,0,1,0,1,1,0,0,0,0,0,0,0.11314494331706766,1,0.5735,16.622,0,0,0,0,0,0,0,0,0,0,0,0,0,0,1,1,0,0,0,0,0,0,0,0,0,0,1,0,0,0,0,0,0,0,0,0,0,0,0,0,0,0,0,0,0,0,0,0,0,0,0,0,0,0,0,0,0,0,0,0,0,0,0,0,0,0,0,0,0,0,0,0,0,0,0,0,0,0,0,0,0,0,0,0,0
CCCCOCCCCCOCC,5.439768518518519,5.439768518518519,0.8402777777777778,0.8402777777777778,0.49059824185606915,10.615384615384615,188.31099999999995,164.11899999999997,188.177630008,80,0,0.6923076923076923,1.3076923076923077,1.9230769230769231,2.155710272483118,2.7581498184332935,74.15946414084448,9.778174593052025,9.180457611606656,9.180457611606656,6.414213562373096,5.568914100752346,5.568914100752346,3.2235094231275654,3.2235094231275654,1.9237029396096437,1.9237029396096437,1.077824265587244,1.077824265587244,-0.08,12.919999999999998,11.920000000000002,11.919999999999998,82.61576263080939,9.473725907600098,0.0,0.0,0.0,0.0,0.0,0.0,0.0,0.0,0.0,13.344558822616634,32.60702369139466,26.427527858051672,0.0,9.473725907600098,0.0,0.0,0.0,0.0,45.95158251401129,26.427527858051672,0.0,0.0,0.0,0.0,0.0,0.0,0.0,26.427527858051672,9.473725907600098,0.0,45.95158251401129,0.0,0.0,0.0,0.0,18.46,0.0,0.0,0.0,0.0,0.0,26.427527858051672,32.10410811463005,0.0,6.923737199690624,6.923737199690624,9.473725907600098,10.677551015202532,0.0,0.0,0.0,0.0,0.0,0.0,5.9971995744655375,7.825249410331931,0.0,1.0,13,0,2,0,0,0,0,0,0,0,0,0,2,0,2,0,10,0,0,0,0,0,11.846646153846155,0,3.009900000000002,56.07100000000005,0,0,0,0,0,0,0,0,0,0,0,0,0,0,0,0,0,0,0,0,0,0,0,0,0,0,0,0,0,0,0,0,0,0,0,0,0,0,0,0,0,2,0,0,0,0,0,0,0,0,0,0,0,0,0,0,0,0,0,0,0,0,0,0,0,0,0,0,0,0,0,0,0,0,0,0,0,0,0,0,0,0,0,3,0
C#CCSC,4.868194444444445,4.868194444444445,0.8333333333333333,0.8333333333333333,0.4285954461495391,6.4,86.15899999999999,80.11099999999999,86.019021192,28,0,2.0,2.6,2.6,1.4056390622295665,2.483699570591265,42.09986547010987,4.121320343559642,3.1927053408400363,4.009201921767762,2.414213562373095,1.3391519502467626,2.732998800364114,0.637136847124151,1.5031622509085891,0.2276709006307398,0.6830127018922192,0.08333333333333334,0.24999999999999997,-0.09000000000000002,4.909999999999999,3.9099999999999997,3.910000000000001,36.95641278824389,0.0,0.0,0.0,0.0,0.0,0.0,0.0,0.0,11.761884949391115,6.423349895620259,5.920434318855644,6.255769183511404,0.0,5.752853606746789,0.0,11.761884949391115,0.0,0.0,0.0,0.0,12.008622790258194,0.0,0.0,12.343784214475903,0.0,0.0,0.0,11.761884949391115,12.008622790258194,0.0,12.343784214475903,0.0,0.0,0.0,0.0,0.0,0.0,0.0,0.0,0.0,0.0,0.0,5.752853606746789,0.0,11.761884949391115,6.255769183511404,5.920434318855644,6.423349895620259,0.0,1.665509259259259,0.0,0.0,0.0,3.3136574074074074,0.0,6.854166666666667,0.0,0.0,0.5,5,0,0,0,0,0,0,0,0,0,0,0,1,0,1,0,1,0,0,0,0,0,3.839619999999999,0,0.9826,27.214999999999993,0,0,0,0,0,0,0,0,0,0,0,0,0,0,0,0,0,0,0,0,0,0,0,0,0,0,0,0,0,0,0,0,0,0,0,0,0,0,0,0,0,0,0,0,0,0,0,0,0,0,0,0,0,0,0,0,0,0,0,0,0,0,0,0,0,0,0,0,0,0,0,0,0,0,0,1,0,0,1,0,0,0,0,0,0
CC(=O)C[N+],9.5625,9.5625,0.18981481481481444,-0.3333333333333335,0.41592414083389645,7.6,71.079,66.039,71.03656520009,27,3,2.0,2.2,2.2,1.3787834934861756,2.8473789230876716,42.1577218810798,4.284457050376173,3.0625686671503685,3.0625686671503685,2.270055610029662,1.373905301842043,1.373905301842043,0.8601289861310307,0.8601289861310307,0.22266360544520925,0.22266360544520925,0.0,0.0,-0.37,4.63,1.9054820936639114,3.6299999999999994,30.970548053679245,0.0,0.0,0.0,5.783244946364939,0.0,12.27842388307476,4.794537184071822,0.0,0.0,0.0,0.0,0.0,6.923737199690624,0.0,4.794537184071822,5.783244946364939,0.0,5.733667477162185,0.0,6.923737199690624,6.544756405912575,0.0,0.0,0.0,5.733667477162185,0.0,0.0,0.0,12.328001352277514,4.794537184071822,0.0,6.923737199690624,0.0,0.0,0.0,0.0,39.370000000000005,0.0,4.794537184071822,0.0,12.328001352277514,0.0,0.0,6.923737199690624,0.0,0.0,0.0,5.733667477162185,0.0,0.0,9.5625,0.0,7.793981481481481,-0.18981481481481444,0.0,0.0,0.9999999999999998,0.0,0.6666666666666666,5,0,2,0,0,0,0,0,0,0,0,0,1,0,2,0,1,0,0,0,0,0,1.764476418732782,0,-0.3559,17.682,0,0,0,0,0,0,0,0,0,0,1,1,0,0,0,1,0,0,0,0,0,0,0,0,0,0,0,0,0,0,0,0,0,0,0,0,0,0,0,0,0,0,0,0,0,0,0,0,0,0,0,1,1,0,0,0,0,0,0,0,0,0,0,0,0,0,0,0,0,0,0,0,0,0,0,0,0,0,0,0,0,0,0,0,0
CSCCC=O,9.550416666666667,9.550416666666667,0.6956018518518519,0.6956018518518519,0.3912828365702851,8.166666666666666,104.17399999999999,96.10999999999999,104.029585876,36,0,1.8333333333333333,2.5,2.6666666666666665,1.6143308351592656,2.4884037718761123,36.529325012980806,4.82842712474619,3.808060412490447,4.624556993418173,2.914213562373095,1.8408739759180548,3.2347208260354066,0.948141081088224,1.9337396407417125,0.4398264056274474,1.083776956486826,0.16596365263022675,0.49789095789068016,0.019999999999999962,6.02,5.02,4.019999999999999,42.11870949642838,4.794537184071822,6.286160523129555,0.0,0.0,0.0,0.0,0.0,0.0,11.761884949391115,0.0,0.0,12.008622790258194,6.4208216229260096,0.0,4.794537184071822,18.04804547252067,0.0,0.0,0.0,6.4208216229260096,12.008622790258194,0.0,0.0,0.0,0.0,0.0,0.0,11.761884949391115,18.29478331338775,4.794537184071822,0.0,6.4208216229260096,0.0,0.0,0.0,0.0,17.07,0.0,4.794537184071822,0.0,0.0,6.4208216229260096,12.039014129876344,0.0,11.761884949391115,6.255769183511404,0.0,0.0,0.0,1.6949537037037037,9.550416666666667,0.0,0.0,0.9618055555555556,0.0,3.6261574074074074,0.0,0.0,0.75,6,0,1,0,0,0,0,0,0,0,0,0,2,0,2,0,3,0,0,0,0,0,5.036733333333332,0,0.9383999999999999,29.062999999999988,0,0,0,0,0,0,0,0,0,0,1,1,0,0,0,0,0,0,0,0,0,0,0,1,0,0,0,0,0,0,0,0,0,0,0,0,0,0,0,0,0,0,0,0,0,0,0,0,0,0,0,0,0,0,0,0,0,0,0,0,0,0,0,0,0,0,0,0,0,0,0,0,0,0,0,1,0,0,0,0,0,0,0,0,0
CCCCC(C)CCCCCCNC,3.1952814223715196,3.1952814223715196,0.9576390201142183,0.9576390201142183,0.5247131685136726,13.071428571428571,199.38199999999998,170.14999999999998,199.22999992799998,86,0,0.9285714285714286,1.5714285714285714,2.2142857142857144,2.199412136772621,3.024437248921268,101.40868524464067,10.648418081055103,10.441311299868556,10.441311299868556,6.808060412490447,6.454507021897173,6.454507021897173,4.553842328271806,4.553842328271806,2.9241769360072625,2.9241769360072625,1.8450527907753305,1.8450527907753305,-0.04,13.959999999999999,11.037160493827162,10.04361204013378,90.66841858419691,5.316788604006331,0.0,0.0,0.0,0.0,0.0,0.0,0.0,0.0,0.0,58.79322575986333,25.931156057677168,0.0,0.0,0.0,0.0,0.0,5.316788604006331,5.917906046161393,65.21404738278935,13.592428388589765,0.0,0.0,0.0,5.316788604006331,0.0,0.0,0.0,13.592428388589765,0.0,5.917906046161393,65.21404738278935,0.0,0.0,0.0,0.0,12.03,0.0,0.0,0.0,0.0,0.0,5.917906046161393,57.91132938932066,0.0,7.04767198267719,19.16426300338758,0.0,0.0,0.0,0.0,3.1952814223715196,0.0,0.9576390201142183,0.0,11.271744934658896,5.874122023809525,2.0345459323791757,1.0,14,1,1,0,0,0,0,0,0,0,1,0,1,1,1,0,10,0,0,0,0,1,11.005625749559085,0,3.9826000000000024,65.70070000000005,0,0,0,0,0,0,0,0,0,0,0,0,0,0,0,0,1,0,0,0,0,0,0,0,0,0,0,0,0,0,0,0,0,0,0,0,0,0,0,0,0,0,0,0,0,0,0,0,0,0,0,0,0,0,0,0,0,0,0,0,0,0,0,0,0,0,0,0,0,0,0,0,0,0,0,0,0,0,0,0,0,0,0,4,0
CC[N+]=C(N)C=NCCC=O,9.839869771982867,9.839869771982867,0.4151842403628121,0.4151842403628121,0.2481290861856847,12.272727272727273,155.20100000000002,142.09699999999998,155.10531345609,61,1,1.7272727272727273,2.4545454545454546,3.0,1.9890726226385145,3.552237558295101,163.0686213592998,8.52709773749546,6.6560466325923,6.6560466325923,5.308060412490447,3.5426688207663686,3.5426688207663686,1.8898294351591791,1.8898294351591791,0.9402958078748765,0.9402958078748765,0.5087184209535571,0.5087184209535571,-1.1900000000000002,9.81,6.923507377979571,6.69835351768392,66.22096148298593,4.794537184071822,19.045517508577447,0.0,0.0,0.0,5.835619785757269,10.726072209797854,0.0,0.0,0.0,4.992404732635669,6.923737199690624,12.965578028838586,0.0,4.794537184071822,18.33638088842214,0.0,4.992404732635669,10.726072209797854,13.344558822616634,13.08951281182515,0.0,0.0,0.0,10.726072209797854,0.0,0.0,0.0,31.425893700247293,4.794537184071822,0.0,13.344558822616634,4.992404732635669,0.0,0.0,0.0,69.55000000000001,0.0,4.794537184071822,0.0,0.0,25.34595422050843,6.286160523129555,6.2146005795353165,0.0,6.923737199690624,9.984809465271338,5.733667477162185,0.0,0.0,17.586481638951877,0.0,5.378802437641723,0.4151842403628121,0.0,2.7434514361300075,3.042746913580247,0.0,0.5714285714285714,11,2,4,0,0,0,0,0,0,0,0,0,3,1,4,0,5,0,0,0,0,0,6.17450976163451,0,-0.6408999999999994,45.90940000000002,0,0,0,0,0,0,0,0,0,0,1,1,0,0,2,2,0,1,0,0,0,0,0,1,0,0,0,0,1,0,0,0,0,0,0,0,0,0,0,0,0,0,0,0,0,0,0,0,0,0,0,0,0,0,0,0,0,0,0,0,0,0,0,0,0,0,0,0,0,0,0,0,0,0,0,0,0,0,0,0,0,0,0,0,0
CCCCC=NCCCOCCCOCCCCCC,5.559312161750141,5.559312161750141,0.8139970202957216,0.8139970202957216,0.30537214282939334,11.5,285.472,250.19199999999995,285.26677936,120,0,0.7,1.35,2.05,2.4671739294114317,2.9710545424447683,195.42902535319942,14.72792206135786,13.74055538222898,13.74055538222898,9.914213562373096,8.55158904698021,8.55158904698021,5.223495518966134,5.223495518966134,3.1113436824268907,3.1113436824268907,1.8339590080461083,1.8339590080461083,-0.41,19.59,18.59,17.590000000000003,125.70073780304918,9.473725907600098,0.0,0.0,0.0,0.0,0.0,4.992404732635669,0.0,0.0,0.0,39.53076089108528,38.318708694165366,32.97228426396425,0.0,9.473725907600098,6.2146005795353165,0.0,0.0,4.992404732635669,71.63486900571534,32.97228426396425,0.0,0.0,0.0,0.0,0.0,0.0,0.0,39.18688484349956,9.473725907600098,0.0,71.63486900571534,4.992404732635669,0.0,0.0,0.0,30.82,0.0,0.0,0.0,0.0,0.0,52.234749132742266,38.524929737556064,0.0,0.0,25.054479711552233,9.473725907600098,11.111890891742291,0.0,4.361941289365012,0.0,0.0,0.0,0.0,12.811034939140166,8.715132879752534,0.0,0.9411764705882353,20,0,3,0,0,0,0,0,0,0,0,0,3,0,3,0,16,0,0,0,0,0,18.208904999999998,0,4.641100000000004,87.89800000000007,0,0,0,0,0,0,0,0,0,0,0,0,0,0,1,1,0,0,0,0,0,0,0,0,0,0,0,0,0,0,0,0,0,0,0,0,0,0,0,0,0,2,0,0,0,0,0,0,0,0,0,0,0,0,0,0,0,0,0,0,0,0,0,0,0,0,0,0,0,0,0,0,0,0,0,0,0,0,0,0,0,0,0,5,0
CCCCCCOCCCOCCCN=CCCC(C)C1C#CCNC=CC1,5.6442696093563285,5.6442696093563285,0.47265759993739853,0.47265759993739853,0.21599706430857984,17.571428571428573,390.6120000000001,348.2760000000001,390.32462858400004,160,0,1.1071428571428572,1.8928571428571428,2.7142857142857144,2.6695108798917566,1.8696014347577279,464.96094419819525,20.12526328685639,18.25706324017403,18.25706324017403,13.842535255101097,11.347701123417718,11.347701123417718,7.5824805100348085,7.5824805100348085,4.966188154855171,4.966188154855171,3.1007173195088753,3.1007173195088753,-1.31,24.72746721618584,19.025899030525586,14.711516205793949,173.10898599357924,14.790514511606428,0.0,0.0,0.0,0.0,0.0,4.992404732635669,0.0,0.0,0.0,51.02682801270444,56.85739125307322,38.89019031012564,6.544756405912575,9.473725907600098,6.2146005795353165,0.0,5.316788604006331,16.828216824958453,71.63486900571534,39.51704066987682,12.27597499665433,0.0,11.840868637711289,5.316788604006331,0.0,0.0,0.0,45.731641249412135,9.473725907600098,23.676680730034075,71.63486900571534,17.268379729289997,0.0,0.0,0.0,42.85,0.0,0.0,0.0,0.0,11.835812092322787,71.62114878450687,25.683286491704038,0.0,6.199954889820448,48.28815706010374,9.473725907600098,11.25391849089908,0.0,4.515022276389451,3.1566504097638406,0.0,7.681839031290758,0.0,16.597388844531086,9.461847613792452,0.0,0.7916666666666666,28,1,4,0,1,1,0,0,0,0,2,0,4,1,4,1,17,0,0,0,0,2,16.802224804849406,1,4.993800000000005,119.79670000000009,0,0,0,0,0,0,0,0,0,0,0,0,0,0,1,1,1,0,0,0,0,0,0,0,0,0,1,0,0,0,0,0,0,0,0,0,0,0,0,0,0,2,0,0,0,0,0,0,0,0,0,0,0,0,0,0,0,0,0,0,0,0,0,0,0,0,0,0,0,0,0,0,0,0,0,0,0,0,0,0,0,0,0,3,0
CC1CCO1,4.930555555555555,4.930555555555555,0.5648148148148147,0.5648148148148147,0.4109070592113358,36.6,72.107,64.04299999999999,72.057514876,30,0,1.8,2.2,2.2,1.2987949406953987,2.079672386506784,30.62919048309069,3.698670612749268,3.399812122026584,3.399812122026584,2.393846850117352,2.0099759546438176,2.0099759546438176,1.4700831640194567,1.4700831640194567,0.9267463220525113,0.9267463220525113,0.3535533905932738,0.3535533905932738,-0.04,3.1616129032258065,0.9767560019818928,0.42826719517138867,31.941791446997023,4.736862953800049,0.0,0.0,0.0,0.0,0.0,0.0,0.0,0.0,0.0,0.0,13.344558822616634,6.606881964512918,6.103966387748303,4.736862953800049,0.0,0.0,0.0,0.0,19.448525210364934,6.606881964512918,0.0,0.0,0.0,0.0,0.0,0.0,0.0,12.71084835226122,4.736862953800049,0.0,13.344558822616634,0.0,0.0,0.0,0.0,9.23,0.0,0.0,0.0,0.0,6.103966387748303,6.606881964512918,6.4208216229260096,0.0,0.0,6.923737199690624,4.736862953800049,4.930555555555555,0.0,0.0,0.0,0.0,0.0,0.0,1.8287037037037035,3.074074074074074,0.0,1.0,5,0,1,0,1,1,0,0,0,0,1,0,1,0,1,1,0,0,1,1,0,1,0.6176248758338407,1,0.7952,20.030999999999995,0,0,0,0,0,0,0,0,0,0,0,0,0,0,0,0,0,0,0,0,0,0,0,0,0,0,0,0,0,0,0,0,0,0,0,0,0,0,0,0,0,1,0,0,0,0,0,0,0,0,0,0,0,0,0,0,0,0,0,0,0,0,0,0,0,0,0,0,0,0,0,0,0,0,0,0,0,0,0,0,0,0,0,0,0
C=NCC=C=COCC,4.8506207482993196,4.8506207482993196,0.6007681405895693,0.6007681405895693,0.3158925507226509,7.222222222222222,125.17099999999999,114.08299999999997,125.084063972,50,0,1.7777777777777777,2.5555555555555554,3.111111111111111,1.88523483624215,3.287626408456442,122.87784055857759,6.949747468305834,5.631482767902715,5.631482767902715,4.414213562373095,2.8495382678640406,2.8495382678640406,1.35016472694287,1.35016472694287,0.6562790497328435,0.6562790497328435,0.29681272830453426,0.29681272830453426,-1.01,7.990000000000001,6.989999999999999,6.990000000000001,55.558565365207684,4.736862953800049,6.26208044842079,0.0,0.0,0.0,0.0,4.992404732635669,0.0,0.0,0.0,5.731218590741754,19.717273462824437,0.0,13.151638370425493,4.736862953800049,6.717516156299933,0.0,0.0,4.992404732635669,6.923737199690624,13.151638370425493,18.069319145996424,0.0,0.0,0.0,0.0,0.0,0.0,19.869154526725428,4.736862953800049,0.0,6.923737199690624,23.061723878632094,0.0,0.0,0.0,21.59,0.0,0.0,0.0,0.0,13.151638370425493,0.0,6.26208044842079,6.076020106833881,6.923737199690624,17.441139479677357,4.736862953800049,4.8506207482993196,0.0,3.5897094671201817,0.0,2.78125,0.0,0.0,3.2716666666666665,6.506753117913831,0.0,0.42857142857142855,9,0,2,0,0,0,0,0,0,0,0,0,2,0,2,0,4,0,0,0,0,0,6.205566666666667,0,1.3922999999999999,38.69500000000001,0,0,0,0,0,0,0,0,0,0,0,0,0,0,1,1,0,0,0,0,0,0,0,0,0,0,0,0,0,0,0,0,0,0,0,0,0,0,0,0,0,1,0,0,0,0,0,0,0,0,0,0,0,0,0,0,0,0,0,0,0,0,0,0,0,0,0,0,0,0,0,0,0,0,0,0,0,0,0,0,0,0,0,0,0
CF,9.5,9.5,0.5,0.5,0.3673293108901918,3.0,34.033,31.009,34.021878316,14,0,1.5,1.5,1.5,1.0,1.0,2.0,2.0,1.3779644730092273,1.3779644730092273,1.0,0.3779644730092272,0.3779644730092272,0.0,0.0,0.0,0.0,0.0,0.0,-0.07,1.9299999999999997,0.9300000000000014,-16.355714285714303,12.904786430755784,0.0,0.0,0.0,0.0,0.0,0.0,4.39041504767482,0.0,0.0,0.0,0.0,0.0,0.0,7.1775065490395225,4.39041504767482,0.0,0.0,0.0,0.0,0.0,7.1775065490395225,0.0,0.0,0.0,0.0,4.39041504767482,0.0,0.0,7.1775065490395225,0.0,0.0,0.0,0.0,0.0,0.0,0.0,0.0,0.0,4.39041504767482,0.0,0.0,7.1775065490395225,0.0,0.0,0.0,0.0,0.0,0.0,9.5,0.0,0.0,0.0,0.0,0.0,0.0,0.0,0.0,0.5,1.0,2,0,0,0,0,0,0,0,0,0,0,0,0,0,1,0,0,0,0,0,0,0,0.8974500000000012,0,0.5857,7.032,0,0,0,0,0,0,0,0,0,0,0,0,0,0,0,0,0,0,0,0,0,0,0,0,0,1,0,0,0,0,0,0,0,0,0,0,0,0,0,0,0,0,0,0,1,0,0,0,0,0,0,0,0,0,0,0,0,0,0,0,0,0,0,0,0,0,0,0,0,0,0,0,0,0,0,0,0,0,0,0,0,0,0,0,0
CCNCCC1=CCC1,3.306527777777778,3.306527777777778,1.1044444444444443,1.1044444444444443,0.4452456902401833,16.77777777777778,125.21499999999999,110.09499999999997,125.12044947999999,52,0,1.6666666666666667,2.4444444444444446,2.888888888888889,1.758104299238902,1.9221857495150927,105.1352628305937,6.52709773749546,6.112884175122364,6.112884175122364,4.431851652578137,3.818243768618319,3.818243768618319,2.504600960883881,2.504600960883881,1.7713554896743493,1.7713554896743493,1.0012459593872807,1.0012459593872807,-0.30000000000000004,6.8149425287356316,3.6736422574131145,2.1851078696829416,57.14827382650037,5.316788604006331,0.0,0.0,0.0,0.0,0.0,0.0,0.0,0.0,0.0,18.572861836593773,32.35197768060318,0.0,0.0,0.0,0.0,0.0,5.316788604006331,0.0,26.186202068468653,13.08951281182515,11.64912463690315,0.0,0.0,5.316788604006331,0.0,0.0,0.0,13.08951281182515,0.0,0.0,26.186202068468653,11.64912463690315,0.0,0.0,0.0,12.03,0.0,0.0,0.0,0.0,0.0,6.544756405912575,25.807221274690605,5.573104530069267,0.0,18.316545910530834,0.0,0.0,0.0,0.0,3.306527777777778,1.649027777777778,0.0,0.0,6.289714899848828,4.421396211262282,0.0,0.75,9,1,1,1,0,1,0,0,0,0,0,0,1,1,1,0,4,0,0,0,0,0,2.7817400950450004,1,1.7062,40.47770000000001,0,0,0,0,0,0,0,0,0,0,0,0,0,0,0,0,1,0,0,0,0,0,0,0,0,0,1,0,0,0,0,0,0,0,0,0,0,0,0,0,0,0,0,0,0,0,0,0,0,0,0,0,0,0,0,0,0,0,0,0,0,0,0,0,0,0,0,0,0,0,0,0,0,0,0,0,0,0,0,0,0,0,0,0,0
O=CCCCS1#CCCCCCC=C=CCCCC=1,10.38271706119296,10.38271706119296,0.20716600529100493,0.20716600529100493,0.312284789458054,17.789473684210527,278.46099999999996,252.25299999999993,278.170436452,106,0,1.0526315789473684,1.894736842105263,2.736842105263158,2.4267477221717324,2.5452580661321234,443.8792993834372,13.598165549360939,11.904072250738256,12.720568831665982,9.431851652578137,7.528100622256128,8.985103702700648,4.858032858500652,6.746000345216324,3.1062456438176933,5.0477333286281825,1.983541367915182,3.7477783610314157,-0.9400000000000001,16.115370985603544,12.112235773924281,9.615394633646419,119.48911829156881,4.794537184071822,6.286160523129555,0.0,0.0,0.0,0.0,0.0,0.0,9.891784425470751,10.915794397936324,6.4208216229260096,62.46527446966608,18.59449685259881,0.0,4.794537184071822,21.545427844116546,0.0,0.0,0.0,64.20821622926012,5.752853606746789,17.883258804409515,0.0,5.184575807194569,0.0,0.0,0.0,9.891784425470751,17.406497025392582,4.794537184071822,5.184575807194569,64.20821622926012,17.883258804409515,0.0,0.0,0.0,17.07,0.0,4.794537184071822,0.0,9.891784425470751,6.4208216229260096,44.1431222445064,25.683286491704038,0.0,0.0,28.435317507120324,0.0,0.0,0.0,10.38271706119296,6.077463860544218,3.2762270600771686,1.1195258566389519,0.0,16.659122378477917,0.0,0.20716600529100493,0.6470588235294118,19,0,1,0,1,1,0,0,0,0,0,0,1,0,2,1,3,0,0,0,0,0,10.273324892730981,1,4.841500000000004,87.29700000000004,0,0,0,0,0,0,0,0,0,0,1,1,0,0,0,0,0,0,0,0,0,0,0,1,0,0,1,0,0,0,0,0,0,0,0,0,0,0,0,0,0,0,0,0,0,0,0,0,0,0,0,0,0,0,0,0,0,0,0,0,0,0,0,0,0,0,0,0,0,0,0,0,0,0,0,0,0,0,0,0,0,0,0,1,0
N#CCCl,7.493055555555555,7.493055555555555,0.09722222222222232,0.09722222222222232,0.3899188344141469,5.0,75.49799999999999,73.482,74.987576744,22,0,2.0,2.25,2.25,1.370950594454669,2.4330963097956353,35.79319390447952,3.414213562373095,2.0322848496957326,2.788213795714187,1.914213562373095,0.844421430255677,1.3789439140805257,0.29174450396463114,0.5590057458770554,0.05976143046671967,0.17928429140015903,0.0,0.0,-0.22000000000000003,3.78,2.7799999999999994,1.7799999999999987,29.800039050576547,0.0,5.880003444970339,0.0,0.0,0.0,0.0,0.0,0.0,5.261891554738487,11.600939890232516,0.0,0.0,0.0,6.069221312792274,0.0,11.600939890232516,5.261891554738487,0.0,0.0,0.0,5.880003444970339,0.0,0.0,6.069221312792274,0.0,0.0,0.0,11.600939890232516,5.880003444970339,0.0,11.33111286753076,0.0,0.0,0.0,0.0,0.0,23.79,0.0,0.0,0.0,5.880003444970339,0.0,0.0,0.0,6.069221312792274,0.0,0.0,16.862831444971,0.0,4.824845679012345,0.0,7.493055555555555,0.0,0.09722222222222232,1.6959876543209877,0.0,0.0,0.0,0.5,4,0,1,0,0,0,0,0,0,0,0,0,1,0,2,0,0,0,0,0,0,0,2.627099999999999,0,0.74878,16.333,0,0,0,0,0,0,0,0,0,0,0,0,0,0,0,1,0,0,0,0,0,0,0,0,0,1,0,0,0,0,0,0,0,0,0,0,0,0,0,0,0,0,0,0,1,0,0,0,0,0,0,0,0,0,0,0,0,1,0,0,0,0,0,0,0,0,0,0,0,0,0,0,0,0,0,0,0,0,0,0,0,0,0,0,0
N=CONCC=CCCCCC=CCCl,6.579690058938207,6.579690058938207,0.609712252722888,0.609712252722888,0.15135868748635609,11.266666666666667,230.73899999999998,211.58699999999996,230.118590908,86,0,1.0666666666666667,1.7333333333333334,2.3333333333333335,2.2593895430561943,3.0878263829619748,193.02694288582546,11.192388155425121,8.915604796540507,9.671533742558962,7.414213562373096,5.148976001250078,5.683498485074926,2.9657334148451815,3.2743401147693656,1.7574453997313082,1.9356195610062579,1.0442987790856535,1.1702869367553959,-0.8,14.2,13.200000000000001,13.199999999999998,96.61552924616649,4.8375885837366335,0.0,6.400660921122227,0.0,0.0,0.0,5.409283605791522,0.0,5.480096598121202,11.600939890232516,24.304080427335524,25.683286491704038,12.424759850882914,0.0,4.8375885837366335,18.00160081135474,5.409283605791522,5.480096598121202,0.0,25.683286491704038,12.424759850882914,24.304080427335524,0.0,0.0,5.480096598121202,0.0,0.0,11.600939890232516,18.825420772005142,4.8375885837366335,5.409283605791522,25.683286491704038,24.304080427335524,0.0,0.0,0.0,45.11,0.0,0.0,0.0,0.0,12.424759850882914,19.242304166974247,12.841643245852019,0.0,12.152040213667762,22.469725395525597,17.01022349602404,0.0,5.49184144955428,4.524288336692599,6.579690058938207,2.598171082865347,0.609712252722888,0.0,13.667000478292083,0.6404074520457096,0.0,0.5454545454545454,15,2,3,0,0,0,0,0,0,0,0,0,3,2,4,0,10,0,0,0,0,0,12.496,0,3.026270000000002,65.33940000000003,0,0,0,0,0,0,0,0,0,0,0,0,0,0,0,0,2,0,1,0,0,0,0,0,0,1,3,0,0,0,0,0,0,0,0,0,0,0,0,0,0,0,0,0,1,0,0,0,0,0,0,0,0,0,0,0,0,0,0,0,0,0,0,0,0,0,0,0,0,0,0,0,0,0,0,0,0,0,0,0,0,0,0,3,0
C=CCN=CCCNC=NC=C=NCCCl,5.418065965439968,5.418065965439968,0.5067932221097806,0.5067932221097806,0.2153491134377454,10.3125,240.73799999999997,223.602,240.11417422399998,88,0,1.4375,2.3125,3.0625,2.306121219004528,3.401824472308247,277.70914991238885,11.899494936611669,9.27164702338689,10.027575969405346,7.914213562373096,5.053568772112052,5.5880912559369005,2.686269422310462,3.0642338953196893,1.3670819601563453,1.5361128111020488,0.7237290944718326,0.8082445199446844,-1.38,14.620000000000001,13.620000000000003,12.620000000000003,101.5485619754972,5.316788604006331,0.0,0.0,0.0,0.0,0.0,4.992404732635669,9.984809465271338,0.0,18.179875573831012,6.076020106833881,6.4208216229260096,24.509159493861418,25.628003064167483,0.0,30.023874895732902,0.0,5.316788604006331,14.977214197907006,6.4208216229260096,25.514272662708063,18.85491068025283,0.0,0.0,5.316788604006331,0.0,0.0,11.600939890232516,43.93720766820846,0.0,0.0,6.4208216229260096,33.83212487815984,0.0,0.0,0.0,49.11,0.0,0.0,0.0,0.0,18.96951625679549,12.965578028838586,6.199954889820448,12.414555469355765,6.2146005795353165,32.74273754895503,11.600939890232516,0.0,5.418065965439968,11.83771391638233,3.005478928711402,0.0,3.152139943940539,0.0,7.579828909127527,5.617883447509342,0.0,0.45454545454545453,16,1,4,0,0,0,0,0,0,0,0,0,3,1,5,0,9,0,0,0,0,0,12.445275000000004,0,1.6734,72.25970000000002,0,0,0,0,0,0,0,0,0,0,0,0,0,0,3,3,1,0,0,0,0,0,0,0,0,1,0,0,0,0,0,0,0,0,0,0,0,0,0,0,0,0,0,0,1,0,0,0,0,0,0,0,0,0,0,0,0,0,0,0,0,0,0,0,0,0,0,0,0,0,0,0,0,0,0,0,0,0,0,0,0,0,0,0,0
CCCCOC1=[SH]COCCC1,5.627654320987654,5.627654320987654,0.8208912037037037,0.8208912037037037,0.417516617606334,19.25,190.30799999999994,172.16399999999996,190.102750816,72,0,1.5833333333333333,2.5,3.3333333333333335,2.33280879193427,2.1493761923285204,145.46396159818462,8.648418081055103,7.713457644733518,8.607884835733433,5.931851652578137,4.670644284563009,5.750313412096642,2.8947686552851013,3.9679972629009934,1.7780720636079042,2.7951581795636593,1.0388336632718893,1.9020138735018914,0.13999999999999996,10.222372322899506,6.633922145076208,4.236737214638821,78.20687085765535,9.473725907600098,0.0,0.0,0.0,0.0,0.0,0.0,0.0,0.0,11.350969244424817,13.344558822616634,12.841643245852019,13.027703587438928,17.596423573185152,9.473725907600098,16.401596904763352,0.0,0.0,0.0,32.60702369139466,19.152677877359537,0.0,0.0,0.0,0.0,0.0,0.0,11.350969244424817,24.20330553769807,9.473725907600098,0.0,32.60702369139466,0.0,0.0,0.0,0.0,18.46,0.0,0.0,0.0,0.0,0.0,31.994321123211556,29.24324015061537,0.0,0.0,6.923737199690624,9.473725907600098,10.945476820357772,1.2380202821869488,0.0,1.223101851851852,0.0,0.8208912037037037,0.0,4.583605363441674,3.9666822562358273,0.0,0.8888888888888888,12,0,2,0,1,1,0,0,0,0,0,0,2,1,3,1,3,0,0,0,0,0,5.651201844008096,1,2.1664000000000003,54.90600000000004,0,0,0,0,0,0,0,0,0,0,0,0,0,0,0,0,0,0,0,0,0,0,1,0,0,0,0,0,0,0,0,0,0,0,0,0,0,0,0,0,0,2,0,0,0,0,0,0,0,0,0,0,0,0,0,0,0,0,0,0,0,0,0,0,0,0,0,0,0,0,0,0,0,0,0,0,0,0,0,0,0,0,0,1,0
CC=NN=O,8.956944444444444,8.956944444444444,1.3263888888888888,1.3263888888888888,0.2558983040674086,9.0,72.067,68.035,72.032362748,28,0,1.8,2.4,2.4,1.4056390622295665,2.9244181981729174,49.609640474436816,4.121320343559642,2.8800257506534046,2.8800257506534046,2.414213562373095,1.2181233447718423,1.2181233447718423,0.45531860167785887,0.45531860167785887,0.16261050591702836,0.16261050591702836,0.04714045207910318,0.04714045207910318,-0.73,4.269999999999999,3.2699999999999982,3.2699999999999974,29.664383632551733,0.0,0.0,0.0,0.0,0.0,0.0,0.0,0.0,0.0,10.008472769728005,0.0,6.923737199690624,6.2146005795353165,5.2858847209627084,0.0,6.2146005795353165,0.0,0.0,10.387292246702431,6.923737199690624,0.0,4.907065243988282,0.0,0.0,0.0,0.0,0.0,0.0,6.2146005795353165,0.0,4.907065243988282,6.923737199690624,10.387292246702431,0.0,0.0,0.0,41.79,0.0,0.0,0.0,0.0,0.0,0.0,6.2146005795353165,6.923737199690624,0.0,10.387292246702431,4.907065243988282,0.0,0.0,8.956944444444444,5.090277777777778,0.0,0.0,0.0,1.3263888888888888,1.6263888888888889,0.0,0.5,5,0,3,0,0,0,0,0,0,0,0,0,2,0,3,0,1,0,0,0,0,0,2.792579999999998,0,0.7585000000000001,19.960999999999995,0,0,0,0,0,0,0,0,0,0,0,0,0,0,0,2,0,0,0,0,0,0,0,0,0,0,0,0,0,0,0,0,0,0,0,0,0,0,0,0,0,0,0,0,0,0,0,0,0,0,0,0,0,0,0,0,0,0,0,0,0,1,0,0,0,0,0,0,0,0,0,0,0,0,0,0,0,0,0,0,0,0,0,0,0
CC=CNCCNCCOCO,8.267444740254534,8.267444740254534,0.19593007091113157,-0.19593007091113157,0.3481204228867233,10.833333333333334,174.244,156.1,174.136827816,72,0,1.3333333333333333,2.1666666666666665,2.8333333333333335,2.098390961316241,2.8138640277129197,107.23098268032228,9.071067811865477,7.5456963302758115,7.5456963302758115,5.914213562373096,4.153596944104057,4.153596944104057,2.2414718805693754,2.2414718805693754,1.2450954875860045,1.2450954875860045,0.6956288845623095,0.6956288845623095,-0.5800000000000001,11.42,10.42,9.42,73.61174614534053,20.476967556653417,6.792942306099827,0.0,0.0,0.0,0.0,0.0,0.0,0.0,0.0,6.076020106833881,13.123692089511072,19.634269217737724,6.606881964512918,9.843390348640755,0.0,0.0,10.633577208012662,0.0,6.923737199690624,33.03409348835047,12.27597499665433,0.0,0.0,10.633577208012662,0.0,0.0,0.0,38.140620883191175,4.736862953800049,0.0,6.923737199690624,12.27597499665433,0.0,0.0,0.0,53.519999999999996,0.0,0.0,0.0,6.792942306099827,6.606881964512918,19.634269217737724,0.0,0.0,19.199712196344954,10.633577208012662,9.843390348640755,4.719864181783825,0.0,0.0,14.506739115412005,0.0,0.0,0.0,3.861879633013291,4.911517069790879,0.0,0.75,12,3,4,0,0,0,0,0,0,0,0,0,4,3,4,0,8,0,0,0,0,0,9.916366666666667,0,-0.3344000000000002,48.724200000000025,0,1,1,0,0,0,0,0,0,0,0,0,0,0,0,0,2,0,0,0,0,0,0,0,0,0,1,0,0,0,0,0,0,0,0,0,0,0,0,0,0,1,0,0,0,0,0,0,0,0,0,0,0,0,0,0,0,0,0,0,0,0,0,0,0,0,0,0,0,0,0,0,0,0,0,0,0,0,0,0,0,0,0,0,0
O=CCCCCC1CCCCC=[N+]CC1,10.182739476032225,10.182739476032225,0.7409452160493827,0.7409452160493827,0.5057306805454332,22.8,209.33299999999997,186.14899999999997,209.17741577609,85,1,1.2666666666666666,2.2,3.066666666666667,2.379454051356981,2.1337508363142397,188.9749743550015,10.769738424614747,9.658580505398175,9.658580505398175,7.431851652578137,6.351370368478831,6.351370368478831,4.479036475218355,4.479036475218355,3.1754903620113955,3.1754903620113955,2.202017637442435,2.202017637442435,-0.66,12.409735006973502,8.632476996850189,6.42506956668949,93.16956983296352,4.794537184071822,6.286160523129555,0.0,12.75935698544789,0.0,0.0,0.0,0.0,0.0,0.0,25.683286491704038,18.75954929201341,24.2548696014137,0.0,4.794537184071822,12.500761102664871,0.0,4.992404732635669,5.917906046161393,57.787394606334104,6.544756405912575,0.0,0.0,0.0,4.992404732635669,0.0,0.0,0.0,19.045517508577447,4.794537184071822,5.917906046161393,57.787394606334104,0.0,0.0,0.0,0.0,31.17,0.0,4.794537184071822,0.0,0.0,0.0,38.011287843981556,38.524929737556064,0.0,0.0,11.207005312170985,0.0,0.0,0.0,14.587051566609198,0.0,0.0,0.8536130007558576,0.0,13.880419537573218,1.0122492283950617,0.0,0.8461538461538461,15,0,2,0,1,1,0,0,0,0,1,0,2,0,2,1,5,0,0,0,0,1,7.141783465647019,1,2.7326000000000015,64.17200000000004,0,0,0,0,0,0,0,0,0,0,1,1,0,0,1,1,0,0,0,0,0,0,0,1,0,0,0,0,0,0,0,0,0,0,0,0,0,0,0,0,0,0,0,0,0,0,0,0,0,0,0,0,0,0,0,0,0,0,0,0,0,0,0,0,0,0,0,0,0,0,0,0,0,0,0,0,0,0,0,0,0,0,0,2,0
CCCC#CC=C=NOO,7.671602182539683,7.671602182539683,0.8592878401360544,0.8592878401360544,0.2718748993673488,6.6,139.154,130.082,139.063328528,54,0,1.7,2.5,3.1,1.9671544718900458,3.5285953811839983,181.5181252080211,7.6568542494923815,5.7942393130265,5.7942393130265,4.914213562373096,2.9767656103895375,2.9767656103895375,1.5174880257753305,1.5174880257753305,0.7073100354173185,0.7073100354173185,0.3303972210493693,0.3303972210493693,-1.23,8.770000000000001,7.769999999999999,6.769999999999999,59.92496135666351,0.0,0.0,0.0,0.0,0.0,0.0,0.0,4.988296583192696,5.257235394296768,0.0,18.764605837401913,6.4208216229260096,17.44633341311974,6.076020106833881,10.245531977489463,5.86979906344319,0.0,0.0,5.15571272675054,19.765380445542643,0.0,6.076020106833881,0.0,11.840868637711289,0.0,0.0,0.0,0.0,11.127034457739958,4.988296583192696,11.840868637711289,19.765380445542643,11.23173283358442,0.0,0.0,0.0,41.82,0.0,0.0,0.0,0.0,0.0,12.841643245852019,6.076020106833881,0.0,6.923737199690624,27.854677011097714,5.257235394296768,0.0,0.0,3.3632237339380198,10.588533871882087,0.0,7.726969954648526,0.0,3.276314484126984,2.044957955404384,0.0,0.42857142857142855,10,1,3,0,0,0,0,0,0,0,0,0,3,1,3,0,2,0,0,0,0,0,6.81429,0,1.4203999999999999,38.402800000000006,0,0,0,0,0,0,0,0,0,0,0,0,0,0,0,1,0,0,0,0,0,0,0,0,0,0,1,0,0,0,0,0,0,0,0,0,0,0,0,0,0,0,0,0,0,0,0,0,0,0,0,0,0,0,0,0,0,0,0,0,0,0,0,0,0,0,0,0,0,0,0,0,0,0,0,0,0,0,0,0,0,0,0,1,0
C=CC(=CCCCC#CC=C=NOO)CC=[N+]CCCCCCC,7.9283179699564625,7.9283179699564625,0.7965617913832199,0.7965617913832199,0.13318189754599785,10.666666666666666,330.4720000000002,300.232,330.23017962009,131,1,1.25,2.0833333333333335,2.8333333333333335,2.603161207308163,3.8160152568725287,489.50357557031515,17.71948589292058,14.837464746774266,14.837464746774266,11.846065214951233,8.706840797328026,8.706840797328026,5.3499726755829276,5.3499726755829276,3.3537813548955193,3.3537813548955193,2.0011950729579726,2.0011950729579726,-2.08,21.92,18.967801147227537,16.2932693791152,146.18532526531104,0.0,0.0,0.0,12.75935698544789,0.0,0.0,0.0,4.988296583192696,5.257235394296768,0.0,56.7580466034462,24.835569398847294,28.859559768681418,12.49684172975989,10.245531977489463,12.084399642978507,0.0,4.992404732635669,5.15571272675054,64.71113180602472,6.544756405912575,30.380100534169408,0.0,11.840868637711289,4.992404732635669,0.0,0.0,0.0,23.88639144318785,4.988296583192696,11.840868637711289,64.71113180602472,35.53581326091995,0.0,0.0,0.0,55.92,0.0,0.0,0.0,0.0,0.0,32.22804289761661,43.753232751533204,0.0,12.290620686369198,52.425774733856386,5.257235394296768,0.0,0.0,7.9480373150479675,10.943000941706995,1.2127924912823003,8.041209272356486,0.0,17.505779264306906,7.015847381966015,0.0,0.55,24,1,4,0,0,0,0,0,0,0,0,0,4,1,4,0,13,0,0,0,0,0,17.32392504780115,0,4.670100000000004,102.06680000000006,0,0,0,0,0,0,0,0,0,0,0,0,0,0,1,2,0,0,0,0,0,0,0,0,0,0,4,0,0,0,0,0,0,0,0,0,0,0,0,0,0,0,0,0,0,0,0,0,0,0,0,0,0,0,0,0,0,0,0,0,0,0,0,0,0,0,0,0,0,0,0,0,0,0,0,0,0,0,0,0,0,0,0,6,0
CC=N,6.083333333333333,6.083333333333333,1.25,1.25,0.38542978849756737,4.333333333333333,43.069,38.028999999999996,43.042199159999996,18,0,2.0,2.0,2.0,0.9182958340544894,2.1874960973678963,10.264662506490405,2.7071067811865475,2.0773502691896257,2.0773502691896257,1.4142135623730951,0.8660254037844388,0.8660254037844388,0.2886751345948129,0.2886751345948129,0.0,0.0,0.0,0.0,-0.33,2.67,1.6699999999999997,1.6700000000000006,19.789544141490953,5.409283605791522,0.0,0.0,0.0,0.0,0.0,0.0,0.0,0.0,0.0,0.0,13.13833777922594,0.0,0.0,0.0,6.2146005795353165,5.409283605791522,0.0,0.0,6.923737199690624,0.0,0.0,0.0,0.0,0.0,0.0,0.0,0.0,6.2146005795353165,0.0,5.409283605791522,6.923737199690624,0.0,0.0,0.0,0.0,23.85,0.0,0.0,0.0,0.0,0.0,0.0,6.2146005795353165,6.923737199690624,0.0,0.0,5.409283605791522,0.0,0.0,0.0,6.083333333333333,0.0,0.0,0.0,1.25,1.6666666666666667,0.0,0.5,3,1,1,0,0,0,0,0,0,0,0,0,1,1,1,0,0,0,0,0,0,0,1.4862999999999997,0,0.65587,14.4577,0,0,0,0,0,0,0,0,0,0,0,0,0,0,0,0,1,0,0,0,0,0,0,0,0,0,0,0,0,0,0,0,0,0,0,0,0,0,0,0,0,0,0,0,0,0,0,0,0,0,0,0,0,0,0,0,0,0,0,0,0,0,0,0,0,0,0,0,0,0,0,0,0,0,0,0,0,0,0,0,0,0,0,0,0
CCCC(C)CC=[N+]=CC(C)C,4.243093348450492,4.243093348450492,0.5719733927521624,0.5719733927521624,0.4424748108106864,12.416666666666666,168.304,146.128,168.17467612408998,70,0,1.25,1.9166666666666667,2.4166666666666665,1.983660114596019,3.5860061505739544,152.38704771449983,9.397341225498538,8.877935015818105,8.877935015818105,5.663902460147014,5.01363357297467,5.01363357297467,3.8542826292041874,3.8542826292041874,1.7788705457439908,1.7788705457439908,1.0844439816682523,1.0844439816682523,-0.55,11.45,7.118179477889437,7.555820105820105,76.62945495990782,0.0,0.0,0.0,0.0,12.429201159070633,0.0,0.0,0.0,0.0,4.668020861265006,40.53659204461451,5.917906046161393,12.338727669087403,0.0,0.0,12.429201159070633,0.0,4.668020861265006,11.835812092322787,46.95741366754052,0.0,0.0,0.0,0.0,4.668020861265006,0.0,0.0,0.0,12.429201159070633,0.0,11.835812092322787,46.95741366754052,0.0,0.0,0.0,0.0,14.100000000000001,0.0,0.0,0.0,0.0,5.917906046161393,12.338727669087403,12.841643245852019,0.0,12.429201159070633,32.3629696600275,0.0,4.243093348450492,0.0,0.0,0.0,0.0,1.3630032491391615,0.0,7.756599663013354,8.803970406063659,0.0,0.8181818181818182,12,0,1,0,0,0,0,0,0,0,1,0,0,0,1,0,5,0,0,0,0,1,6.791929585152837,0,2.677500000000001,57.789000000000044,0,0,0,0,0,0,0,0,0,0,0,0,0,0,0,1,0,0,0,0,0,0,0,0,0,0,0,0,0,0,0,0,0,0,0,0,0,0,0,0,0,0,0,0,0,0,0,0,0,0,0,0,0,0,0,0,0,0,0,0,0,0,0,0,0,0,0,0,0,0,0,0,0,0,0,0,0,0,0,0,0,0,0,0,0
CCCC1NCCOCC[N+]=COO1,5.304670493197278,5.304670493197278,0.07578703703703726,-0.07578703703703726,0.6425547794728165,25.071428571428573,202.25399999999996,184.10999999999996,202.13119385609,81,1,1.5,2.4285714285714284,3.2857142857142856,2.2432784848477176,2.274293375995406,164.13605644558544,10.0626316434282,8.569299692390086,8.569299692390086,6.931851652578137,5.047431709249821,5.047431709249821,3.0478539862727505,3.0478539862727505,1.8232742522931984,1.8232742522931984,1.1328227388359202,1.1328227388359202,-0.6500000000000001,11.4249063670412,7.726003107965375,5.160120001273223,84.36807246320029,4.736862953800049,6.606881964512918,6.22790117073487,6.544756405912575,0.0,6.400660921122227,10.204359557262443,0.0,4.887570953256112,0.0,13.344558822616634,6.4208216229260096,6.544756405912575,11.599286697148587,14.512004860312274,6.400660921122227,0.0,10.309193336642,0.0,25.993281616277514,26.303276740850986,0.0,0.0,0.0,10.309193336642,0.0,0.0,0.0,38.93183883270808,14.512004860312274,0.0,19.765380445542643,0.0,0.0,0.0,0.0,53.82000000000001,0.0,0.0,0.0,6.22790117073487,19.75852033493841,19.386399651764595,6.400660921122227,0.0,0.0,17.232930536332624,14.512004860312274,5.304670493197278,0.0,13.8632279856387,3.184166666666667,0.0,0.0,0.0,3.1939417989417986,4.787326388888889,0.0,0.8888888888888888,14,1,5,0,1,1,0,0,0,0,1,0,5,1,5,1,2,0,0,0,0,1,6.304918721426693,1,0.04469999999999996,52.75270000000004,0,0,0,0,0,0,0,0,0,0,0,0,0,0,1,1,1,0,0,0,0,0,0,0,0,0,0,0,0,0,0,0,0,0,0,0,0,0,0,0,0,1,0,0,0,0,0,0,0,0,0,0,0,0,0,0,0,0,0,0,0,0,0,0,0,0,0,0,0,0,0,0,0,0,0,0,0,0,0,0,0,0,0,0,0
CCCCCSCCCC,2.260624606324011,2.260624606324011,1.3479938271604939,1.3479938271604939,0.5115746832524509,10.2,160.326,140.16599999999997,160.12857164,62,0,0.8,1.4,2.0,1.9671544718900458,2.6476048489438337,44.68995593589281,7.6568542494923815,7.357995758769697,8.174492339697423,4.914213562373096,4.491563831562721,5.646264369941971,2.6730326074756157,3.8977774788672037,1.534457050376173,2.6891575887554238,0.8025858577612693,1.9077575732838075,0.35,10.35,9.35,8.35,69.78189796836766,0.0,0.0,0.0,0.0,0.0,0.0,0.0,0.0,11.761884949391115,0.0,33.10993926815928,24.3473504593456,0.0,0.0,0.0,11.761884949391115,0.0,0.0,0.0,45.95158251401129,11.505707213493578,0.0,0.0,0.0,0.0,0.0,0.0,11.761884949391115,11.505707213493578,0.0,0.0,45.95158251401129,0.0,0.0,0.0,0.0,0.0,0.0,0.0,0.0,0.0,0.0,0.0,43.60981532812363,0.0,0.0,25.60935934877236,0.0,0.0,2.1177777777777775,0.0,0.0,0.0,2.7579903628117917,0.0,6.940390054169816,4.517175138573948,0.0,1.0,10,0,0,0,0,0,0,0,0,0,0,0,1,0,1,0,7,0,0,0,0,0,9.677249999999999,0,3.709900000000003,51.75800000000004,0,0,0,0,0,0,0,0,0,0,0,0,0,0,0,0,0,0,0,0,0,0,0,0,0,0,0,0,0,0,0,0,0,0,0,0,0,0,0,0,0,0,0,0,0,0,0,0,0,0,0,0,0,0,0,0,0,0,0,0,0,0,0,0,0,0,0,0,0,0,0,0,0,0,0,1,0,0,0,0,0,0,0,3,0
CCCCCNO,8.042882653061223,8.042882653061223,0.73,0.73,0.413042661577485,9.428571428571429,103.16499999999999,90.06099999999999,103.099714036,44,0,1.4285714285714286,2.142857142857143,2.5714285714285716,1.690933805959686,2.447472887876344,27.26112492884004,5.535533905932738,4.775640720246148,4.775640720246148,3.414213562373095,2.7842669695298,2.7842669695298,1.6152206641949662,1.6152206641949662,0.8921334847649,0.8921334847649,0.45405694150420933,0.45405694150420933,-0.08,6.92,5.92,5.920000000000001,44.49715392069801,5.20725302477729,0.0,0.0,0.0,0.0,0.0,0.0,5.480096598121202,0.0,0.0,19.765380445542643,6.4208216229260096,6.544756405912575,0.0,5.20725302477729,0.0,0.0,5.480096598121202,0.0,26.186202068468653,6.544756405912575,0.0,0.0,0.0,5.480096598121202,0.0,0.0,0.0,11.752009430689865,0.0,0.0,26.186202068468653,0.0,0.0,0.0,0.0,32.26,0.0,0.0,0.0,0.0,0.0,12.965578028838586,12.841643245852019,0.0,0.0,12.403833797811826,5.20725302477729,0.0,0.0,0.0,8.042882653061223,2.1025,0.0,0.0,3.4883333333333333,2.866284013605442,0.0,1.0,7,2,2,0,0,0,0,0,0,0,0,0,2,2,2,0,4,0,0,0,0,0,5.852342857142857,0,1.1554,29.31419999999999,0,0,0,0,0,0,0,0,0,0,0,0,0,0,0,0,1,0,1,0,0,0,0,0,0,0,0,0,0,0,0,0,0,0,0,0,0,0,0,0,0,0,0,0,0,0,0,0,0,0,0,0,0,0,0,0,0,0,0,0,0,0,0,0,0,0,0,0,0,0,0,0,0,0,0,0,0,0,0,0,0,0,0,2,0
C=CCCC=CCC,3.6244316893424036,3.6244316893424036,1.1076388888888888,1.1076388888888888,0.38532502971286287,10.125,110.19999999999997,96.08799999999998,110.109550448,46,0,1.25,2.0,2.5,1.8088121254443208,2.904267885683115,70.10749561002055,6.242640687119286,5.560477932315067,5.560477932315067,3.914213562373095,3.173433276375333,3.173433276375333,1.7456782150393333,1.7456782150393333,0.9398264056274473,0.9398264056274473,0.49859397192712007,0.49859397192712007,-0.52,7.4799999999999995,6.48,5.48,51.914639764237286,0.0,0.0,0.0,0.0,0.0,0.0,0.0,0.0,0.0,6.578935683598497,25.151797520192268,19.26246486877803,0.0,0.0,0.0,0.0,0.0,0.0,0.0,26.186202068468653,0.0,24.80699600410014,0.0,0.0,0.0,0.0,0.0,0.0,0.0,0.0,0.0,26.186202068468653,24.80699600410014,0.0,0.0,0.0,0.0,0.0,0.0,0.0,0.0,0.0,19.26246486877803,0.0,0.0,6.076020106833881,25.654713096956883,0.0,0.0,0.0,0.0,0.0,0.0,0.0,0.0,9.732304421768708,5.767695578231292,0.0,0.5,8,0,0,0,0,0,0,0,0,0,0,0,0,0,0,0,4,0,0,0,0,0,6.0588,0,2.918800000000002,38.862,0,0,0,0,0,0,0,0,0,0,0,0,0,0,0,0,0,0,0,0,0,0,0,0,0,0,3,0,0,0,0,0,0,0,0,0,0,0,0,0,0,0,0,0,0,0,0,0,0,0,0,0,0,0,0,0,0,0,0,0,0,0,0,0,0,0,0,0,0,0,0,0,0,0,0,0,0,0,0,0,0,0,0,1,0
C[N+]=CC=CCC1(C)CCN1,3.8668842120181406,3.8668842120181406,0.3730966553287982,0.3730966553287982,0.592505280346806,31.454545454545453,152.241,136.11299999999997,152.13079993208999,61,1,1.6363636363636365,2.3636363636363638,2.8181818181818183,1.9480529322399527,2.200958209459348,166.40154658752394,8.156854249492381,7.300584746628479,7.300584746628479,5.26776695296637,4.090987614157471,4.090987614157471,3.276983450680928,3.276983450680928,2.1681485645066627,2.1681485645066627,1.2010833204626588,1.2010833204626588,-0.6300000000000001,8.46643201542912,3.6722115509946747,2.464682777320143,68.40853842675708,5.316788604006331,0.0,0.0,13.262272562212505,0.0,0.0,0.0,0.0,0.0,0.0,6.076020106833881,26.31013685145522,16.607350091852894,0.0,0.0,6.2146005795353165,0.0,10.309193336642,0.0,25.304305697925987,13.592428388589765,12.152040213667762,0.0,0.0,10.309193336642,0.0,0.0,0.0,25.34595422050843,0.0,0.0,19.765380445542643,12.152040213667762,0.0,0.0,0.0,26.130000000000003,0.0,0.0,0.0,0.0,5.538925252383345,6.4208216229260096,12.965578028838586,7.04767198267719,12.290620686369198,23.308950643166504,0.0,0.0,0.0,3.8668842120181406,3.4030250850340136,0.3730966553287982,0.0,0.0,8.394904336734694,3.4267218600403124,1.7853678508440414,0.6666666666666666,11,1,2,0,1,1,0,0,0,0,1,0,2,1,2,1,3,0,1,1,0,1,2.8264117675245397,1,0.7210999999999999,48.903700000000036,0,0,0,0,0,0,0,0,0,0,0,0,0,0,1,1,1,0,0,0,0,0,0,0,0,0,1,0,0,0,0,0,0,0,0,0,0,0,0,0,0,0,0,0,0,0,0,0,0,0,0,0,0,0,0,0,0,0,0,0,0,0,0,0,0,0,0,0,0,0,0,0,0,0,0,0,0,0,0,0,0,0,0,0,0
C#CCCCCCCCCCCl,5.560702315289105,5.560702315289105,0.8165610651974289,0.8165610651974289,0.30572939214622963,9.666666666666666,186.726,167.57399999999998,186.117528288,70,0,0.8333333333333334,1.3333333333333333,1.8333333333333333,2.098390961316241,2.7803752605043277,112.66274506757225,9.071067811865477,7.819275772877781,8.575204718896236,5.914213562373096,4.909489767100511,5.4440122509253595,3.1179801158894604,3.4959445888986878,1.9547448835502552,2.2220061254626797,1.2054366673514563,1.39441890385607,-0.15000000000000002,11.85,10.849999999999998,9.850000000000001,81.69116379053658,0.0,0.0,0.0,0.0,0.0,0.0,0.0,0.0,0.0,23.94472410470842,32.10410811463005,12.841643245852019,12.300825067896348,0.0,0.0,11.600939890232516,0.0,0.0,0.0,51.36657298340809,5.880003444970339,0.0,0.0,12.343784214475903,0.0,0.0,0.0,11.600939890232516,5.880003444970339,0.0,12.343784214475903,51.36657298340809,0.0,0.0,0.0,0.0,0.0,0.0,0.0,0.0,0.0,0.0,12.300825067896348,44.94575136048208,0.0,0.0,5.920434318855644,18.024289785852773,0.0,5.560702315289105,0.0,0.0,0.0,3.4780138285035473,0.0,15.07239496731846,0.0,0.0,0.8181818181818182,12,0,0,0,0,0,0,0,0,0,0,0,0,0,1,0,8,0,0,0,0,0,10.714374999999997,0,3.979200000000003,56.48900000000004,0,0,0,0,0,0,0,0,0,0,0,0,0,0,0,0,0,0,0,0,0,0,0,0,0,1,0,0,0,0,0,0,0,0,0,0,0,0,0,0,0,0,0,0,1,0,0,0,0,0,0,0,0,0,0,0,0,0,0,0,0,0,0,0,0,0,0,0,0,0,0,0,0,0,0,0,0,0,1,0,0,0,0,7,0
C=CCC(C)C(CC)NF,11.947364890400605,11.947364890400605,0.015740740740741055,-0.015740740740741055,0.4625725784024445,16.3,145.22099999999998,129.093,145.126677732,60,0,1.7,2.3,2.6,1.9100860088599136,3.6294206077715794,89.25838096618136,7.983127663125442,6.731335624137747,6.731335624137747,4.756748817474191,3.7284409166643853,3.7284409166643853,2.6255115870590147,2.6255115870590147,1.8053105739201087,1.8053105739201087,1.0142163593373563,1.0142163593373563,-0.37,9.63,5.417604502630561,2.968144674765415,62.25491845349585,0.0,0.0,0.0,0.0,0.0,0.0,0.0,0.0,5.538912739823203,11.060208798331933,19.92349450621513,18.75954929201341,6.041840829147961,0.0,4.481273114733436,0.0,0.0,5.538912739823203,5.917906046161393,32.730958474381225,0.0,12.654955790432378,0.0,0.0,5.538912739823203,4.481273114733436,0.0,0.0,6.041840829147961,0.0,5.917906046161393,26.689117645233267,12.654955790432378,0.0,0.0,0.0,12.03,0.0,4.481273114733436,0.0,6.041840829147961,5.917906046161393,12.841643245852019,0.0,5.538912739823203,19.92349450621513,6.578935683598497,0.0,11.947364890400605,0.0,0.0,0.0,1.7885185185185186,0.34027777777777746,-0.015740740740741055,3.5194444444444444,7.5868017762660624,0.0,0.75,10,1,1,0,0,0,0,0,0,0,2,0,1,1,2,0,5,0,0,0,0,2,5.217153136033231,0,2.4513,42.300700000000006,0,0,0,0,0,0,0,0,0,0,0,0,0,0,0,0,1,0,0,0,0,0,0,0,0,0,1,0,0,0,0,0,0,0,0,0,0,0,0,0,0,0,0,0,1,0,0,0,0,0,0,0,0,0,0,0,0,0,0,0,0,0,0,0,0,0,0,0,0,0,0,0,0,0,0,0,0,0,0,0,0,0,0,0,0
CCC=CC=O,9.476944444444445,9.476944444444445,0.78125,0.78125,0.36208456954875373,9.5,84.118,76.05399999999999,84.057514876,34,0,1.6666666666666667,2.3333333333333335,2.5,1.6143308351592656,2.9389363621337683,54.95878455585175,4.82842712474619,3.847405879219288,3.847405879219288,2.914213562373095,2.0177239987125937,2.0177239987125937,0.9724834040772086,0.9724834040772086,0.4503524440153089,0.4503524440153089,0.19163831904350995,0.19163831904350995,-0.5900000000000001,5.41,4.41,3.4100000000000006,37.67093855327549,0.0,6.286160523129555,0.0,0.0,0.0,0.0,4.794537184071822,0.0,0.0,0.0,12.999757306524504,12.49684172975989,0.0,0.0,4.794537184071822,6.286160523129555,0.0,0.0,0.0,13.344558822616634,0.0,12.152040213667762,0.0,0.0,0.0,0.0,0.0,0.0,6.286160523129555,4.794537184071822,0.0,13.344558822616634,12.152040213667762,0.0,0.0,0.0,17.07,0.0,4.794537184071822,0.0,0.0,0.0,12.706982146055566,6.076020106833881,0.0,12.999757306524504,0.0,0.0,0.0,0.0,9.476944444444445,0.0,0.0,0.0,0.0,5.036944444444444,1.9861111111111112,0.0,0.4,6,0,1,0,0,0,0,0,0,0,0,0,1,0,1,0,2,0,0,0,0,0,3.97635,0,1.1515,25.49499999999999,0,0,0,0,0,0,0,0,0,0,1,1,0,0,0,0,0,0,0,0,0,0,0,1,0,0,2,0,0,0,0,0,0,0,0,0,0,0,0,0,0,0,0,0,0,0,0,0,0,0,0,0,0,0,0,0,0,0,0,0,0,0,0,0,0,0,0,0,0,0,0,0,0,0,0,0,0,0,0,0,0,0,0,0,0
NCC#CO,7.625138888888889,7.625138888888889,0.23263888888888884,0.23263888888888884,0.37003344540917205,5.0,71.07899999999998,66.03899999999999,71.03711378,28,0,1.8,2.4,2.4,1.4056390622295665,2.809160464492491,59.02865236353019,4.121320343559642,2.731670645876131,2.731670645876131,2.414213562373095,1.2354084788071156,1.2354084788071156,0.49270423940355784,0.49270423940355784,0.18111901412017523,0.18111901412017523,0.04564354645876384,0.04564354645876384,-0.6799999999999999,4.32,3.32,3.3200000000000016,30.602485097690767,10.84019487200289,6.106494660442553,0.0,0.0,0.0,0.0,0.0,0.0,0.0,0.0,0.0,5.920434318855644,0.0,6.544756405912575,5.106527394840706,0.0,0.0,0.0,5.733667477162185,0.0,6.544756405912575,0.0,0.0,12.026928979298198,5.733667477162185,0.0,0.0,0.0,11.65128380075328,0.0,12.026928979298198,0.0,0.0,0.0,0.0,0.0,46.25,0.0,0.0,0.0,6.544756405912575,0.0,0.0,0.0,6.106494660442553,0.0,5.920434318855644,10.84019487200289,0.0,0.0,0.0,7.625138888888889,4.805416666666667,2.1944444444444446,0.0,1.6423611111111112,0.23263888888888884,0.0,0.3333333333333333,5,3,2,0,0,0,0,0,0,0,0,0,2,2,2,0,0,0,0,0,0,0,2.86848,0,-0.7215,18.766199999999998,0,1,1,0,0,0,0,0,0,0,0,0,0,0,0,0,0,1,0,0,0,0,0,0,0,0,0,0,0,0,0,0,0,0,0,0,0,0,0,0,0,0,0,0,0,0,0,0,0,0,0,0,0,0,0,0,0,0,0,0,0,0,0,0,0,0,0,0,0,0,0,0,0,0,0,0,0,0,0,0,0,0,0,0,0
NCNC=CC=NCCCC=O,9.889154312398361,9.889154312398361,0.42607323232323235,0.42607323232323235,0.244879266333032,11.083333333333334,169.22799999999998,154.10799999999998,169.1215121,68,0,1.5,2.3333333333333335,3.0,2.098390961316241,3.180791911773091,154.38196255841365,9.071067811865477,7.07064035665814,7.07064035665814,5.914213562373096,3.9355206889419945,3.9355206889419945,2.1315124208001786,2.1315124208001786,1.1325914604934753,1.1325914604934753,0.5804170921425481,0.5804170921425481,-1.1600000000000001,10.840000000000002,9.839999999999998,8.840000000000002,72.5508402629462,15.844993265240337,6.286160523129555,0.0,0.0,0.0,0.0,4.992404732635669,0.0,0.0,0.0,0.0,18.69679661958034,19.1801786083739,6.6686911888991425,4.794537184071822,12.500761102664871,0.0,5.316788604006331,10.726072209797854,12.841643245852019,13.213447594811718,12.27597499665433,0.0,0.0,11.050456081168516,0.0,0.0,0.0,25.71420869747659,4.794537184071822,0.0,12.841643245852019,17.26837972929,0.0,0.0,0.0,67.47999999999999,0.0,4.794537184071822,0.0,0.0,19.634269217737728,12.706982146055566,0.0,18.49057557618965,0.0,10.309193336642,5.733667477162185,0.0,0.0,13.918329482466389,2.800122669438146,5.163252675304894,0.0,0.0,7.492117773800674,1.126177398989899,0.0,0.5,12,3,4,0,0,0,0,0,0,0,0,0,4,2,4,0,7,0,0,0,0,0,8.8888,0,0.05580000000000007,49.98710000000002,0,0,0,0,0,0,0,0,0,0,1,1,0,0,1,1,1,1,0,0,0,0,0,1,0,0,1,0,0,0,0,0,0,0,0,0,0,0,0,0,0,0,0,0,0,0,0,0,0,0,0,0,0,0,0,0,0,0,0,0,0,0,0,0,0,0,0,0,0,0,0,0,0,0,0,0,0,0,0,0,0,0,0,1,0
CCCCCCCCC=O,9.893722521415974,9.893722521415974,0.7560763888888888,0.7560763888888888,0.39431683736896034,9.7,142.242,124.09799999999997,142.135765196,60,0,1.0,1.6,2.2,1.9671544718900458,2.703789901245323,69.12851783364005,7.6568542494923815,6.935346027959323,6.935346027959323,4.914213562373096,4.351057332045926,4.351057332045926,2.7231087542278476,2.7231087542278476,1.675528666022963,1.675528666022963,1.00800098652065,1.00800098652065,-0.33,9.67,8.67,7.669999999999999,63.820310043046184,4.794537184071822,6.286160523129555,0.0,0.0,0.0,0.0,0.0,0.0,0.0,0.0,39.02784531432067,6.4208216229260096,6.4208216229260096,0.0,4.794537184071822,6.286160523129555,0.0,0.0,0.0,51.8694885601727,0.0,0.0,0.0,0.0,0.0,0.0,0.0,0.0,6.286160523129555,4.794537184071822,0.0,51.8694885601727,0.0,0.0,0.0,0.0,17.07,0.0,4.794537184071822,0.0,0.0,0.0,19.127803768981575,32.10410811463005,0.0,0.0,6.923737199690624,0.0,0.0,0.0,9.893722521415974,0.0,0.0,0.0,0.0,9.39256645250693,2.2137110260770974,0.0,0.8888888888888888,10,0,1,0,0,0,0,0,0,0,0,0,1,0,1,0,7,0,0,0,0,0,8.38389,0,2.935900000000001,44.057000000000016,0,0,0,0,0,0,0,0,0,0,1,1,0,0,0,0,0,0,0,0,0,0,0,1,0,0,0,0,0,0,0,0,0,0,0,0,0,0,0,0,0,0,0,0,0,0,0,0,0,0,0,0,0,0,0,0,0,0,0,0,0,0,0,0,0,0,0,0,0,0,0,0,0,0,0,0,0,0,0,0,0,0,0,6,0
CCCCOCC=CCN,5.233750000000001,5.233750000000001,0.6082716049382716,0.6082716049382716,0.44930928466602293,11.0,143.22999999999996,126.09399999999998,143.131014164,60,0,1.4,2.2,2.8,1.9671544718900458,2.831324584147559,81.32677655889418,7.6568542494923815,6.675833003965479,6.675833003965479,4.914213562373096,3.842535255101096,3.842535255101096,2.135575128910351,2.135575128910351,1.1590541304054032,1.1590541304054032,0.5620407815995975,0.5620407815995975,-0.34,9.660000000000002,8.66,7.659999999999999,63.057678722941134,10.470530430962235,0.0,0.0,0.0,0.0,0.0,0.0,0.0,0.0,0.0,25.496599036284394,6.4208216229260096,13.151638370425493,6.606881964512918,4.736862953800049,0.0,0.0,0.0,5.733667477162185,19.765380445542643,19.75852033493841,12.152040213667762,0.0,0.0,5.733667477162185,0.0,0.0,0.0,19.75852033493841,4.736862953800049,0.0,19.765380445542643,12.152040213667762,0.0,0.0,0.0,35.25,0.0,0.0,0.0,0.0,13.151638370425493,13.027703587438928,6.4208216229260096,0.0,12.152040213667762,6.923737199690624,10.470530430962235,5.233750000000001,0.0,0.0,0.0,5.227058216805241,0.0,0.0,6.20701774691358,4.332174036281179,0.0,0.75,10,2,2,0,0,0,0,0,0,0,0,0,2,1,2,0,6,0,0,0,0,0,8.365560000000002,0,1.318,43.921400000000006,0,0,0,0,0,0,0,0,0,0,0,0,0,0,0,0,0,1,0,0,0,0,0,0,0,0,0,0,0,0,0,0,0,0,0,0,0,0,0,0,0,1,0,0,0,0,0,0,0,0,0,0,0,0,0,0,0,0,0,0,0,0,0,0,0,0,0,0,0,0,0,0,0,0,0,0,0,0,0,0,0,0,0,1,0
CC#C[N+]=CC(C)C=CCCC,3.931144652305367,3.931144652305367,0.40037037037037027,0.40037037037037027,0.3430263493603605,13.25,163.26399999999995,146.128,163.13555096409,65,1,1.5,2.25,2.8333333333333335,2.0552021655315578,3.692383011314427,202.7793397317687,9.234204518682008,8.170828234631557,8.170828234631557,5.808060412490447,4.424511028337177,4.424511028337177,2.715918283365302,2.715918283365302,1.3810119812345665,1.3810119812345665,0.7466185642543661,0.7466185642543661,-1.03,10.970000000000002,8.070300902708127,7.081482720178372,75.59361701733077,0.0,4.992404732635669,0.0,6.2146005795353165,6.04436910184221,0.0,0.0,0.0,0.0,0.0,25.496599036284397,19.264993141472278,6.923737199690624,5.917906046161393,0.0,6.2146005795353165,0.0,4.992404732635669,5.917906046161393,33.61285484492389,0.0,12.152040213667762,0.0,11.964803420697855,4.992404732635669,0.0,0.0,0.0,6.2146005795353165,0.0,17.882709466859247,33.61285484492389,12.152040213667762,0.0,0.0,0.0,14.100000000000001,0.0,0.0,0.0,0.0,5.917906046161393,6.4208216229260096,6.4208216229260096,6.923737199690624,6.2146005795353165,42.95672276638254,0.0,0.0,0.0,3.931144652305367,0.0,0.0,3.118684019904258,2.655122669438146,8.565303287981859,6.063078703703703,0.0,0.5454545454545454,12,0,1,0,0,0,0,0,0,0,1,0,1,0,1,0,4,0,0,0,0,1,7.37760007522568,0,2.3662,54.860000000000035,0,0,0,0,0,0,0,0,0,0,0,0,0,0,1,1,0,0,0,0,0,0,0,0,0,0,2,0,0,0,0,0,0,0,0,0,0,0,0,0,0,0,0,0,0,0,0,0,0,0,0,0,0,0,0,0,0,0,0,0,0,0,0,0,0,0,0,0,0,0,0,0,0,0,0,0,0,0,0,0,0,0,0,1,0
C=CCCOOCCCCCCCO,8.536678276371603,8.536678276371603,0.3067106801081161,0.3067106801081161,0.24195535795357315,10.357142857142858,202.29399999999993,180.11799999999997,202.156894564,84,0,0.9285714285714286,1.5714285714285714,2.2857142857142856,2.209692218593626,2.8140832857575684,115.10027141924563,10.485281374238573,8.912128257482788,8.912128257482788,6.914213562373096,5.3767412828008565,5.3767412828008565,3.2126745707653512,3.2126745707653512,1.8744267257355147,1.8744267257355147,1.0524181084433044,1.0524181084433044,-0.37999999999999995,13.620000000000001,12.62,11.62,86.64968866655947,5.106527394840706,0.0,0.0,0.0,0.0,0.0,0.0,9.775141906512223,0.0,6.578935683598497,25.33848497561191,19.26246486877803,6.606881964512918,13.213763929025836,14.881669301352929,0.0,0.0,0.0,0.0,38.524929737556064,19.820645893538753,12.654955790432378,0.0,0.0,0.0,0.0,0.0,0.0,24.927173288379457,9.775141906512223,0.0,38.524929737556064,12.654955790432378,0.0,0.0,0.0,38.69,0.0,0.0,0.0,0.0,19.820645893538753,38.524929737556064,0.0,6.076020106833881,0.0,6.578935683598497,14.881669301352929,0.0,0.0,9.835598702443942,8.536678276371603,0.0,0.0,0.0,7.986287038236028,5.14143598294843,0.0,0.8181818181818182,14,1,3,0,0,0,0,0,0,0,0,0,3,1,3,0,11,0,0,0,0,0,12.277457142857143,0,2.4535000000000005,56.888800000000046,0,1,1,0,0,0,0,0,0,0,0,0,0,0,0,0,0,0,0,0,0,0,0,0,0,0,0,0,0,0,0,0,0,0,0,0,0,0,0,0,0,0,0,0,0,0,0,0,0,0,0,0,0,0,0,0,0,0,0,0,0,0,0,0,0,0,0,0,0,0,0,0,0,0,0,0,0,0,0,0,0,0,0,4,0
C=CC#CCCCCCCC,3.534304948448617,3.534304948448617,1.0374348072562358,1.0374348072562358,0.41517398197988725,8.454545454545455,150.265,132.12099999999998,150.140850576,62,0,1.1818181818181819,1.9090909090909092,2.5454545454545454,2.0339309928768716,2.956482873129768,133.85263754543283,8.36396103067893,7.52709773749546,7.52709773749546,5.414213562373096,4.507583596838497,4.507583596838497,2.6894519701990696,2.6894519701990696,1.6094542311218418,1.6094542311218418,0.9612793055389982,0.9612793055389982,-0.7,10.3,9.3,9.300000000000002,70.69829453147065,0.0,0.0,0.0,0.0,0.0,0.0,0.0,0.0,0.0,0.0,51.02682801270444,12.49684172975989,6.4208216229260096,0.0,0.0,0.0,0.0,0.0,0.0,45.448666937246685,0.0,12.654955790432378,0.0,11.840868637711289,0.0,0.0,0.0,0.0,0.0,0.0,11.840868637711289,45.448666937246685,12.654955790432378,0.0,0.0,0.0,0.0,0.0,0.0,0.0,0.0,0.0,6.4208216229260096,32.10410811463005,6.076020106833881,0.0,25.34354152100041,0.0,0.0,0.0,0.0,0.0,0.0,5.896954443814563,0.0,9.335091883975814,5.767953672209624,0.0,0.6363636363636364,11,0,0,0,0,0,0,0,0,0,0,0,0,0,0,0,5,0,0,0,0,0,8.70818181818182,0,3.5363000000000024,51.34900000000004,0,0,0,0,0,0,0,0,0,0,0,0,0,0,0,0,0,0,0,0,0,0,0,0,0,0,1,0,0,0,0,0,0,0,0,0,0,0,0,0,0,0,0,0,0,0,0,0,0,0,0,0,0,0,0,0,0,0,0,0,0,0,0,0,0,0,0,0,0,0,0,0,0,0,0,0,0,0,0,0,0,0,0,5,0
C=CC#CCCCCCCCC(=CCCC)CCNCCCCN=[SH]CCO,8.704568761486895,8.704568761486895,0.24185335938649666,0.24185335938649666,0.11618124816316983,11.857142857142858,408.69600000000014,364.34400000000005,408.3174350279999,162,0,1.0714285714285714,1.8928571428571428,2.6785714285714284,2.7100098619204935,3.6950837591500076,462.96094419819525,20.547913017666765,18.22426338623698,19.118690577236897,13.846065214951233,11.267403882320778,12.299859414354454,7.104822817994054,8.11772183844325,4.510037866398653,5.310037866398654,2.9103062029391595,3.4240129907510806,-0.89,27.110000000000003,24.14829950210647,21.410528609405368,178.15629839353767,10.423315998847038,0.0,0.0,0.0,0.0,0.0,4.362699291082171,0.0,0.0,11.558232291440612,62.675952649607595,64.1112842791411,18.718431635585375,6.606881964512918,5.106527394840706,11.558232291440612,0.0,5.316788604006331,4.362699291082171,83.97359667480276,31.994004788997433,24.304080427335528,0.0,11.840868637711289,5.316788604006331,0.0,0.0,0.0,37.10053218383814,11.558232291440612,11.840868637711289,83.97359667480276,28.6667797184177,0.0,0.0,0.0,44.620000000000005,0.0,0.0,0.0,6.606881964512918,0.0,49.786998361777144,64.20821622926012,11.64912463690315,0.0,41.0990495229228,5.106527394840706,4.379097215539988,1.0320696144722505,0.0,12.28934501882944,1.64259549897086,6.812187601291439,0.0,18.90717604682789,9.215306781845912,0.0,0.75,28,2,3,0,0,0,0,0,0,0,0,0,3,3,4,0,19,0,0,0,0,0,23.380728553646662,0,5.383700000000006,128.0115000000001,0,1,1,0,0,0,0,0,0,0,0,0,0,0,0,1,1,0,0,0,0,0,1,0,0,0,2,0,0,0,0,0,0,0,0,0,0,0,0,0,0,0,0,0,0,0,0,0,0,0,0,0,0,0,0,0,0,0,0,0,0,0,0,0,0,0,0,0,0,0,0,0,0,0,0,0,0,0,0,0,0,0,0,7,0
COCCC#CCNCCI,4.845427299067776,4.845427299067776,0.7354012345679012,0.7354012345679012,0.34779429092893294,8.909090909090908,267.11,252.998,267.012012068,64,0,1.4545454545454546,2.272727272727273,2.909090909090909,2.0339309928768716,2.99270717888274,127.78908529851988,8.36396103067893,6.821746669405828,8.97924496058215,5.414213562373096,3.6283982293441954,5.153979901433361,1.9621116022212686,3.04086074780943,1.0408423790451593,1.5802169518392397,0.5216851146986916,0.903080532720983,0.20999999999999996,11.21,10.21,10.21,82.21831675462363,10.05365155780638,0.0,0.0,0.0,0.0,0.0,0.0,0.0,0.0,0.0,34.431739264779345,0.0,24.50292797241053,13.151638370425493,4.736862953800049,22.590870627068057,0.0,5.316788604006331,0.0,6.4208216229260096,31.233744719910014,0.0,0.0,11.840868637711289,5.316788604006331,0.0,0.0,22.590870627068057,31.233744719910014,4.736862953800049,11.840868637711289,6.4208216229260096,0.0,0.0,0.0,0.0,21.259999999999998,0.0,0.0,0.0,0.0,0.0,30.54476880155849,0.0,7.109797541277533,0.0,39.74852786878567,4.736862953800049,5.981847052154196,2.3311617878173614,0.0,3.1900432256235827,0.0,6.015810657596372,0.0,0.8357291666666667,2.5749187578735198,1.6904893522683024,0.75,11,1,2,0,0,0,0,0,0,0,0,0,2,1,3,0,5,0,0,0,0,0,10.404918181818184,0,1.0509,56.02570000000003,0,0,0,0,0,0,0,0,0,0,0,0,0,0,0,0,1,0,0,0,0,0,0,0,0,1,0,0,0,0,0,0,0,0,0,0,0,0,0,0,0,1,0,0,1,0,0,0,0,0,0,0,0,0,0,1,0,0,0,0,0,0,0,0,0,0,0,0,0,0,0,0,0,0,0,0,0,0,0,0,0,0,0,0,0
C=CCCCC=O,9.645382653061224,9.645382653061224,0.6726388888888888,0.6726388888888888,0.29593236974562226,8.0,98.14499999999998,88.06499999999998,98.07316494,40,0,1.4285714285714286,2.142857142857143,2.5714285714285716,1.690933805959686,2.679549206552144,49.20035947603792,5.535533905932738,4.391375953589304,4.391375953589304,3.414213562373095,2.460447131787105,2.460447131787105,1.386245461044379,1.386245461044379,0.7302235658935524,0.7302235658935524,0.34552203082849764,0.34552203082849764,-0.5900000000000001,6.41,5.41,5.409999999999999,44.035880667672096,4.794537184071822,6.286160523129555,0.0,0.0,0.0,0.0,0.0,0.0,0.0,6.578935683598497,6.076020106833881,12.841643245852019,6.4208216229260096,0.0,4.794537184071822,6.286160523129555,0.0,0.0,0.0,19.26246486877803,0.0,12.654955790432378,0.0,0.0,0.0,0.0,0.0,0.0,6.286160523129555,4.794537184071822,0.0,19.26246486877803,12.654955790432378,0.0,0.0,0.0,17.07,0.0,4.794537184071822,0.0,0.0,6.4208216229260096,19.127803768981575,0.0,0.0,6.076020106833881,6.578935683598497,0.0,0.0,0.0,9.645382653061224,0.0,0.0,0.0,0.0,5.338055555555555,3.5165617913832197,0.0,0.5,7,0,1,0,0,0,0,0,0,0,0,0,1,0,1,0,4,0,0,0,0,0,4.954014285714286,0,1.5416,30.111999999999988,0,0,0,0,0,0,0,0,0,0,1,1,0,0,0,0,0,0,0,0,0,0,0,1,0,0,1,0,0,0,0,0,0,0,0,0,0,0,0,0,0,0,0,0,0,0,0,0,0,0,0,0,0,0,0,0,0,0,0,0,0,0,0,0,0,0,0,0,0,0,0,0,0,0,0,0,0,0,0,0,0,0,0,2,0
C=CCCCCC[N+],8.339757653061223,8.339757653061223,0.33049886621315183,0.33049886621315183,0.3811091712005388,9.125,111.188,98.08399999999999,111.10425083608999,45,3,1.25,2.0,2.5,1.8088121254443208,2.6162930904179853,50.34851554559677,6.242640687119286,5.267204551808868,5.267204551808868,3.914213562373095,3.132724346944564,3.132724346944564,1.8616172387194259,1.8616172387194259,1.0663621734722817,1.0663621734722817,0.5772552287664391,0.5772552287664391,-0.3,7.7,6.7,5.699999999999999,51.57919137903766,0.0,0.0,0.0,0.0,6.544756405912575,5.733667477162185,0.0,0.0,0.0,6.578935683598497,6.076020106833881,19.26246486877803,6.4208216229260096,0.0,0.0,0.0,0.0,5.733667477162185,0.0,25.683286491704038,6.544756405912575,12.654955790432378,0.0,0.0,5.733667477162185,0.0,0.0,0.0,6.544756405912575,0.0,0.0,25.683286491704038,12.654955790432378,0.0,0.0,0.0,22.3,0.0,0.0,0.0,0.0,6.544756405912575,19.26246486877803,6.4208216229260096,0.0,6.076020106833881,6.578935683598497,5.733667477162185,0.0,0.0,0.0,0.0,8.339757653061223,0.0,0.0,6.233922902494331,3.9263194444444443,0.0,0.7142857142857143,8,0,1,0,0,0,0,0,0,0,0,0,0,0,1,0,5,0,0,0,0,0,6.44875,0,1.8014999999999999,35.666,0,0,0,0,0,0,0,0,0,0,0,0,0,0,0,1,0,0,0,0,0,0,0,0,0,0,1,0,0,0,0,0,0,0,0,0,0,0,0,0,0,0,0,0,0,0,0,0,0,0,0,0,0,0,0,0,0,0,0,0,0,0,0,0,0,0,0,0,0,0,0,0,0,0,0,0,0,0,0,0,0,0,0,3,0
CC=NOCCNC=C=CCCCCN,5.369107606281682,5.369107606281682,0.56517217630854,0.56517217630854,0.2621573385752514,9.733333333333333,211.30899999999994,190.141,211.168462292,86,0,1.4666666666666666,2.3333333333333335,3.066666666666667,2.2593895430561943,3.216539793038832,207.8785736055766,11.192388155425121,9.407503649841612,9.407503649841612,7.414213562373096,5.342873854672094,5.342873854672094,2.950541309995728,2.950541309995728,1.6234639813281655,1.6234639813281655,0.895899792867682,0.895899792867682,-1.25,13.75,12.75,12.75,91.86212520289286,15.888044664905149,6.606881964512918,0.0,0.0,0.0,0.0,0.0,0.0,0.0,5.731218590741754,5.15571272675054,38.806978581215105,12.414555469355765,6.544756405912575,4.8375885837366335,6.2146005795353165,0.0,5.316788604006331,10.889380203912726,26.186202068468653,19.696394776338067,18.007193587396085,0.0,0.0,11.050456081168516,0.0,0.0,0.0,25.910995355873386,4.8375885837366335,0.0,26.186202068468653,23.162906314146625,0.0,0.0,0.0,59.64,0.0,0.0,0.0,0.0,6.606881964512918,32.35197768060318,0.0,12.414555469355765,12.999757306524504,16.203719921498625,10.571256060898818,0.0,0.0,4.87752697298693,6.664795860982174,8.408387730368354,0.0,0.0,8.661219956340357,3.8880694793221853,0.0,0.6363636363636364,15,3,4,0,0,0,0,0,0,0,0,0,4,2,4,0,9,0,0,0,0,0,11.6875,0,1.3961000000000001,63.67910000000003,0,0,0,0,0,0,0,0,0,0,0,0,0,0,0,1,1,1,0,0,0,0,0,0,0,0,1,0,0,0,0,0,0,0,0,0,0,0,0,0,0,0,0,0,0,0,0,0,0,0,0,0,0,0,0,0,0,0,0,0,0,0,0,1,0,0,0,0,0,0,0,0,0,0,0,0,0,0,0,0,0,0,0,2,0
CC=NOCCNC=C=CCCCCC1OCC1CC=CN,5.6018984102192295,5.6018984102192295,0.43348907265060554,0.43348907265060554,0.2516653804883715,20.59090909090909,307.438,278.20599999999996,307.22597716800004,124,0,1.4545454545454546,2.3636363636363638,3.090909090909091,2.5088478463905157,1.9294055746458223,387.3652888631437,15.882622599737113,13.539366579437075,13.539366579437075,10.880540057561882,8.091996121054011,8.091996121054011,5.246260599785949,5.246260599785949,3.533057553376656,3.533057553376656,2.257692289261554,2.257692289261554,-1.7099999999999997,18.339285362247413,12.987916911964941,8.548817253274432,133.4698889330659,20.624907618705198,6.606881964512918,0.0,0.0,0.0,0.0,0.0,0.0,0.0,5.731218590741754,17.65255445651043,44.882998688048986,18.33246151551716,19.255604758173796,9.574451537536682,6.2146005795353165,0.0,5.316788604006331,16.807286250074117,45.13181170206897,19.75852033493841,30.283168584050415,0.0,0.0,11.050456081168516,0.0,0.0,0.0,32.077087302222026,9.574451537536682,5.917906046161393,39.02784531432067,35.43888131080095,0.0,0.0,0.0,68.86999999999999,0.0,0.0,0.0,0.0,18.628754398422615,32.41410323920353,12.841643245852019,12.414555469355765,19.199712196344954,22.279740028332505,15.308119014698867,5.6018984102192295,0.0,4.940070105451705,6.754035849694908,8.487187975871025,0.6654627804988553,0.0,15.216646382182633,4.001365162748309,0.0,0.6470588235294118,22,3,5,0,1,1,0,0,0,0,2,0,5,2,5,1,12,0,1,1,0,2,10.826777932258375,1,2.705,90.41610000000004,0,0,0,0,0,0,0,0,0,0,0,0,0,0,0,1,1,1,0,0,0,0,0,0,0,0,2,0,0,0,0,0,0,0,0,0,0,0,0,0,0,1,0,0,0,0,0,0,0,0,0,0,0,0,0,0,0,0,0,0,0,0,0,1,0,0,0,0,0,0,0,0,0,0,0,0,0,0,0,0,0,0,0,2,0
CC1=NOCC2CC2C=CCCC1,5.285833333333334,5.285833333333334,0.7415740740740738,0.7415740740740738,0.5238655695563916,33.76923076923077,179.26299999999995,162.12699999999998,179.131014164,72,0,1.5384615384615385,2.4615384615384617,3.3846153846153846,2.8154380736624924,1.903148702058101,232.24477801956013,9.096011838247808,8.200396868655064,8.200396868655064,6.360173345306138,5.181402670628573,5.181402670628573,4.102344677425192,4.102344677425192,2.7789297404537536,2.7789297404537536,1.7339648297170047,1.7339648297170047,-0.79,8.792679719273073,3.9454392082491943,2.57673729439351,79.6503130473979,4.8375885837366335,6.606881964512918,0.0,0.0,0.0,0.0,0.0,0.0,0.0,0.0,17.3077529404183,38.52492973755605,5.917906046161393,5.711685002770702,4.8375885837366335,5.711685002770702,0.0,0.0,16.991524819073327,32.60702369139466,6.606881964512918,12.152040213667762,0.0,0.0,0.0,0.0,0.0,0.0,12.318566967283619,4.8375885837366335,11.835812092322787,32.60702369139466,17.3077529404183,0.0,0.0,0.0,21.59,0.0,0.0,0.0,0.0,0.0,30.575200682532415,19.26246486877803,0.0,6.923737199690624,17.3077529404183,4.8375885837366335,0.0,0.0,5.285833333333334,4.0929166666666665,1.1319444444444444,1.5273204837490546,0.0,9.435860733182164,2.859457671957672,0.0,0.7272727272727273,13,0,2,1,1,2,0,0,0,0,2,0,2,0,2,1,0,1,0,1,0,2,2.6685371776921154,2,2.7551000000000014,53.649000000000036,0,0,0,0,0,0,0,0,0,0,0,0,0,0,0,1,0,0,0,0,0,0,0,0,0,0,2,0,0,0,0,0,0,0,0,0,1,0,0,0,0,0,0,0,0,0,0,0,0,0,0,0,0,0,0,0,0,0,0,0,0,0,0,1,0,0,0,0,0,0,0,0,0,0,0,0,0,0,0,0,0,0,0,0,0
C1=NC1,3.625,3.625,1.0,1.0,0.3629377750622916,18.666666666666668,41.05299999999999,38.028999999999996,41.026549096,16,0,2.0,2.3333333333333335,2.3333333333333335,1.459147917027245,2.7320508075688776,25.774437510817343,2.121320343559643,1.7316706458761313,1.7316706458761313,1.5,0.982674946227862,0.982674946227862,0.5477225575051661,0.5477225575051661,0.18257418583505539,0.18257418583505539,0.0,0.0,-0.33,1.0445318352059925,0.10515829931686513,0.40513031855647164,18.99368447455705,0.0,0.0,0.0,0.0,0.0,0.0,4.992404732635669,0.0,0.0,0.0,0.0,0.0,6.2146005795353165,6.544756405912575,0.0,6.2146005795353165,0.0,0.0,4.992404732635669,0.0,6.544756405912575,0.0,0.0,0.0,0.0,0.0,0.0,0.0,12.75935698544789,0.0,0.0,0.0,4.992404732635669,0.0,0.0,0.0,12.36,0.0,0.0,0.0,0.0,0.0,6.544756405912575,0.0,0.0,6.2146005795353165,4.992404732635669,0.0,0.0,0.0,3.625,0.0,0.0,0.0,0.0,1.875,1.0,0.0,0.5,3,0,1,0,1,1,0,0,0,0,0,0,1,0,1,1,0,0,0,0,0,0,0.036613730457528734,1,0.07080000000000003,13.359,0,0,0,0,0,0,0,0,0,0,0,0,0,0,1,1,0,0,0,0,0,0,0,0,0,0,0,0,0,0,0,0,0,0,0,0,0,0,0,0,0,0,0,0,0,0,0,0,0,0,0,0,0,0,0,0,0,0,0,0,0,0,0,0,0,0,0,0,0,0,0,0,0,0,0,0,0,0,0,0,0,0,0,0,0
C#CCCC=NC=C=[N+]CC,5.0349339867183485,5.0349339867183485,0.7383538044847567,0.7383538044847567,0.32300788551547077,8.727272727272727,148.20899999999997,136.113,148.09949980409,57,1,1.6363636363636365,2.4545454545454546,3.090909090909091,2.0339309928768716,3.451022531081063,202.09284782231805,8.36396103067893,6.747798342128435,6.747798342128435,5.414213562373096,3.60249107469445,3.60249107469445,1.8069852029342037,1.8069852029342037,0.9048554369022417,0.9048554369022417,0.4405685379868369,0.4405685379868369,-1.32,9.68,8.679999999999998,8.68,67.75905527439767,0.0,6.199954889820448,0.0,6.544756405912575,5.86979906344319,0.0,4.992404732635669,0.0,0.0,12.343784214475903,0.0,6.4208216229260096,19.55915940215195,4.992404732635669,0.0,12.084399642978507,0.0,4.992404732635669,4.992404732635669,19.765380445542643,6.544756405912575,6.199954889820448,0.0,12.343784214475903,4.992404732635669,0.0,0.0,0.0,18.629156048891083,0.0,12.343784214475903,19.765380445542643,11.192359622456117,0.0,0.0,0.0,26.46,0.0,0.0,0.0,0.0,0.0,19.386399651764595,0.0,12.414555469355765,6.923737199690624,21.775042847570173,6.423349895620259,0.0,0.0,7.725940176996724,0.0,0.0,5.183179012345679,0.0,9.897158964672494,2.6937218459851033,0.0,0.4444444444444444,11,0,2,0,0,0,0,0,0,0,0,0,2,0,2,0,4,0,0,0,0,0,7.638399999999998,0,1.0097,48.81100000000003,0,0,0,0,0,0,0,0,0,0,0,0,0,0,2,2,0,0,0,0,0,0,0,0,0,0,0,0,0,0,0,0,0,0,0,0,0,0,0,0,0,0,0,0,0,0,0,0,0,0,0,0,0,0,0,0,0,0,0,0,0,0,0,0,0,0,0,0,0,0,0,0,0,0,0,0,0,0,1,0,0,0,0,1,0
C#COC,4.555555555555555,4.555555555555555,1.4444444444444444,1.4444444444444444,0.360695765015935,4.0,56.06399999999999,52.032,56.026214748,22,0,2.0,2.25,2.25,1.370950594454669,2.4330963097956353,33.03830640231605,3.414213562373095,2.485598559653489,2.485598559653489,1.914213562373095,0.9010475702906076,0.9010475702906076,0.3219752754296895,0.3219752754296895,0.11785113019775795,0.11785113019775795,0.0,0.0,-0.64,3.36,2.36,1.3599999999999992,25.581905877988916,4.736862953800049,6.106494660442553,0.0,0.0,0.0,0.0,0.0,0.0,0.0,0.0,6.423349895620259,0.0,0.0,7.109797541277533,4.736862953800049,0.0,0.0,0.0,0.0,0.0,7.109797541277533,0.0,0.0,12.529844556062812,0.0,0.0,0.0,0.0,7.109797541277533,4.736862953800049,12.529844556062812,0.0,0.0,0.0,0.0,0.0,9.23,0.0,0.0,0.0,0.0,0.0,0.0,7.109797541277533,0.0,6.106494660442553,11.160212849420308,0.0,4.069444444444445,0.0,0.0,0.0,0.0,0.0,0.0,6.486111111111111,0.0,1.4444444444444444,0.3333333333333333,4,0,1,0,0,0,0,0,0,0,0,0,1,0,1,0,0,0,0,0,0,0,1.9823999999999997,0,0.22350000000000003,15.842000000000002,0,0,0,0,0,0,0,0,0,0,0,0,0,0,0,0,0,0,0,0,0,0,0,0,0,0,0,0,0,0,0,0,0,0,0,0,0,0,0,0,0,1,0,0,0,0,0,0,0,0,0,0,0,0,0,1,0,0,0,0,0,0,0,0,0,0,0,0,0,0,0,0,0,0,0,0,0,0,1,0,0,0,0,0,0
C=CNCCC=NC=O,9.599066672965483,9.599066672965483,0.5217361111111112,0.5217361111111112,0.32758490830169784,9.333333333333334,126.15899999999999,116.07899999999998,126.07931294,50,0,1.6666666666666667,2.4444444444444446,3.0,1.88523483624215,2.982627718296873,109.62548782626679,6.949747468305834,5.208833037092341,5.208833037092341,4.414213562373095,2.710825146005651,2.710825146005651,1.3839780647326632,1.3839780647326632,0.7283794640497644,0.7283794640497644,0.3675138759272759,0.3675138759272759,-1.12,7.880000000000001,6.880000000000001,6.879999999999999,54.48106533714026,5.316788604006331,0.0,0.0,6.410095306116121,0.0,0.0,4.794537184071822,4.992404732635669,0.0,0.0,6.578935683598497,6.199954889820448,19.1801786083739,0.0,4.794537184071822,12.624695885651438,0.0,5.316788604006331,4.992404732635669,6.4208216229260096,6.544756405912575,12.778890573418945,0.0,0.0,5.316788604006331,0.0,0.0,0.0,19.169452291564014,4.794537184071822,0.0,6.4208216229260096,17.771295306054615,0.0,0.0,0.0,41.46,0.0,4.794537184071822,0.0,0.0,6.410095306116121,12.965578028838586,0.0,12.414555469355765,0.0,16.8881290202405,0.0,0.0,0.0,12.962816672965483,2.863857709750567,0.0,0.0,0.0,4.441388888888889,4.231936728395062,0.0,0.3333333333333333,9,1,3,0,0,0,1,0,0,0,0,0,2,1,3,0,5,0,0,0,0,0,6.023822222222224,0,0.33680000000000004,37.37270000000001,0,0,0,0,0,0,0,0,0,0,1,1,0,0,1,1,1,0,0,0,0,0,0,0,0,0,0,1,0,0,0,0,0,0,0,0,0,0,0,0,0,0,0,0,0,0,0,0,0,0,0,0,0,0,0,0,0,0,0,0,0,0,0,0,0,0,0,0,0,0,0,0,0,0,0,0,0,0,0,0,0,0,0,0,0
CNC=O,9.0625,9.0625,0.625,0.625,0.3999167569393753,5.25,59.068000000000005,54.028,59.03711378,24,0,2.0,2.25,2.25,1.370950594454669,2.2968352619191386,20.0,3.414213562373095,2.485598559653489,2.485598559653489,1.914213562373095,1.0243773949903288,1.0243773949903288,0.40652626479257087,0.40652626479257087,0.11785113019775795,0.11785113019775795,0.0,0.0,-0.53,3.4699999999999998,2.4699999999999993,1.4699999999999982,24.81557742587796,5.316788604006331,0.0,0.0,6.410095306116121,0.0,0.0,4.794537184071822,0.0,0.0,0.0,0.0,0.0,7.04767198267719,0.0,4.794537184071822,6.410095306116121,0.0,5.316788604006331,0.0,0.0,7.04767198267719,0.0,0.0,0.0,5.316788604006331,0.0,0.0,0.0,13.45776728879331,4.794537184071822,0.0,0.0,0.0,0.0,0.0,0.0,29.1,0.0,0.0,0.0,0.0,6.410095306116121,0.0,0.0,7.04767198267719,0.0,5.316788604006331,4.794537184071822,0.0,0.0,9.0625,2.25,0.0,0.0,0.0,0.625,0.0,1.5625,0.5,4,1,2,0,0,0,1,0,0,0,0,0,1,1,2,0,1,0,0,0,0,0,2.142724999999999,0,-0.6378000000000001,15.123700000000001,0,0,0,0,0,0,0,0,0,0,1,1,0,0,0,0,1,0,0,0,0,0,0,0,0,0,0,1,0,0,0,0,0,0,0,0,0,0,0,0,0,0,0,0,0,0,0,0,0,0,0,0,0,0,0,0,0,0,0,0,0,0,0,0,0,0,0,0,0,0,0,0,0,0,0,0,0,0,0,0,0,0,0,0,0
CCCCC(CCCC=NC)NC=O,10.329844734189972,10.329844734189972,0.3589871504157216,0.3589871504157216,0.3441404590749634,13.0,198.31,176.134,198.173213324,82,0,1.3571428571428572,2.0714285714285716,2.642857142857143,2.2042825878399452,3.5475391629153927,157.36652115571945,10.648418081055103,9.330153380651986,9.330153380651986,6.846065214951233,5.450316667410398,5.450316667410398,3.495346482476303,3.495346482476303,2.278266524195873,2.278266524195873,1.4423903718765525,1.4423903718765525,-0.8600000000000001,13.14,10.222372322899506,7.771837784876604,86.99537894130756,10.309193336642,0.0,0.0,6.410095306116121,0.0,0.0,4.794537184071822,0.0,0.0,0.0,19.765380445542643,31.897887071239353,13.08951281182515,0.0,4.794537184071822,12.624695885651438,0.0,5.316788604006331,4.992404732635669,51.49050776639464,7.04767198267719,0.0,0.0,0.0,5.316788604006331,0.0,0.0,0.0,25.714208697476586,4.794537184071822,0.0,45.448666937246685,4.992404732635669,0.0,0.0,0.0,41.46,0.0,4.794537184071822,0.0,0.0,6.041840829147961,32.09338179782016,12.841643245852019,7.04767198267719,6.2146005795353165,17.232930536332624,0.0,0.0,0.0,14.255572326152684,2.8692750850340136,0.0,0.0,0.3589871504157216,9.391217797304106,2.1683638038548754,1.7899171705719326,0.8181818181818182,14,1,3,0,0,0,1,0,0,0,1,0,2,1,3,0,9,0,0,0,0,1,9.594426594492822,0,2.1620999999999997,60.77970000000004,0,0,0,0,0,0,0,0,0,0,1,1,0,0,1,1,1,0,0,0,0,0,0,0,0,0,0,1,0,0,0,0,0,0,0,0,0,0,0,0,0,0,0,0,0,0,0,0,0,0,0,0,0,0,0,0,0,0,0,0,0,0,0,0,0,0,0,0,0,0,0,0,0,0,0,0,0,0,0,0,0,0,0,2,0
C#SCB=CC=[N+]=CC,5.1563495212899975,5.1563495212899975,0.8429903628117915,0.8429903628117915,0.2894794205122952,7.555555555555555,138.02399999999997,128.952,138.05432710809,46,0,1.7777777777777777,2.5555555555555554,3.111111111111111,1.88523483624215,3.5044757764234524,183.72476622436804,6.949747468305834,5.449320013098498,6.265816594026224,4.414213562373095,2.6930404008048066,3.7417951907854636,1.3178269702058578,1.9844936368725243,0.6497366448825899,1.0346368243423403,0.3077258691385121,0.5299480913607344,-0.6150649350649351,8.384935064935062,7.384935064935061,7.384935064935061,60.042101520307384,0.0,0.0,0.0,0.0,0.0,59.41746103010898,0.0,0.0,0.0,0.0,0.0,0.0,0.0,0.0,0.0,36.48600620972955,0.0,4.668020861265006,0.0,6.923737199690624,5.652205375464627,0.0,0.0,5.687491383959182,4.668020861265006,0.0,0.0,11.169604329058926,30.96860725613525,0.0,5.687491383959182,6.923737199690624,0.0,0.0,0.0,0.0,14.100000000000001,0.0,0.0,0.0,0.0,0.0,5.652205375464627,11.169604329058926,12.429201159070633,19.810937921290616,4.668020861265006,5.687491383959182,3.8567214663643234,1.3009852135298563,0.0,0.0,5.999339884101789,1.874861111111111,0.0,3.4684013605442177,3.833024297682036,0.0,0.3333333333333333,9,0,1,0,0,0,0,0,0,0,0,0,0,0,3,0,2,0,0,0,0,0,6.880244553138054,0,0.0012000000000000899,49.15700000000001,0,0,0,0,0,0,0,0,0,0,0,0,0,0,0,1,0,0,0,0,0,0,0,0,0,0,0,0,0,0,0,0,0,0,0,0,0,0,0,0,0,0,0,0,0,0,0,0,0,0,0,0,0,0,0,0,0,0,0,0,0,0,0,0,0,0,0,0,0,0,0,0,0,0,0,0,0,0,0,0,0,0,0,0,0
O=C=CCCNCS,9.540578231292518,9.540578231292518,0.659421768707483,0.659421768707483,0.2475777640845077,8.125,131.20000000000002,122.12799999999999,131.040484908,46,0,1.75,2.5,3.0,1.8088121254443208,2.8204519879532417,88.42945954287094,6.242640687119286,4.55413249871309,5.448559689713005,3.914213562373095,2.424382117493993,3.056837649527669,1.2687642930329213,1.584992059049759,0.6605885620997726,0.8841953598497515,0.31221336286775736,0.4703272458761763,-0.2400000000000001,7.76,6.76,5.76,54.37586740028526,5.316788604006331,5.941359007037427,0.0,0.0,0.0,0.0,0.0,4.794537184071822,12.628789148012991,0.0,0.0,6.4208216229260096,18.497564902479812,0.0,4.794537184071822,18.57014815505042,0.0,5.316788604006331,0.0,6.4208216229260096,12.421544795645932,6.076020106833881,0.0,0.0,5.316788604006331,0.0,0.0,12.628789148012991,18.36290380268336,4.794537184071822,0.0,6.4208216229260096,6.076020106833881,0.0,0.0,0.0,29.1,0.0,4.794537184071822,0.0,0.0,5.876788389733356,12.965578028838586,6.076020106833881,5.941359007037427,0.0,17.94557775201932,0.0,0.0,3.8992145376669187,9.540578231292518,2.9371141975308643,0.0,2.346071428571429,0.0,2.194938271604938,0.8043055555555556,0.0,0.6,8,1,2,0,0,0,0,0,0,0,0,0,3,2,3,0,4,0,0,0,0,0,6.5572,0,0.24119999999999991,36.736200000000004,0,0,0,0,0,0,0,0,0,0,0,1,0,0,0,0,1,0,0,0,0,0,1,0,0,0,0,0,0,0,0,0,0,0,0,0,0,0,0,0,0,0,0,0,0,0,0,0,0,0,0,0,0,0,0,0,0,0,0,0,0,0,0,0,0,0,0,0,0,0,0,0,0,0,0,0,0,0,0,0,0,0,0,0,0
CCC1=CN=CCCCCCN=C1C,4.553703703703704,4.553703703703704,0.9753703703703703,0.9753703703703703,0.6081592283862501,19.571428571428573,192.30599999999995,172.146,192.16264864,78,0,1.2857142857142858,2.142857142857143,2.9285714285714284,2.2358002852892,2.7228639088242454,249.04734401697988,10.22576835024473,9.291768416498455,9.291768416498455,6.8425352551010965,5.563815940099636,5.563815940099636,3.6560028113858705,3.6560028113858705,2.5217151335084176,2.5217151335084176,1.5302626599280933,1.5302626599280933,-0.92,11.15645259938838,6.521444040273273,3.8590916420317125,86.848825072199,0.0,0.0,0.0,0.0,0.0,0.0,9.984809465271338,0.0,0.0,0.0,13.344558822616634,38.18012822146393,24.67099687803904,0.0,0.0,11.926285582306019,0.0,0.0,9.984809465271338,45.95158251401129,6.544756405912575,11.773059419889716,0.0,0.0,0.0,0.0,0.0,0.0,18.471041988218595,0.0,0.0,45.95158251401129,21.757868885161056,0.0,0.0,0.0,24.72,0.0,0.0,0.0,0.0,0.0,25.0980846545353,24.835569398847294,0.0,12.414555469355765,23.832283864652588,0.0,0.0,0.0,8.862685185185185,0.0,2.4256481481481487,0.0,0.0,9.830780895691609,5.214219104308389,0.0,0.6666666666666666,14,0,2,0,1,1,0,0,0,0,0,0,2,0,2,1,1,0,0,0,0,0,5.196870093919473,1,3.386000000000002,63.31000000000004,0,0,0,0,0,0,0,0,0,0,0,0,0,0,2,2,0,0,0,0,0,0,0,0,0,0,1,0,0,0,0,0,0,0,0,0,0,0,0,0,0,0,0,0,0,0,0,0,0,0,0,0,0,0,0,0,0,0,0,0,0,0,0,0,0,0,0,0,0,0,0,0,0,0,0,0,0,0,0,0,0,0,0,0,0
CCC=CN=CCCCCCNC(C)[N+]#CC(C)C1N=[SH]OCCO1,5.60755835319695,5.60755835319695,0.027310250694019267,-0.2139332960109115,0.35035384997335706,20.68,369.5550000000001,336.29100000000005,369.2318737160899,142,0,1.36,2.24,3.08,2.9045509963079117,2.092586727846885,485.2030746519984,18.16707965011328,15.726306827557696,16.62073401855761,12.23638210521845,9.227903299101914,9.993051670772026,5.942671410120197,6.595109723728752,3.563801710478044,4.18374109180077,2.093206709673445,2.6756484236907014,-1.07,21.971788549937312,15.20577679696326,12.001779516190373,155.79092643075364,8.919948386449757,5.917906046161393,6.22790117073487,0.0,6.069221312792274,6.165775612134527,4.992404732635669,9.679487895088503,0.0,0.0,24.265591611033148,32.60702369139466,37.72215508901563,13.213763929025836,8.919948386449757,18.053706593591983,0.0,5.316788604006331,15.273010069879232,65.2689964965713,19.75852033493841,17.120987678236965,0.0,6.069221312792274,5.316788604006331,0.0,0.0,0.0,38.366797697343124,20.75905440050642,11.987127358953668,52.87531971370191,21.63107902037217,0.0,4.8450126815826335,0.0,59.57000000000001,0.0,0.0,0.0,18.31158282903079,25.052869943082502,25.807221274690605,12.841643245852019,0.0,26.262029868737013,38.58588392862359,8.919948386449757,15.122630160329692,0.630213016633113,8.653464495298895,3.4002212686804136,0.0,0.027310250694019267,3.1253164908299356,11.365743380923275,8.286212047721765,0.0,0.7777777777777778,25,1,6,0,1,1,0,0,0,0,3,0,5,2,7,1,10,0,0,0,0,3,13.363924500816793,1,3.732300000000002,107.14670000000005,0,0,0,0,0,0,0,0,0,0,0,0,0,0,1,3,1,0,0,0,0,0,1,0,0,0,1,0,0,0,0,0,0,0,0,0,0,0,0,0,0,1,0,0,0,0,0,0,0,0,0,0,0,0,0,0,0,0,0,0,0,0,0,0,0,0,0,0,0,0,0,0,0,0,0,0,0,0,0,0,0,0,0,3,0
CCC=CN=CCCCCCNC(C)[N+]#CC(C)C1N=[SH]C(O)CCCN1CCCCCCC=O,10.4899926610419,10.4899926610419,0.007984090711507852,-0.3687059695009236,0.10727958185784267,21.142857142857142,508.7970000000004,458.3970000000003,508.3679732600899,200,0,1.2,1.9714285714285715,2.7714285714285714,2.8383854766743544,2.437665659311341,688.7944354885309,25.56442087561181,22.316933734778825,23.211360925778735,17.078917360319544,13.691527626280118,14.607925405774441,9.323897716622994,10.381866411320651,6.018702671066732,6.913426655463835,3.9333600762267347,4.867981563417901,-1.4000000000000001,31.629761904761907,21.848275121479773,16.820591152549095,217.3549006476945,9.901064578912528,23.805840552994557,0.0,0.0,6.069221312792274,6.165775612134527,9.892314463486148,9.679487895088503,0.0,0.0,48.66546714832579,58.29031018309871,45.39338350971012,0.0,9.901064578912528,24.058993394105485,0.0,10.216698334856808,15.273010069879232,115.58862067002214,19.634269217737724,17.120987678236965,0.0,6.069221312792274,5.316788604006331,0.0,0.0,0.0,59.90901704193191,16.352769475512435,11.987127358953668,97.821071074184,21.63107902037217,0.0,4.8450126815826335,0.0,81.65,0.0,9.901064578912528,0.0,23.685455641999532,6.4208216229260096,101.686878261568,6.4208216229260096,0.0,12.414555469355765,52.970568767773145,4.362699291082171,4.823269955187692,0.7558004117193657,21.82007400315304,13.594747924914044,-0.3687059695009236,0.06310959883599043,3.327270119312244,19.249178255714746,9.179700145108242,0.0,0.8148148148148148,35,2,7,0,1,1,0,0,0,0,4,0,6,3,8,1,17,0,0,0,0,4,19.744449717775378,1,5.334100000000006,151.20549999999983,0,1,1,0,0,0,0,0,0,0,1,1,0,0,1,4,1,0,0,0,0,0,1,1,0,0,1,0,0,0,0,0,0,0,0,0,0,0,0,0,0,0,0,0,0,0,0,0,0,0,0,0,0,0,0,0,0,0,0,0,0,0,0,0,0,0,0,0,0,0,0,0,0,0,0,0,0,0,0,0,0,0,0,7,0
CCC=COCCCC,5.1338888888888885,5.1338888888888885,0.8680555555555556,0.8680555555555556,0.40836326251179195,10.444444444444445,128.215,112.08699999999997,128.120115132,54,0,1.3333333333333333,2.111111111111111,2.6666666666666665,1.88523483624215,2.8164790976838736,66.96788691072805,6.949747468305834,6.391375953589305,6.391375953589305,4.414213562373095,3.6801725811606203,3.6801725811606203,2.004377516839205,2.004377516839205,1.043894438213829,1.043894438213829,0.45997870898363175,0.45997870898363175,-0.46,8.539999999999997,7.539999999999997,7.539999999999997,57.71778802592843,4.736862953800049,0.0,0.0,0.0,0.0,0.0,0.0,0.0,0.0,0.0,26.344316129141138,12.841643245852019,0.0,12.868962412933708,4.736862953800049,0.0,0.0,0.0,0.0,33.10993926815928,6.606881964512918,12.338100555254671,0.0,0.0,0.0,0.0,0.0,0.0,6.606881964512918,4.736862953800049,0.0,33.10993926815928,12.338100555254671,0.0,0.0,0.0,9.23,0.0,0.0,0.0,0.0,0.0,19.448525210364938,6.4208216229260096,6.26208044842079,6.076020106833881,13.847474399381248,4.736862953800049,5.1338888888888885,0.0,0.0,0.0,0.0,0.0,0.0,7.241532029478458,5.124579081632653,0.0,0.75,9,0,1,0,0,0,0,0,0,0,0,0,1,0,1,0,5,0,0,0,0,0,7.154622222222217,0,2.726800000000001,40.291000000000004,0,0,0,0,0,0,0,0,0,0,0,0,0,0,0,0,0,0,0,0,0,0,0,0,0,0,1,0,0,0,0,0,0,0,0,0,0,0,0,0,0,1,0,0,0,0,0,0,0,0,0,0,0,0,0,0,0,0,0,0,0,0,0,0,0,0,0,0,0,0,0,0,0,0,0,0,0,0,0,0,0,0,0,1,0
CCCCN=NCCC=NOC,4.4840976894277755,4.4840976894277755,0.7049348072562359,0.7049348072562359,0.2506545970997552,11.5,171.24399999999997,154.10799999999998,171.137162164,70,0,1.25,2.0,2.6666666666666665,2.098390961316241,3.073134616298332,134.2646625064904,9.071067811865477,7.862773252086102,7.862773252086102,5.914213562373096,4.2968319697301665,4.2968319697301665,2.34284246017172,2.34284246017172,1.2498110179377926,1.2498110179377926,0.6129561981217742,0.6129561981217742,-0.9299999999999999,11.07,10.069999999999999,9.069999999999999,73.70352988793987,4.8375885837366335,7.109797541277533,0.0,0.0,0.0,0.0,0.0,0.0,10.228500251258795,0.0,18.500271549367174,6.4208216229260096,12.635422202461326,13.08951281182515,4.8375885837366335,6.2146005795353165,0.0,0.0,15.384212978009336,26.186202068468653,20.199310353102682,0.0,0.0,0.0,0.0,0.0,0.0,0.0,26.413910932638,4.8375885837366335,0.0,26.186202068468653,15.384212978009336,0.0,0.0,0.0,46.31,0.0,0.0,0.0,0.0,6.544756405912575,19.386399651764595,13.530619164203543,6.2146005795353165,0.0,27.14553876143659,0.0,0.0,0.0,4.4840976894277755,11.519230678382463,0.0,0.0,0.0,4.779880114274054,3.689741832492103,1.527049685423603,0.875,12,0,4,0,0,0,0,0,0,0,0,0,4,0,4,0,7,0,0,0,0,0,9.289575,0,2.261,49.616000000000035,0,0,0,0,0,0,0,0,0,0,0,0,0,0,0,3,0,0,0,0,0,0,0,0,0,0,0,0,0,0,0,0,1,0,0,0,0,0,0,0,0,0,0,0,0,0,0,0,0,0,0,0,0,0,0,0,0,0,0,0,0,0,0,1,0,0,0,0,0,0,0,0,0,0,0,0,0,0,0,0,0,0,0,1,0
BC,2.0,2.0,2.0,2.0,0.31875921935469864,2.5,27.863,22.823,28.04843056,12,0,1.5,1.5,1.5,1.0,1.0,2.0,2.0,2.0,2.0,1.0,1.0,1.0,0.0,0.0,0.0,0.0,0.0,0.0,0.06493506493506485,2.064935064935064,1.0649350649350573,13.464935064935046,15.891036438244257,0.0,0.0,0.0,0.0,0.0,0.0,0.0,0.0,0.0,0.0,6.823088968408461,0.0,0.0,7.846274558951528,0.0,7.846274558951528,0.0,0.0,0.0,6.823088968408461,0.0,0.0,0.0,0.0,0.0,0.0,0.0,0.0,7.846274558951528,0.0,0.0,0.0,0.0,6.823088968408461,0.0,0.0,0.0,0.0,0.0,0.0,0.0,0.0,0.0,0.0,0.0,14.66936352735999,0.0,0.0,0.0,0.0,0.0,0.0,0.0,0.0,0.0,0.0,2.0,2.0,1.0,2,0,0,0,0,0,0,0,0,0,0,0,0,0,1,0,0,0,0,0,0,0,1.0995108787316497,0,-0.33240000000000003,14.408,0,0,0,0,0,0,0,0,0,0,0,0,0,0,0,0,0,0,0,0,0,0,0,0,0,0,0,0,0,0,0,0,0,0,0,0,0,0,0,0,0,0,0,0,0,0,0,0,0,0,0,0,0,0,0,0,0,0,0,0,0,0,0,0,0,0,0,0,0,0,0,0,0,0,0,0,0,0,0,0,0,0,0,0,0
CCC=CCCCC,2.267361111111111,2.267361111111111,1.1842403628117912,1.1842403628117912,0.3868985709366228,10.75,112.21600000000001,96.08799999999998,112.12520051199999,48,0,1.125,1.875,2.375,1.8088121254443208,2.799731275638644,53.05865002596163,6.242640687119286,5.983127663125442,5.983127663125442,3.914213562373095,3.5640434766341547,3.5640434766341547,2.021881336442981,2.021881336442981,1.1267131295540542,1.1267131295540542,0.606493072294114,0.606493072294114,-0.26,7.739999999999999,6.74,5.740000000000001,52.60424279642154,0.0,0.0,0.0,0.0,0.0,0.0,0.0,0.0,0.0,0.0,38.84115785890103,12.841643245852019,0.0,0.0,0.0,0.0,0.0,0.0,0.0,39.53076089108528,0.0,12.152040213667762,0.0,0.0,0.0,0.0,0.0,0.0,0.0,0.0,0.0,39.53076089108528,12.152040213667762,0.0,0.0,0.0,0.0,0.0,0.0,0.0,0.0,0.0,0.0,25.683286491704038,0.0,0.0,25.99951461304901,0.0,0.0,0.0,0.0,0.0,0.0,0.0,0.0,9.608897392290249,4.391102607709751,0.0,0.75,8,0,0,0,0,0,0,0,0,0,0,0,0,0,0,0,4,0,0,0,0,0,6.52095,0,3.142800000000002,38.956,0,0,0,0,0,0,0,0,0,0,0,0,0,0,0,0,0,0,0,0,0,0,0,0,0,0,2,0,0,0,0,0,0,0,0,0,0,0,0,0,0,0,0,0,0,0,0,0,0,0,0,0,0,0,0,0,0,0,0,0,0,0,0,0,0,0,0,0,0,0,0,0,0,0,0,0,0,0,0,0,0,0,0,2,0
CCCC=CCCOCCCCCC,5.509171626984127,5.509171626984127,0.8951778628117913,0.8951778628117913,0.37483768141724877,11.285714285714286,198.34999999999994,172.14199999999997,198.198365452,84,0,0.7857142857142857,1.5714285714285714,2.2857142857142856,2.209692218593626,2.913482969733896,118.40397044122783,10.485281374238573,9.926909859522045,9.926909859522045,6.914213562373096,6.14139374582378,6.14139374582378,3.7217873974562723,3.7217873974562723,2.1930923572780636,2.1930923572780636,1.286706555284027,1.286706555284027,-0.3,13.7,12.7,11.7,89.54249859791148,4.736862953800049,0.0,0.0,0.0,0.0,0.0,0.0,0.0,0.0,0.0,51.68280110475304,19.26246486877803,6.606881964512918,6.606881964512918,4.736862953800049,0.0,0.0,0.0,0.0,58.79322575986332,13.213763929025836,12.152040213667762,0.0,0.0,0.0,0.0,0.0,0.0,13.213763929025836,4.736862953800049,0.0,58.79322575986332,12.152040213667762,0.0,0.0,0.0,9.23,0.0,0.0,0.0,0.0,0.0,19.634585551951847,38.524929737556064,0.0,0.0,25.99951461304901,4.736862953800049,5.509171626984127,0.0,0.0,0.0,0.0,0.0,0.0,13.211155887239386,6.279672485776485,0.0,0.8461538461538461,14,0,1,0,0,0,0,0,0,0,0,0,1,0,1,0,10,0,0,0,0,0,12.42785714285714,0,4.329700000000003,63.62600000000006,0,0,0,0,0,0,0,0,0,0,0,0,0,0,0,0,0,0,0,0,0,0,0,0,0,0,1,0,0,0,0,0,0,0,0,0,0,0,0,0,0,1,0,0,0,0,0,0,0,0,0,0,0,0,0,0,0,0,0,0,0,0,0,0,0,0,0,0,0,0,0,0,0,0,0,0,0,0,0,0,0,0,0,4,0
CCCCCCC=O,9.768008786848073,9.768008786848073,0.75,0.75,0.39512309780441124,9.125,114.18799999999999,100.07599999999998,114.104465068,48,0,1.25,2.0,2.5,1.8088121254443208,2.616293090417985,50.34851554559677,6.242640687119286,5.521132465586227,5.521132465586227,3.914213562373095,3.3510573320459267,3.3510573320459267,2.0160019730413006,2.0160019730413006,1.175528666022963,1.175528666022963,0.6544475959273766,0.6544475959273766,-0.33,7.669999999999999,6.670000000000001,5.670000000000001,51.09042581425296,4.794537184071822,6.286160523129555,0.0,0.0,0.0,0.0,0.0,0.0,0.0,0.0,26.186202068468653,6.4208216229260096,6.4208216229260096,0.0,4.794537184071822,6.286160523129555,0.0,0.0,0.0,39.02784531432067,0.0,0.0,0.0,0.0,0.0,0.0,0.0,0.0,6.286160523129555,4.794537184071822,0.0,39.02784531432067,0.0,0.0,0.0,0.0,17.07,0.0,4.794537184071822,0.0,0.0,0.0,19.127803768981575,19.26246486877803,0.0,0.0,6.923737199690624,0.0,0.0,0.0,9.768008786848073,0.0,0.0,0.0,0.0,6.564421768707483,2.167569444444444,0.0,0.8571428571428571,8,0,1,0,0,0,0,0,0,0,0,0,1,0,1,0,5,0,0,0,0,0,6.3948625,0,2.1557000000000004,34.822999999999986,0,0,0,0,0,0,0,0,0,0,1,1,0,0,0,0,0,0,0,0,0,0,0,1,0,0,0,0,0,0,0,0,0,0,0,0,0,0,0,0,0,0,0,0,0,0,0,0,0,0,0,0,0,0,0,0,0,0,0,0,0,0,0,0,0,0,0,0,0,0,0,0,0,0,0,0,0,0,0,0,0,0,0,4,0
CSCCC#CCCCCCCC=O,10.016108028494704,10.016108028494704,0.7216286824647213,0.7216286824647213,0.3487798813255234,9.214285714285714,212.35799999999995,192.19799999999995,212.12348626,80,0,1.0714285714285714,1.7857142857142858,2.5,2.209692218593626,3.027913544607074,178.49608815037013,10.485281374238573,9.050701099609734,9.86719768053746,6.914213562373096,5.297980757104602,6.691827607221954,3.2159080340545922,4.20150659370808,1.9299381885742235,2.5423106242700175,1.124482443092917,1.4306686609408141,-0.42000000000000004,13.58,12.580000000000002,11.58,92.03747180346055,4.794537184071822,6.286160523129555,0.0,0.0,0.0,0.0,0.0,0.0,11.761884949391115,11.840868637711289,12.841643245852019,19.097412429363423,25.01531847552482,0.0,4.794537184071822,18.04804547252067,0.0,0.0,0.0,44.94575136048208,12.008622790258194,0.0,0.0,11.840868637711289,0.0,0.0,0.0,11.761884949391115,18.29478331338775,4.794537184071822,11.840868637711289,44.94575136048208,0.0,0.0,0.0,0.0,17.07,0.0,4.794537184071822,0.0,0.0,0.0,37.72230062158038,19.26246486877803,0.0,11.761884949391115,18.096637821222693,0.0,0.0,1.8434479984742915,10.016108028494704,0.0,0.0,7.484766656854049,0.0,10.48901064951029,0.0,0.0,0.75,14,0,1,0,0,0,0,0,0,0,0,0,2,0,2,0,8,0,0,0,0,0,12.202600000000002,0,3.2824000000000018,64.54100000000004,0,0,0,0,0,0,0,0,0,0,1,1,0,0,0,0,0,0,0,0,0,0,0,1,0,0,0,0,0,0,0,0,0,0,0,0,0,0,0,0,0,0,0,0,0,0,0,0,0,0,0,0,0,0,0,0,0,0,0,0,0,0,0,0,0,0,0,0,0,0,0,0,0,0,0,1,0,0,0,0,0,0,0,5,0
CC1OC1CCCCCCCCCN,5.430282955676833,5.430282955676833,0.5551427824854049,0.5551427824854049,0.4578684501140945,25.285714285714285,199.33799999999997,174.13799999999998,199.19361442,84,0,0.9285714285714286,1.4285714285714286,1.9285714285714286,2.868371324113049,1.6764225931611032,138.28341890015258,10.22576835024473,9.504260128711671,9.504260128711671,6.842535255101096,6.198584704241717,6.198584704241717,4.4318768145974365,4.4318768145974365,3.029166727917542,3.029166727917542,1.9068405253160408,1.9068405253160408,-0.08,11.99183908045977,7.243173657230877,5.608353829448752,88.20121905918262,10.470530430962235,0.0,0.0,0.0,0.0,0.0,0.0,0.0,0.0,0.0,38.524929737556064,26.31013685145522,0.0,12.207932775496605,4.736862953800049,0.0,0.0,0.0,5.733667477162185,70.49824295859533,6.544756405912575,0.0,0.0,0.0,5.733667477162185,0.0,0.0,0.0,18.75268918140918,4.736862953800049,0.0,58.29031018309871,0.0,0.0,0.0,0.0,38.55,0.0,0.0,0.0,0.0,12.207932775496605,6.544756405912575,51.36657298340809,0.0,0.0,6.923737199690624,10.470530430962235,5.362592165730694,0.0,0.0,0.0,5.430282955676833,0.0,0.0,11.851576097763868,3.022215447495272,0.0,1.0,14,2,2,0,1,1,0,0,0,0,2,0,2,1,2,1,9,0,1,1,0,2,6.204212352095568,1,2.8532,60.325400000000045,0,0,0,0,0,0,0,0,0,0,0,0,0,0,0,0,0,1,0,0,0,0,0,0,0,0,0,0,0,0,0,0,0,0,0,0,0,0,0,1,0,1,0,0,0,0,0,0,0,0,0,0,0,0,0,0,0,0,0,0,0,0,0,0,0,0,0,0,0,0,0,0,0,0,0,0,0,0,0,0,0,0,0,6,0
CCN=C=NCN1CCC1,3.9923611111111112,3.9923611111111112,0.78125,0.78125,0.5324455893635301,17.3,139.202,126.09799999999998,139.110947416,56,0,1.4,2.2,2.7,1.8402743079363924,2.07669062528729,142.93020904423014,7.234204518682008,6.377174692432613,6.377174692432613,4.931851652578137,3.7354592067706953,3.7354592067706953,2.3454642676141537,2.3454642676141537,1.5189292154148968,1.5189292154148968,0.7754754917160457,0.7754754917160457,-0.6600000000000001,7.447066381156318,4.202590679002877,2.294290815548899,61.47355120260357,0.0,6.6686911888991425,0.0,0.0,0.0,0.0,4.899909730850478,9.984809465271338,0.0,0.0,0.0,13.344558822616634,19.634269217737724,6.008379536144625,0.0,6.008379536144625,0.0,4.899909730850478,9.984809465271338,13.344558822616634,26.30296040663687,0.0,0.0,0.0,0.0,0.0,0.0,0.0,37.21124967363197,0.0,0.0,13.344558822616634,9.984809465271338,0.0,0.0,0.0,27.96,0.0,0.0,0.0,0.0,0.0,13.213447594811718,19.51033443475116,0.0,6.923737199690624,20.89309873226644,0.0,0.0,0.0,10.113251133786848,0.0,0.0,0.0,2.6425,1.3198815822625347,5.924367283950618,0.0,0.8571428571428571,10,0,3,0,1,1,0,0,0,0,0,0,3,0,3,1,3,0,1,1,0,0,3.1296971759363226,1,0.8434,41.46100000000001,0,0,0,0,0,0,0,0,0,0,0,0,0,0,2,3,0,0,0,0,1,0,0,0,0,0,0,0,0,0,0,0,0,0,0,0,0,0,0,0,0,0,0,0,0,0,0,0,0,0,0,0,0,0,0,0,0,0,0,0,0,0,0,0,0,0,0,0,0,0,0,0,0,0,0,0,0,0,0,0,0,0,0,0,0
C=C=[N+]=CC,3.486111111111111,3.486111111111111,1.6319444444444444,1.6319444444444444,0.28006572660182694,4.2,68.099,62.05099999999999,68.04947561208999,26,0,2.0,2.6,2.6,1.4056390622295665,3.7468217467402916,81.82107314610522,4.121320343559642,3.231670645876131,3.231670645876131,2.414213562373095,1.4127093472800398,1.4127093472800398,0.5454122176291607,0.5454122176291607,0.22038653779110826,0.22038653779110826,0.09128709291752768,0.09128709291752768,-0.7699999999999999,4.230000000000002,3.2300000000000018,3.2300000000000026,31.385257126947323,0.0,0.0,0.0,0.0,6.2146005795353165,5.86979906344319,0.0,0.0,0.0,0.0,0.0,4.668020861265006,13.502672883289122,0.0,0.0,12.084399642978507,0.0,4.668020861265006,0.0,6.923737199690624,0.0,6.578935683598497,0.0,0.0,4.668020861265006,0.0,0.0,0.0,12.084399642978507,0.0,0.0,6.923737199690624,6.578935683598497,0.0,0.0,0.0,14.100000000000001,0.0,0.0,0.0,0.0,0.0,0.0,0.0,6.2146005795353165,6.923737199690624,17.116755608306693,0.0,3.486111111111111,0.0,0.0,0.0,0.0,2.3368055555555554,0.0,1.6319444444444444,5.045138888888889,0.0,0.25,5,0,1,0,0,0,0,0,0,0,0,0,0,0,1,0,0,0,0,0,0,0,2.732580000000003,0,0.0,24.505999999999993,0,0,0,0,0,0,0,0,0,0,0,0,0,0,0,1,0,0,0,0,0,0,0,0,0,0,0,0,0,0,0,0,0,0,0,0,0,0,0,0,0,0,0,0,0,0,0,0,0,0,0,0,0,0,0,0,0,0,0,0,0,0,0,0,0,0,0,0,0,0,0,0,0,0,0,0,0,0,0,0,0,0,0,0,0
[N+]=S1#CCC(C=CC=NCC=N)[N+]1,8.993022115871142,8.993022115871142,0.041448570168808097,-0.9686495776294055,0.6171912961483401,22.153846153846153,194.26299999999998,184.18299999999996,194.06152016017998,66,4,1.7692307692307692,2.6153846153846154,3.230769230769231,2.5127432705434116,2.261254168519971,359.8308278815592,9.518661569058182,7.050853985284961,7.867350566212689,6.32569850269549,3.860623168529016,4.9991682023331,2.388686351388448,3.4166276845168095,1.3782418136250465,2.2735848519260493,0.8182450080675131,1.6139143193319063,-1.1600000000000001,9.924459459459458,5.479580340138328,3.8465024229699,79.52110174902883,5.409283605791522,0.0,0.0,4.722094864452088,6.041840829147961,15.06466365371465,4.992404732635669,0.0,0.0,0.0,0.0,12.152040213667762,12.429201159070633,18.150153836033155,0.0,22.714286648547258,5.409283605791522,9.501673028690112,4.992404732635669,12.462662452073971,6.544756405912575,12.152040213667762,0.0,5.184575807194569,9.501673028690112,0.0,0.0,0.0,25.015798394131167,10.285085489476627,10.593859412986092,6.4208216229260096,17.14444494630343,0.0,0.0,0.0,72.61,10.285085489476627,0.0,0.0,6.041840829147961,12.965578028838586,0.0,6.2146005795353165,12.290620686369198,6.076020106833881,14.899075404282325,10.188861770029547,12.978179113855521,0.0,3.892665816326531,9.514515204612607,0.0,0.0,0.041448570168808097,7.185913765712048,0.4114826625094483,-0.9686495776294055,0.375,13,1,4,0,1,1,0,0,0,0,1,0,2,1,5,1,4,0,0,0,0,1,4.183220995427223,1,0.11586999999999997,55.20870000000001,0,0,0,0,0,0,0,0,0,0,0,0,0,0,1,3,1,0,0,0,0,0,0,0,0,0,1,0,0,0,0,0,0,0,0,0,0,0,0,0,0,0,0,0,0,0,0,0,0,0,0,0,0,0,0,0,0,0,0,0,0,0,0,0,0,0,0,0,0,0,0,0,0,0,0,0,0,0,0,0,0,0,0,0,0
C=CCCCI,3.5948611111111113,3.5948611111111113,1.1695833333333334,1.1695833333333334,0.2811032316478224,8.166666666666666,196.031,186.959,195.974898288,36,0,1.6666666666666667,2.3333333333333335,2.5,1.6143308351592656,2.488403771876112,32.919684538544,4.82842712474619,3.783741866945043,5.941240158121365,2.914213562373095,2.08375782284015,3.6093394949293156,1.1198858962875131,2.198635041875674,0.541878911420075,1.3046697474646578,0.22148924227845235,0.661886736804172,0.47,6.47,5.469999999999999,4.469999999999999,52.77125457427536,0.0,0.0,0.0,0.0,0.0,0.0,0.0,0.0,0.0,6.578935683598497,28.666890733901937,17.26919564814643,0.0,0.0,0.0,22.590870627068057,0.0,0.0,0.0,12.841643245852019,4.42755240229441,12.654955790432378,0.0,0.0,0.0,0.0,0.0,22.590870627068057,4.42755240229441,0.0,0.0,12.841643245852019,12.654955790432378,0.0,0.0,0.0,0.0,0.0,0.0,0.0,0.0,0.0,0.0,17.26919564814643,0.0,6.076020106833881,29.169806310666555,0.0,1.25375,2.3629944444444444,0.0,0.0,0.0,0.0,0.0,4.408394444444444,3.5948611111111113,0.0,0.6,6,0,0,0,0,0,0,0,0,0,0,0,0,0,1,0,3,0,0,0,0,0,5.898483333333331,0,2.387600000000001,38.318000000000005,0,0,0,0,0,0,0,0,0,0,0,0,0,0,0,0,0,0,0,0,0,0,0,0,0,1,1,0,0,0,0,0,0,0,0,0,0,0,0,0,0,0,0,0,1,0,0,0,0,0,0,0,0,0,0,0,0,0,0,0,0,0,0,0,0,0,0,0,0,0,0,0,0,0,0,0,0,0,0,0,0,0,0,1,0
CCCOCN=CO,7.993920068027211,7.993920068027211,0.2681944444444444,0.2681944444444444,0.33824277018173815,10.625,117.14799999999998,106.06,117.078978592,48,0,1.75,2.5,3.0,1.8088121254443208,2.7185047751704623,63.44900955152482,6.242640687119286,5.001346094213048,5.001346094213048,3.914213562373095,2.617082595887333,2.617082595887333,1.335391975010424,1.335391975010424,0.5959340627896311,0.5959340627896311,0.294925250737003,0.294925250737003,-0.5700000000000001,7.43,6.43,5.43,49.00212095297899,9.843390348640755,6.730816747499484,6.400660921122227,0.0,0.0,0.0,0.0,4.992404732635669,0.0,0.0,6.923737199690624,6.4208216229260096,6.606881964512918,0.0,9.843390348640755,6.400660921122227,0.0,0.0,4.992404732635669,13.344558822616634,13.337698712012402,0.0,0.0,0.0,0.0,0.0,0.0,0.0,24.844887027975332,4.736862953800049,0.0,13.344558822616634,4.992404732635669,0.0,0.0,0.0,41.82,0.0,0.0,0.0,6.730816747499484,6.606881964512918,12.821482544048237,0.0,0.0,6.923737199690624,4.992404732635669,9.843390348640755,4.865277777777778,0.0,3.417638888888889,7.993920068027211,0.0,0.0,0.0,1.732746598639456,2.9904166666666665,0.0,0.8,8,1,3,0,0,0,0,0,0,0,0,0,2,1,3,0,4,0,0,0,0,0,5.971862499999999,0,0.9568000000000001,32.23079999999999,0,1,1,0,0,0,0,0,0,0,0,0,0,0,1,1,0,0,0,0,0,0,0,0,0,0,0,0,0,0,0,0,0,0,0,0,0,0,0,0,0,1,0,0,0,0,0,0,0,0,0,0,0,0,0,0,0,0,0,0,0,0,0,0,0,0,0,0,0,0,0,0,0,0,0,0,0,0,0,0,0,0,0,0,0
O=CCCCO,9.452638888888888,9.452638888888888,0.12375000000000003,0.12375000000000003,0.3879125550005553,8.166666666666666,88.106,80.04199999999999,88.052429496,36,0,1.6666666666666667,2.3333333333333335,2.5,1.6143308351592656,2.488403771876112,34.529325012980806,4.82842712474619,3.554132498713089,3.554132498713089,2.914213562373095,1.9601783168762168,1.9601783168762168,1.032501989604732,1.032501989604732,0.4800891584381083,0.4800891584381083,0.174620426250861,0.174620426250861,-0.37,5.630000000000001,4.63,3.63,36.78983322325915,9.901064578912528,6.286160523129555,0.0,0.0,0.0,0.0,0.0,0.0,0.0,0.0,0.0,6.4208216229260096,13.027703587438928,0.0,9.901064578912528,6.286160523129555,0.0,0.0,0.0,12.841643245852019,6.606881964512918,0.0,0.0,0.0,0.0,0.0,0.0,0.0,17.99956988248318,4.794537184071822,0.0,12.841643245852019,0.0,0.0,0.0,0.0,37.3,0.0,4.794537184071822,0.0,6.606881964512918,12.841643245852019,6.286160523129555,0.0,0.0,0.0,0.0,5.106527394840706,0.0,0.0,9.452638888888888,8.038472222222222,0.0,0.0,0.0,1.885138888888889,0.12375000000000003,0.0,0.75,6,1,2,0,0,0,0,0,0,0,0,0,2,1,2,0,3,0,0,0,0,0,4.344483333333334,0,-0.04219999999999996,22.383799999999994,0,1,1,0,0,0,0,0,0,0,1,1,0,0,0,0,0,0,0,0,0,0,0,1,0,0,0,0,0,0,0,0,0,0,0,0,0,0,0,0,0,0,0,0,0,0,0,0,0,0,0,0,0,0,0,0,0,0,0,0,0,0,0,0,0,0,0,0,0,0,0,0,0,0,0,0,0,0,0,0,0,0,0,1,0
COC,4.25,4.25,1.625,1.625,0.3800398096193344,6.0,46.069,40.021,46.041864812,20,0,1.3333333333333333,1.3333333333333333,1.3333333333333333,0.9182958340544894,1.6329931618554523,2.7548875021634682,2.7071067811865475,2.408248290463863,2.408248290463863,1.4142135623730951,0.8164965809277261,0.8164965809277261,0.4082482904638631,0.4082482904638631,0.0,0.0,0.0,0.0,-0.04,2.9600000000000004,1.96,1.9600000000000033,20.217738371733038,4.736862953800049,0.0,0.0,0.0,0.0,0.0,0.0,0.0,0.0,0.0,0.0,0.0,14.219595082555067,0.0,4.736862953800049,0.0,0.0,0.0,0.0,0.0,14.219595082555067,0.0,0.0,0.0,0.0,0.0,0.0,0.0,14.219595082555067,4.736862953800049,0.0,0.0,0.0,0.0,0.0,0.0,9.23,0.0,0.0,0.0,0.0,0.0,0.0,0.0,14.219595082555067,0.0,4.736862953800049,0.0,4.25,0.0,0.0,0.0,0.0,0.0,0.0,0.0,0.0,3.25,1.0,3,0,1,0,0,0,0,0,0,0,0,0,1,0,1,0,0,0,0,0,0,0,1.9338666666666668,0,0.26260000000000006,12.933000000000002,0,0,0,0,0,0,0,0,0,0,0,0,0,0,0,0,0,0,0,0,0,0,0,0,0,0,0,0,0,0,0,0,0,0,0,0,0,0,0,0,0,1,0,0,0,0,0,0,0,0,0,0,0,0,0,1,0,0,0,0,0,0,0,0,0,0,0,0,0,0,0,0,0,0,0,0,0,0,0,0,0,0,0,0,0
CC1=CCC=[N+]=C(O)C#CCC1,9.021352040816327,9.021352040816327,0.0805990173847313,-0.0805990173847313,0.3241238132101044,17.083333333333332,162.21199999999996,150.11599999999999,162.09134042409,62,0,1.5833333333333333,2.4166666666666665,3.25,2.064809993817913,2.809703423333386,308.46561843094776,8.811554787871634,7.170448072938811,7.170448072938811,5.787693700234704,4.017690981956206,4.017690981956206,2.7232361998027175,2.7232361998027175,1.629823254160037,1.629823254160037,0.9286247533624611,0.9286247533624611,-1.45,8.644786729857822,4.4324939286678,3.0943723115506105,72.36253780385302,5.106527394840706,0.0,0.0,0.0,6.2146005795353165,5.897745344357611,0.0,0.0,0.0,0.0,17.569558955758794,18.01257968388164,6.4208216229260096,12.341255941781654,5.106527394840706,12.112345923892928,0.0,4.668020861265006,0.0,26.186202068468653,0.0,11.64912463690315,0.0,11.840868637711289,4.668020861265006,0.0,0.0,0.0,17.218873318733635,0.0,11.840868637711289,26.186202068468653,11.64912463690315,0.0,0.0,0.0,34.33,0.0,0.0,0.0,5.897745344357611,0.0,19.26246486877803,5.573104530069267,6.2146005795353165,0.0,29.5086468055008,5.106527394840706,3.7487500000000002,0.0,0.0,9.021352040816327,1.3306849962207106,5.332826908541195,0.0,6.3156944444444445,2.0840249433106575,0.0,0.4,12,1,2,0,1,1,0,0,0,0,0,0,0,1,2,1,0,0,0,0,0,0,3.1931637245602293,1,1.2145000000000001,51.21780000000002,0,1,1,0,0,0,0,0,0,0,0,0,0,0,0,1,0,0,0,0,0,0,0,0,0,0,2,0,0,0,0,0,0,0,0,0,0,0,0,0,0,0,0,0,0,0,0,0,0,0,0,0,0,0,0,0,0,0,0,0,0,0,0,0,0,0,0,0,0,0,0,0,0,0,0,0,0,0,0,0,0,0,0,0,0
NC1NCNCCNON=CO1,5.4351048752834465,5.4351048752834465,0.5667129629629633,-0.5667129629629633,0.33559915643443794,26.583333333333332,175.192,162.088,175.106924656,70,0,1.5,2.4166666666666665,3.3333333333333335,2.1106907286467087,2.23018408629496,141.80026905978025,8.648418081055103,6.617081327556205,6.617081327556205,5.893846850117352,3.652523771906421,3.652523771906421,2.134027335261728,2.134027335261728,1.199839666277951,1.199839666277951,0.6435198388495167,0.6435198388495167,-0.8900000000000001,9.20000900090009,5.7213645832552,4.085750091543183,70.21315552355343,10.05365155780638,0.0,0.0,12.752496874843661,0.0,0.0,15.988770294841734,0.0,0.0,5.480096598121202,0.0,5.15571272675054,19.758204000724295,0.0,9.675177167473267,6.400660921122227,0.0,16.113673806133864,10.889380203912726,6.3518359537214355,19.758204000724295,0.0,0.0,0.0,21.847341283296046,0.0,0.0,0.0,32.510700875567956,9.675177167473267,0.0,0.0,5.15571272675054,0.0,0.0,0.0,92.93,6.3518359537214355,0.0,0.0,0.0,13.213447594811718,12.945417327034802,0.0,0.0,0.0,26.207700746557624,10.470530430962235,4.843888888888889,0.0,4.585,9.312361111111112,8.023705593348451,0.0,0.0,0.5681944444444442,2.000183295540438,0.0,0.8,12,5,7,0,1,1,0,0,0,0,1,0,7,4,7,1,0,0,0,0,0,1,4.38638380528157,1,-2.1398999999999972,42.64550000000002,0,0,0,0,0,0,0,0,0,0,0,0,0,0,0,1,3,1,1,0,0,0,0,0,0,0,0,0,0,0,0,0,0,0,0,0,0,0,0,0,0,1,0,0,0,0,0,0,0,0,0,0,0,0,0,0,0,0,0,0,0,0,0,1,0,0,0,0,0,0,0,0,0,0,0,0,0,0,0,0,0,0,0,0,0
C=CC=CCCCNN=NCCOCCCCCOC,5.444994903096281,5.444994903096281,0.6125377193653708,0.6125377193653708,0.21704793813731127,11.45,283.41599999999994,254.18399999999997,283.225977168,116,0,1.1,1.95,2.75,2.4671739294114317,3.082707023802497,255.50318080479286,14.72792206135786,12.721149172548545,12.721149172548545,9.914213562373096,7.350824896202786,7.350824896202786,4.34505706000706,4.34505706000706,2.545719296622528,2.545719296622528,1.4761573385888909,1.4761573385888909,-1.2,18.8,17.8,16.8,122.66310107235941,9.473725907600098,0.0,0.0,0.0,0.0,0.0,5.425791397110385,0.0,5.114250125629398,0.0,30.03024892283359,32.10410811463005,26.868317876215944,13.151638370425493,9.473725907600098,0.0,0.0,5.425791397110385,10.33750304436285,32.10410811463005,40.01995624664144,24.80699600410014,0.0,0.0,5.425791397110385,0.0,0.0,0.0,40.01995624664144,9.473725907600098,0.0,32.10410811463005,35.14449904846299,0.0,0.0,0.0,55.21000000000001,0.0,0.0,0.0,0.0,13.151638370425493,51.86262844956847,0.0,13.185817648111414,6.076020106833881,28.41825023190561,9.473725907600098,10.422782362395884,0.0,0.0,7.86895854155865,2.9167156888241013,0.0,0.0,11.229052081335201,7.332798579808527,1.7296927460776372,0.7333333333333333,20,1,5,0,0,0,0,0,0,0,0,0,4,1,5,0,15,0,0,0,0,0,16.732000000000003,0,3.2989000000000024,82.84270000000006,0,0,0,0,0,0,0,0,0,0,0,0,0,0,0,2,1,0,0,0,0,0,0,0,0,0,3,0,0,0,0,0,0,0,0,0,0,0,0,0,0,2,0,0,0,0,0,0,0,0,0,0,0,0,0,1,0,0,0,0,0,0,0,0,0,0,0,0,0,0,0,0,0,0,0,0,0,0,0,0,0,0,0,3,0
C=CCCCCC=CCCC=NCC=C,4.1601382817819506,4.1601382817819506,0.7413368453890432,0.7413368453890432,0.2858910296247834,11.2,205.34499999999997,182.16099999999997,205.183049736,84,0,0.8,1.5333333333333334,2.2666666666666666,2.2593895430561943,3.161928187701597,201.38424000394392,11.192388155425121,9.697925972127017,9.697925972127017,7.414213562373096,5.765498022344374,5.765498022344374,3.4582846670516236,3.4582846670516236,2.0217466923221488,2.0217466923221488,1.1976850280179372,1.1976850280179372,-1.11,13.89,12.889999999999999,12.89,94.31001190429282,0.0,0.0,0.0,0.0,0.0,0.0,4.992404732635669,0.0,0.0,13.157871367196995,24.304080427335524,44.73953031709138,0.0,6.544756405912575,0.0,6.2146005795353165,0.0,0.0,4.992404732635669,38.524929737556064,6.544756405912575,37.46195179453252,0.0,0.0,0.0,0.0,0.0,0.0,12.75935698544789,0.0,0.0,38.524929737556064,42.45435652716819,0.0,0.0,0.0,12.36,0.0,0.0,0.0,0.0,0.0,25.807221274690605,19.26246486877803,0.0,18.36664079320308,30.302316313500427,0.0,0.0,0.0,4.1601382817819506,0.0,0.0,0.0,0.0,17.285940215854154,8.053921502363893,0.0,0.5,15,0,1,0,0,0,0,0,0,0,0,0,1,0,1,0,10,0,0,0,0,0,11.936139999999998,0,4.326000000000004,70.59500000000004,0,0,0,0,0,0,0,0,0,0,0,0,0,0,1,1,0,0,0,0,0,0,0,0,0,0,3,0,0,0,0,0,0,0,0,0,0,0,0,0,0,0,0,0,0,0,0,0,0,0,0,0,0,0,0,0,0,0,0,0,0,0,0,0,0,0,0,0,0,0,0,0,0,0,0,0,0,0,0,0,0,0,0,4,0
CC=NCCC,3.9652777777777777,3.9652777777777777,0.9826388888888888,0.9826388888888888,0.45031684898297053,10.333333333333334,85.15,74.06199999999998,85.08914935199999,36,0,1.6666666666666667,2.3333333333333335,2.5,1.6143308351592656,2.658099936249019,39.20310343869658,4.82842712474619,4.4387774270626785,4.4387774270626785,2.914213562373095,2.358883706140172,2.358883706140172,1.1643798733321953,1.1643798733321953,0.5352804284586149,0.5352804284586149,0.2581988897471611,0.2581988897471611,-0.33,5.670000000000001,4.67,3.67,39.0943419712761,0.0,0.0,0.0,0.0,0.0,0.0,4.992404732635669,0.0,0.0,0.0,6.923737199690624,19.55915940215195,6.544756405912575,0.0,0.0,6.2146005795353165,0.0,0.0,4.992404732635669,20.268296022307258,6.544756405912575,0.0,0.0,0.0,0.0,0.0,0.0,0.0,12.75935698544789,0.0,0.0,20.268296022307258,4.992404732635669,0.0,0.0,0.0,12.36,0.0,0.0,0.0,0.0,0.0,12.965578028838586,0.0,0.0,13.13833777922594,11.916141932326294,0.0,0.0,0.0,3.9652777777777777,0.0,0.0,0.0,0.0,2.993888888888889,5.0408333333333335,0.0,0.8,6,0,1,0,0,0,0,0,0,0,0,0,1,0,1,0,2,0,0,0,0,0,4.413150000000001,0,1.4871,29.323999999999984,0,0,0,0,0,0,0,0,0,0,0,0,0,0,1,1,0,0,0,0,0,0,0,0,0,0,0,0,0,0,0,0,0,0,0,0,0,0,0,0,0,0,0,0,0,0,0,0,0,0,0,0,0,0,0,0,0,0,0,0,0,0,0,0,0,0,0,0,0,0,0,0,0,0,0,0,0,0,0,0,0,0,0,0,0
CCCC1=NC=C1,3.994861111111111,3.994861111111111,1.1493055555555556,1.1493055555555556,0.49517927177901466,15.857142857142858,95.14499999999998,86.073,95.073499288,38,0,1.7142857142857142,2.4285714285714284,2.5714285714285716,1.549211124711451,2.170492003401316,111.34842731833186,5.112884175122364,4.516127696252305,4.516127696252305,3.431851652578137,2.6644743272051077,2.6644743272051077,1.686174783154164,1.686174783154164,1.0134215862876534,1.0134215862876534,0.5839688765314585,0.5839688765314585,-0.5900000000000001,4.566006240249609,1.916187611663853,0.8894346235795958,43.763849899959226,0.0,0.0,0.0,0.0,0.0,0.0,4.992404732635669,0.0,0.0,0.0,13.344558822616634,12.49684172975989,11.91163989259115,0.0,0.0,5.711685002770702,0.0,0.0,4.992404732635669,19.765380445542643,0.0,12.27597499665433,0.0,0.0,0.0,0.0,0.0,0.0,5.711685002770702,0.0,0.0,19.765380445542643,17.268379729289997,0.0,0.0,0.0,12.36,0.0,0.0,0.0,0.0,0.0,6.4208216229260096,12.132506625696712,0.0,6.199954889820448,17.992162039160174,0.0,0.0,0.0,3.994861111111111,0.0,1.2523148148148149,0.0,0.0,6.258101851851851,2.161388888888889,0.0,0.5,7,0,1,0,1,1,0,0,0,0,0,0,1,0,1,1,2,0,0,0,0,0,1.2499035131923069,1,1.7548,31.482999999999986,0,0,0,0,0,0,0,0,0,0,0,0,0,0,1,1,0,0,0,0,0,0,0,0,0,0,1,0,0,0,0,0,0,0,0,0,0,0,0,0,0,0,0,0,0,0,0,0,0,0,0,0,0,0,0,0,0,0,0,0,0,0,0,0,0,0,0,0,0,0,0,0,0,0,0,0,0,0,0,0,0,0,0,0,0
CCBr,3.1458333333333335,3.1458333333333335,1.0625,1.0625,0.4121785720964007,6.0,108.966,103.92599999999999,107.95746226,20,0,2.0,2.0,2.0,0.9182958340544894,1.6329931618554523,2.7548875021634682,2.7071067811865475,2.0850712541957748,3.6710677933104785,1.4142135623730951,0.9743680230989717,2.0958369308453744,0.26726124191242434,1.388730149658827,0.0,0.0,0.0,0.0,0.48,3.48,2.48,2.4799999999999995,28.971740747867514,0.0,0.0,0.0,0.0,0.0,0.0,0.0,0.0,0.0,0.0,22.85368109763997,0.0,5.330089647061427,0.0,0.0,15.929943897949348,0.0,0.0,0.0,6.923737199690624,5.330089647061427,0.0,0.0,0.0,0.0,0.0,0.0,15.929943897949348,5.330089647061427,0.0,0.0,6.923737199690624,0.0,0.0,0.0,0.0,0.0,0.0,0.0,0.0,0.0,0.0,5.330089647061427,0.0,0.0,6.923737199690624,15.929943897949348,0.0,0.0,3.1458333333333335,0.0,1.0625,0.0,0.0,0.0,0.0,2.0416666666666665,0.0,1.0,3,0,0,0,0,0,0,0,0,0,0,0,0,0,1,0,0,0,0,0,0,0,2.8768,0,1.4012,19.467999999999996,0,0,0,0,0,0,0,0,0,0,0,0,0,0,0,0,0,0,0,0,0,0,0,0,0,1,0,0,0,0,0,0,0,0,0,0,0,0,0,0,0,0,0,0,1,0,0,0,0,0,0,0,0,0,0,0,0,0,0,0,0,0,0,0,0,0,0,0,0,0,0,0,0,0,0,0,0,0,0,0,0,0,0,0,0
BrCCN=CCCCC1=CC=C1,4.221186696900983,4.221186696900983,0.905356355505165,0.905356355505165,0.37599255832119294,14.916666666666666,228.13299999999998,214.02099999999996,227.030961548,66,0,1.5,2.3333333333333335,2.9166666666666665,1.9974290619849724,1.8835608692863315,203.88411903840287,8.648418081055103,7.170113051200428,8.756109590315132,5.931851652578136,4.3475065145898535,5.468975422336255,2.7706643113065277,3.5636625808638795,1.7619921750722414,2.116631782426229,1.0278169752674657,1.232568248038594,-0.37000000000000005,9.715984522785899,6.179867130065843,3.860612094399251,82.40156293100276,0.0,0.0,0.0,0.0,0.0,0.0,4.992404732635669,0.0,0.0,0.0,34.15800421845099,31.050169978382613,11.874846052974002,0.0,0.0,22.144544477484665,0.0,0.0,4.992404732635669,19.26246486877803,11.874846052974002,23.80116485057091,0.0,0.0,0.0,0.0,0.0,15.929943897949348,18.08944663250932,0.0,0.0,19.26246486877803,28.793569583206576,0.0,0.0,0.0,12.36,0.0,0.0,0.0,0.0,0.0,18.295667675900013,18.414747775921285,0.0,6.2146005795353165,39.15040895108666,0.0,0.0,3.3301003978968895,4.221186696900983,0.969633487654321,1.475825486058621,0.0,0.0,12.014564242650689,0.905356355505165,0.0,0.5,12,0,1,1,0,1,0,0,0,0,0,0,1,0,2,0,6,0,0,0,0,0,5.00362444904942,1,3.1186000000000016,58.227000000000025,0,0,0,0,0,0,0,0,0,0,0,0,0,0,1,1,0,0,0,0,0,0,0,0,0,1,4,0,0,0,0,0,0,0,0,0,0,0,0,0,0,0,0,0,1,0,0,0,0,0,0,0,0,0,0,0,0,0,0,0,0,0,0,0,0,0,0,0,0,0,0,0,0,0,0,0,0,0,0,0,0,0,0,1,0
B1=PCOC2=C(CCOC1)C2,5.472885802469136,5.472885802469136,0.7713580246913581,0.7713580246913581,0.4031798467365659,24.727272727272727,167.94099999999997,157.86099999999996,168.05114659,58,0,1.4545454545454546,2.4545454545454546,3.4545454545454546,2.76353078380464,1.8908672844620282,212.48611332922962,7.518661569058181,6.3765943515500485,7.271021542549965,5.466326495188786,3.8634846670240544,5.012337978552053,2.6670067620715474,3.6555023951589307,1.8262617337255391,2.5117024653462536,1.0825182959102,1.6291184765313493,-0.1350649350649352,7.510776960586226,3.5084825079588198,2.1454340391884927,68.54568690019738,0.0,0.0,0.0,0.0,0.0,67.79825135728412,0.0,0.0,0.0,0.0,0.0,0.0,0.0,0.0,9.473725907600098,14.689526735308057,0.0,0.0,0.0,12.841643245852019,19.4610860667985,11.332269401725444,0.0,0.0,0.0,0.0,0.0,8.071544623777795,26.079068178328765,9.473725907600098,0.0,12.841643245852019,11.332269401725444,0.0,0.0,0.0,18.46,0.0,0.0,0.0,0.0,0.0,32.30272931265052,19.403814025503237,0.0,0.0,6.617982111530263,9.473725907600098,10.827746913580247,0.0,0.0,0.0,1.460277777777778,1.2188888888888891,0.0,2.9733487654320987,3.7318209876543214,1.2323611111111112,0.7142857142857143,11,0,2,1,1,2,0,0,0,0,0,0,2,0,4,1,0,0,0,0,0,0,2.395584507945171,2,1.5614999999999999,45.70500000000002,0,0,0,0,0,0,0,0,0,0,0,0,0,0,0,0,0,0,0,0,0,0,0,0,0,0,1,0,0,0,0,0,0,0,0,0,0,0,0,0,0,2,0,0,0,0,0,0,0,0,0,0,0,0,0,0,0,0,0,0,0,0,0,0,0,0,0,0,0,0,0,0,0,0,0,0,0,0,0,0,0,0,0,0,0
CCCCCC,2.2318055555555554,2.2318055555555554,1.355,1.355,0.4629542813199688,9.0,86.178,72.06599999999999,86.109550448,38,0,0.8333333333333334,1.1666666666666667,1.3333333333333333,1.6143308351592656,2.3390923149762908,12.0,4.82842712474619,4.82842712474619,4.82842712474619,2.914213562373095,2.914213562373095,2.914213562373095,1.707106781186547,1.707106781186547,0.9571067811865472,0.9571067811865472,0.49999999999999983,0.49999999999999983,0.0,6.0,5.0,4.0,40.563961599812586,0.0,0.0,0.0,0.0,0.0,0.0,0.0,0.0,0.0,0.0,39.53076089108528,0.0,0.0,0.0,0.0,0.0,0.0,0.0,0.0,39.53076089108528,0.0,0.0,0.0,0.0,0.0,0.0,0.0,0.0,0.0,0.0,0.0,39.53076089108528,0.0,0.0,0.0,0.0,0.0,0.0,0.0,0.0,0.0,0.0,0.0,25.683286491704038,0.0,0.0,13.847474399381248,0.0,0.0,0.0,0.0,0.0,0.0,0.0,0.0,5.536388888888888,4.463611111111111,0.0,1.0,6,0,0,0,0,0,0,0,0,0,0,0,0,0,0,0,3,0,0,0,0,0,5.0,0,2.5866000000000007,29.81599999999998,0,0,0,0,0,0,0,0,0,0,0,0,0,0,0,0,0,0,0,0,0,0,0,0,0,0,0,0,0,0,0,0,0,0,0,0,0,0,0,0,0,0,0,0,0,0,0,0,0,0,0,0,0,0,0,0,0,0,0,0,0,0,0,0,0,0,0,0,0,0,0,0,0,0,0,0,0,0,0,0,0,0,0,3,0
BrCC1=C=NC1,3.751898148148148,3.751898148148148,0.8940972222222222,0.8940972222222222,0.48885657268722216,16.5,145.98699999999997,141.95499999999998,144.952711228,32,0,2.0,2.6666666666666665,2.6666666666666665,1.3143204867061786,2.536040667287095,110.71649287258249,4.405777393935816,3.23939163088228,4.825388169996984,2.931851652578137,1.7642025868657887,2.8856714946121915,1.165215176441313,1.7259496303145148,0.6683945351264498,1.3452608968417263,0.2629987683489846,0.5657026076446485,-0.07000000000000003,4.098634064080945,1.5854974606922656,0.5365144414636899,44.901513276807364,0.0,0.0,0.0,0.0,0.0,0.0,0.0,4.992404732635669,0.0,0.0,15.929943897949348,5.86979906344319,10.903194177130693,6.544756405912575,0.0,21.79974296139254,0.0,0.0,4.992404732635669,0.0,11.874846052974002,5.573104530069267,0.0,0.0,0.0,0.0,0.0,15.929943897949348,17.744645116417193,0.0,0.0,0.0,10.565509262704936,0.0,0.0,0.0,12.36,0.0,0.0,0.0,0.0,0.0,11.874846052974002,5.573104530069267,0.0,0.0,26.79214769402821,0.0,0.0,3.2666203703703705,3.751898148148148,0.9409722222222222,1.2731481481481484,2.7899305555555554,0.0,0.0,0.8940972222222222,0.0,0.5,6,0,1,0,1,1,0,0,0,0,0,0,1,0,2,1,1,0,0,0,0,0,1.0830623168178597,1,0.991,29.608999999999995,0,0,0,0,0,0,0,0,0,0,0,0,0,0,1,1,0,0,0,0,0,0,0,0,0,1,0,0,0,0,0,0,0,0,0,0,0,0,0,0,0,0,0,0,1,0,0,0,0,0,0,0,0,0,0,0,0,0,0,0,0,0,0,0,0,0,0,0,0,0,0,0,0,0,0,0,0,0,0,0,0,0,0,0,0
C=C=C,3.125,3.125,2.25,2.25,0.35289546473885236,2.6666666666666665,40.06499999999999,36.033,40.031300128,16,0,1.3333333333333333,1.3333333333333333,1.3333333333333333,0.9182958340544894,3.2659863237109046,21.019550008653873,2.7071067811865475,1.914213562373095,1.914213562373095,1.4142135623730951,0.7071067811865475,0.7071067811865475,0.24999999999999994,0.24999999999999994,0.0,0.0,0.0,0.0,-0.48,2.52,1.5199999999999998,1.52,20.08992919225426,0.0,0.0,0.0,0.0,0.0,0.0,0.0,0.0,0.0,5.731218590741754,13.157871367196995,0.0,0.0,0.0,0.0,0.0,0.0,0.0,0.0,0.0,0.0,18.88908995793875,0.0,0.0,0.0,0.0,0.0,0.0,0.0,0.0,0.0,0.0,18.88908995793875,0.0,0.0,0.0,0.0,0.0,0.0,0.0,0.0,0.0,0.0,0.0,0.0,0.0,18.88908995793875,0.0,0.0,0.0,0.0,0.0,2.25,0.0,0.0,0.0,6.25,0.0,0.0,3,0,0,0,0,0,0,0,0,0,0,0,0,0,0,0,0,0,0,0,0,0,1.2768,0,0.9572999999999999,14.767000000000001,0,0,0,0,0,0,0,0,0,0,0,0,0,0,0,0,0,0,0,0,0,0,0,0,0,0,0,0,0,0,0,0,0,0,0,0,0,0,0,0,0,0,0,0,0,0,0,0,0,0,0,0,0,0,0,0,0,0,0,0,0,0,0,0,0,0,0,0,0,0,0,0,0,0,0,0,0,0,0,0,0,0,0,0,0
CC(=O)O,9.0,9.0,0.8333333333333333,-0.8333333333333333,0.42988288320012163,6.25,60.05200000000001,56.02,60.021129368000004,24,0,2.0,2.0,2.0,0.8112781244591328,2.8030394876740514,27.019550008653873,3.5773502691896257,2.355461885963821,2.355461885963821,1.7320508075688772,0.9277309429819105,0.9277309429819105,0.5190180358994382,0.5190180358994382,0.0,0.0,0.0,0.0,-0.53,3.4699999999999998,0.8748582995951415,1.1560092559629747,24.059948994465934,5.106527394840706,0.0,0.0,0.0,5.969305287951849,0.0,4.794537184071822,0.0,0.0,0.0,0.0,0.0,6.923737199690624,0.0,9.901064578912528,5.969305287951849,0.0,0.0,0.0,6.923737199690624,0.0,0.0,0.0,0.0,0.0,0.0,0.0,0.0,11.075832682792555,4.794537184071822,0.0,6.923737199690624,0.0,0.0,0.0,0.0,37.3,5.969305287951849,0.0,0.0,0.0,0.0,6.923737199690624,0.0,0.0,0.0,0.0,9.901064578912528,0.0,0.0,9.0,7.416666666666666,0.0,-0.8333333333333333,0.0,0.0,1.0833333333333333,0.0,0.5,4,1,2,0,0,0,0,0,0,0,0,0,1,1,2,0,0,0,0,0,0,0,0.7589395748987852,0,0.09089999999999993,13.309800000000001,1,0,0,0,0,0,0,0,1,1,1,0,0,0,0,0,0,0,0,0,0,0,0,0,0,0,0,0,0,0,0,0,0,0,0,0,0,0,0,0,0,0,0,0,0,0,0,0,0,0,0,0,0,0,0,0,0,0,0,0,0,0,0,0,0,0,0,0,0,0,0,0,0,0,0,0,0,0,0,0,0,0,0,0,0
CCN(C)CCCCC=COOC,4.5913525919627105,4.5913525919627105,1.0564625850340135,1.0564625850340135,0.251539705390528,11.384615384615385,187.283,166.11499999999995,187.157228912,78,0,1.3076923076923077,2.076923076923077,2.6923076923076925,2.158981722364624,3.0718391770821363,126.09315325521614,9.941311299868556,8.953944620739675,8.953944620739675,6.308060412490447,4.838974750043423,4.838974750043423,3.0263555447469055,3.0263555447469055,1.9484655847176624,1.9484655847176624,0.9649039086274332,0.9649039086274332,-0.54,12.46,9.547260034904015,9.373537504250008,81.2503464701702,9.78748068410659,6.26208044842079,0.0,0.0,0.0,0.0,0.0,0.0,4.887570953256112,0.0,6.923737199690624,45.47566977011425,0.0,7.109797541277533,9.775141906512223,0.0,0.0,4.899909730850478,0.0,26.186202068468653,27.246982335779872,12.338100555254671,0.0,0.0,0.0,0.0,0.0,0.0,32.14689206663036,9.775141906512223,0.0,26.186202068468653,12.338100555254671,0.0,0.0,0.0,21.700000000000003,0.0,0.0,0.0,0.0,0.0,12.965578028838586,26.49619719304213,6.26208044842079,6.076020106833881,28.646460819730517,0.0,0.0,0.0,11.315155890485977,0.0,0.0,0.0,0.0,7.064951814058956,4.476616939207577,3.643275356247488,0.8,13,0,3,0,0,0,0,0,0,0,0,0,3,0,3,0,8,0,0,0,0,0,9.150681541146465,0,2.2001,54.25600000000004,0,0,0,0,0,0,0,0,0,0,0,0,0,0,0,1,0,0,0,0,0,0,0,0,0,0,1,0,0,0,0,0,0,0,0,0,0,0,0,0,0,0,0,0,0,0,0,0,0,0,0,0,0,0,0,0,0,0,0,0,0,0,0,0,0,0,0,0,0,0,0,0,0,0,0,0,0,0,0,0,0,0,0,2,0
CC=NC=CCC,3.8559722222222224,3.8559722222222224,1.0668055555555556,1.0668055555555556,0.46718825866894453,11.714285714285714,97.161,86.07299999999998,97.08914935199999,40,0,1.5714285714285714,2.2857142857142856,2.7142857142857144,1.690933805959686,3.0894120113310404,72.24920506009684,5.535533905932738,4.886371184255383,4.886371184255383,3.414213562373095,2.542436453667692,2.542436453667692,1.2002918376065121,1.2002918376065121,0.576249010816835,0.576249010816835,0.25233361386635156,0.25233361386635156,-0.5900000000000001,6.41,5.41,5.409999999999999,44.769681053488455,0.0,0.0,0.0,0.0,0.0,0.0,4.992404732635669,0.0,0.0,0.0,12.999757306524504,13.344558822616634,12.414555469355765,0.0,0.0,6.2146005795353165,0.0,0.0,4.992404732635669,20.268296022307258,0.0,12.27597499665433,0.0,0.0,0.0,0.0,0.0,0.0,6.2146005795353165,0.0,0.0,20.268296022307258,17.268379729289997,0.0,0.0,0.0,12.36,0.0,0.0,0.0,0.0,0.0,6.4208216229260096,0.0,12.414555469355765,12.999757306524504,11.916141932326294,0.0,0.0,0.0,3.8559722222222224,0.0,0.0,0.0,0.0,6.65625,3.9877777777777776,0.0,0.5,7,0,1,0,0,0,0,0,0,0,0,0,1,0,1,0,2,0,0,0,0,0,4.954014285714286,0,2.0008,33.59699999999999,0,0,0,0,0,0,0,0,0,0,0,0,0,0,1,1,0,0,0,0,0,0,0,0,0,0,1,0,0,0,0,0,0,0,0,0,0,0,0,0,0,0,0,0,0,0,0,0,0,0,0,0,0,0,0,0,0,0,0,0,0,0,0,0,0,0,0,0,0,0,0,0,0,0,0,0,0,0,0,0,0,0,0,0,0
C1#CCNCCNCCCCC1,3.3925,3.3925,0.8488888888888888,0.8488888888888888,0.5187292772097477,21.333333333333332,166.26799999999997,148.124,166.146998576,68,0,0.75,1.6666666666666667,2.6666666666666665,2.049052139253616,2.140976826557196,138.9568520641461,8.485281374238573,7.6568542494923815,7.6568542494923815,6.0,4.871320343559643,4.871320343559643,3.090990257669731,3.090990257669731,1.9722718241315025,1.9722718241315025,1.2437184335382288,1.2437184335382288,-0.52,9.567108013937284,7.146512887129868,5.172687783025168,75.11684866294516,10.633577208012662,0.0,0.0,0.0,0.0,0.0,0.0,0.0,0.0,5.920434318855644,12.341255941781654,19.386399651764595,19.510334434751158,6.544756405912575,0.0,0.0,0.0,10.633577208012662,0.0,25.683286491704038,26.1790256236503,0.0,0.0,11.840868637711289,10.633577208012662,0.0,0.0,0.0,26.1790256236503,0.0,11.840868637711289,25.683286491704038,0.0,0.0,0.0,0.0,24.06,0.0,0.0,0.0,0.0,0.0,32.59984724657631,19.26246486877803,0.0,0.0,22.47444584572395,0.0,0.0,0.0,0.0,6.659574829931973,0.0,6.284574829931973,0.0,4.937647392290249,4.118202947845805,0.0,0.8,12,2,2,0,1,1,0,0,0,0,0,0,2,2,2,1,0,0,0,0,0,0,5.697621726180519,1,0.7429999999999994,51.98340000000003,0,0,0,0,0,0,0,0,0,0,0,0,0,0,0,0,2,0,0,0,0,0,0,0,0,0,0,0,0,0,0,0,0,0,0,0,0,0,0,0,0,0,0,0,0,0,0,0,0,0,0,0,0,0,0,0,0,0,0,0,0,0,0,0,0,0,0,0,0,0,0,0,0,0,0,0,0,0,0,0,0,0,0,0,0
C=CCCOCS#[N+]C1=CNN(C)C1,5.297420871126228,5.297420871126228,0.606045918367347,0.606045918367347,0.4397128202812162,15.642857142857142,214.314,198.18599999999998,214.10085955209,78,0,1.8571428571428572,2.7142857142857144,3.357142857142857,2.576521864656374,2.1113305922727648,279.5169916045709,10.22576835024473,8.401158216239631,9.217654797167357,6.825698502695488,4.506654787346874,5.4491534282066105,2.9446730427109284,3.6211483786886607,1.634871527102421,2.2705555941941413,0.9463315968888575,1.4676853007620378,-0.8700000000000001,11.206161462300074,6.564071053731725,4.389805924353775,88.38770109195424,10.162654350910433,12.744711295733023,5.938913948333699,0.0,11.390862016158454,5.697039313055833,0.0,5.008912523954532,0.0,6.578935683598497,6.076020106833881,10.612200981295373,7.04767198267719,6.606881964512918,4.736862953800049,11.390862016158454,0.0,10.434703921064916,0.0,6.4208216229260096,26.138224301436384,28.74332935167802,0.0,0.0,5.425791397110385,0.0,0.0,11.390862016158454,31.147136825390916,4.736862953800049,0.0,6.4208216229260096,24.55194999330866,0.0,4.191379358369363,0.0,28.86,0.0,0.0,0.0,0.0,5.938913948333699,25.269499306407337,11.390862016158454,0.0,24.332559503286053,16.196106439078246,4.736862953800049,9.591440145502645,1.43651455026455,0.0,1.9702012243908889,4.0870142580550235,0.606045918367347,0.0,4.643331286218191,5.1889946775440094,1.9764579396573445,0.5555555555555556,14,1,4,0,1,1,0,0,0,0,0,0,3,1,5,1,4,0,0,0,0,0,5.254145719866278,1,1.8498999999999999,60.43170000000003,0,0,0,0,0,0,0,0,0,0,0,0,0,0,0,2,1,0,0,1,0,0,0,0,0,0,0,0,0,0,0,0,0,0,0,0,0,0,0,0,0,1,0,0,0,1,0,0,0,0,0,0,0,0,0,0,0,0,0,0,0,0,0,0,0,0,0,0,0,0,0,0,0,0,0,0,0,0,0,0,0,0,0,0,0
CCC=NCC=O,9.565929705215419,9.565929705215419,0.31333333333333324,0.31333333333333324,0.37736533504688846,9.857142857142858,99.13299999999998,90.06099999999999,99.068413908,40,0,1.7142857142857142,2.4285714285714284,2.857142857142857,1.690933805959686,2.919498221687534,68.48040587771368,5.535533905932738,4.424375986716168,4.424375986716168,3.414213562373095,2.3337322782737884,2.3337322782737884,1.1226375146356957,1.1226375146356957,0.4916184852975749,0.4916184852975749,0.24666819241476706,0.24666819241476706,-0.66,6.339999999999999,5.34,5.34,43.25586407131987,4.794537184071822,6.286160523129555,0.0,0.0,0.0,0.0,4.992404732635669,0.0,0.0,0.0,6.923737199690624,12.635422202461326,0.0,6.544756405912575,4.794537184071822,12.500761102664871,0.0,0.0,4.992404732635669,13.344558822616634,6.544756405912575,0.0,0.0,0.0,0.0,0.0,0.0,0.0,19.045517508577447,4.794537184071822,0.0,13.344558822616634,4.992404732635669,0.0,0.0,0.0,29.43,0.0,4.794537184071822,0.0,0.0,6.544756405912575,12.706982146055566,0.0,6.2146005795353165,6.923737199690624,4.992404732635669,0.0,0.0,0.0,13.281207482993196,0.0,0.0,0.0,0.0,3.425,2.2937925170068025,0.0,0.6,7,0,2,0,0,0,0,0,0,0,0,0,2,0,2,0,3,0,0,0,0,0,4.836514285714285,0,0.6661,29.713999999999988,0,0,0,0,0,0,0,0,0,0,1,1,0,0,1,1,0,0,0,0,0,0,0,1,0,0,0,0,0,0,0,0,0,0,0,0,0,0,0,0,0,0,0,0,0,0,0,0,0,0,0,0,0,0,0,0,0,0,0,0,0,0,0,0,0,0,0,0,0,0,0,0,0,0,0,0,0,0,0,0,0,0,0,0,0
C=[N+]CCCOC1=NO1,4.895,4.895,0.3880205971277402,0.3880205971277402,0.38626146968062364,13.555555555555555,128.131,120.06699999999998,128.05802891609,49,1,1.7777777777777777,2.5555555555555554,3.111111111111111,2.6322399546758075,1.808497181314849,132.919684538544,6.52709773749546,5.039350896673833,5.039350896673833,4.431851652578137,2.735559940677386,2.735559940677386,1.597710403626014,1.597710403626014,0.8519253856333998,0.8519253856333998,0.40717064556788474,0.40717064556788474,-1.06,6.065944584382871,3.0637782081888196,2.6864104207247044,53.16496226209874,4.736862953800049,0.0,6.717516156299933,6.544756405912575,0.0,6.08380568594452,4.8375885837366335,0.0,0.0,0.0,0.0,0.0,16.56893908231222,6.606881964512918,9.574451537536682,12.801321842244452,0.0,4.992404732635669,5.15571272675054,6.4208216229260096,13.151638370425493,0.0,0.0,0.0,4.992404732635669,0.0,0.0,0.0,25.952960212669947,9.574451537536682,0.0,6.4208216229260096,5.15571272675054,0.0,0.0,0.0,48.22,0.0,0.0,0.0,0.0,12.690687650457438,12.965578028838586,0.0,0.0,0.0,21.703222199422775,4.736862953800049,4.895,0.0,8.004155092592592,3.3481944444444443,0.0,0.0,0.0,1.2549650415721847,4.664352088057445,0.0,0.6,9,0,4,0,1,1,0,0,0,0,0,0,4,0,4,1,4,0,0,0,0,0,2.064967647745914,1,-0.2693000000000001,33.21099999999999,0,0,0,0,0,0,0,0,0,0,0,0,0,0,1,2,0,0,0,0,0,0,0,0,0,0,0,0,0,0,0,0,0,0,0,0,0,0,0,0,0,1,0,0,0,0,0,0,0,0,0,0,0,0,0,0,0,0,0,0,0,0,0,1,0,0,0,0,0,0,0,0,0,0,0,0,0,0,0,0,0,0,0,0,0
CC=CBNN=CNC=CCC1=CC1,3.937940051020408,3.937940051020408,0.7691271940875115,0.7691271940875115,0.15766592655428444,15.071428571428571,189.07099999999997,172.94299999999998,189.14372791199997,74,0,1.6428571428571428,2.5,3.2142857142857144,2.9914259287404925,1.9035468069789707,266.54067609299517,10.0626316434282,8.532635554197357,8.532635554197357,6.931851652578137,4.8772530703092825,4.8772530703092825,3.029128831604868,3.029128831604868,1.762128180697475,1.762128180697475,0.8663819921471945,0.8663819921471945,-1.4450649350649347,10.634585018903598,7.006219801363949,6.1133900252648505,85.92421518273333,10.653593011312271,6.338535362521884,0.0,0.0,7.414437846668346,0.0,0.0,0.0,5.101407525739723,0.0,29.77653672612263,25.96533533536309,0.0,0.0,0.0,13.75297320919023,0.0,10.653593011312271,5.101407525739723,19.765380445542643,0.0,35.976491615943075,0.0,0.0,10.653593011312271,0.0,0.0,0.0,13.75297320919023,0.0,0.0,19.765380445542643,41.0778991416828,0.0,0.0,0.0,36.42,0.0,0.0,0.0,0.0,0.0,13.835259469594355,11.993926152995277,6.338535362521884,25.17508407189667,27.90704075071975,0.0,0.0,0.0,0.0,9.770543036659108,1.519626630100566,2.00669395980002,0.0,12.115610497695807,1.9850653483236524,0.7691271940875115,0.3,14,2,3,1,0,1,0,0,0,0,0,0,2,2,4,0,7,0,0,0,0,0,5.3220171527664855,1,1.2279000000000002,63.18340000000002,0,0,0,0,0,0,0,0,0,0,0,0,0,0,0,1,2,0,0,0,0,0,0,0,0,0,4,0,0,0,0,0,0,0,0,0,0,0,0,0,0,0,0,0,0,0,1,0,0,0,0,0,0,0,0,0,0,0,0,0,0,0,0,0,0,0,0,0,0,0,0,0,0,0,0,0,0,0,0,0,0,0,0,0,0
C#CCCCNCCCCC=CN,5.209316596052256,5.209316596052256,0.8778882256912559,0.8778882256912559,0.43994857396025544,10.384615384615385,180.29500000000002,160.135,180.16264864,74,0,1.2307692307692308,2.0,2.6923076923076925,2.155710272483118,2.879946367783798,155.96343903735325,9.778174593052025,8.259148545064338,8.259148545064338,6.414213562373096,4.924250263505163,4.924250263505163,2.981611801731957,2.981611801731957,1.7850946191671435,1.7850946191671435,1.048864162624386,1.048864162624386,-0.94,12.059999999999999,11.06,11.06,81.5880474120914,11.050456081168516,0.0,0.0,0.0,0.0,0.0,0.0,0.0,0.0,12.343784214475903,6.076020106833881,44.972754193349644,6.4208216229260096,0.0,0.0,0.0,0.0,5.316788604006331,5.733667477162185,32.10410811463005,13.08951281182515,12.27597499665433,0.0,12.343784214475903,11.050456081168516,0.0,0.0,0.0,13.08951281182515,0.0,12.343784214475903,32.10410811463005,12.27597499665433,0.0,0.0,0.0,38.05,0.0,0.0,0.0,0.0,0.0,32.351977680603184,12.841643245852019,6.199954889820448,6.076020106833881,11.237222922861974,12.157017372782445,0.0,0.0,0.0,3.3462110260770976,5.209316596052256,2.623483295904833,0.0,14.196077344122529,2.124911737843285,0.0,0.6363636363636364,13,3,2,0,0,0,0,0,0,0,0,0,2,2,2,0,8,0,0,0,0,0,10.260276923076923,0,1.6320999999999999,58.11510000000003,0,0,0,0,0,0,0,0,0,0,0,0,0,0,0,0,1,1,0,0,0,0,0,0,0,0,1,0,0,0,0,0,0,0,0,0,0,0,0,0,0,0,0,0,0,0,0,0,0,0,0,0,0,0,0,0,0,0,0,0,0,0,0,0,0,0,0,0,0,0,0,0,0,0,0,0,0,0,1,0,0,0,0,3,0
CC(N)CCCCCCCOC=O,9.778887810672172,9.778887810672172,0.3318487308580198,0.3318487308580198,0.44245732458466,12.461538461538462,187.283,166.11499999999995,187.157228912,78,0,1.2307692307692308,1.8461538461538463,2.4615384615384617,2.090791704813999,2.8709266694642097,115.4923732045735,9.941311299868556,8.498294856802438,8.498294856802438,6.2700556100296625,5.079011548372667,5.079011548372667,3.500741828517429,3.500741828517429,1.9896960257325522,1.9896960257325522,1.230150856998774,1.230150856998774,-0.5700000000000001,12.429999999999998,9.517489063867016,11.43,80.63868808396239,10.470530430962235,0.0,0.0,0.0,6.472220864716464,0.0,4.794537184071822,0.0,0.0,0.0,25.683286491704038,19.765380445542643,6.041840829147961,6.606881964512918,9.53140013787187,6.472220864716464,0.0,0.0,5.733667477162185,51.49050776639466,6.606881964512918,0.0,0.0,0.0,5.733667477162185,0.0,0.0,0.0,19.120943658377342,9.53140013787187,0.0,45.448666937246685,0.0,0.0,0.0,0.0,52.32,0.0,4.794537184071822,0.0,0.0,19.120943658377342,19.26246486877803,19.26246486877803,0.0,6.923737199690624,4.736862953800049,5.733667477162185,4.577704186612917,0.0,9.778887810672172,0.0,5.6140038090917415,0.0,0.3318487308580198,6.9149995275888125,3.115889268509669,0.0,0.9,13,2,3,0,0,0,0,0,0,0,1,0,3,1,3,0,9,0,0,0,0,1,9.100183774143614,0,1.8472,53.36740000000004,0,0,0,0,0,0,0,0,0,0,1,1,0,0,0,0,0,1,0,0,0,0,0,0,0,0,0,0,0,0,0,0,0,0,0,0,0,0,0,0,0,1,0,0,0,0,0,0,0,0,0,0,0,0,0,0,0,0,0,0,0,0,0,0,0,0,0,0,0,0,0,0,0,0,0,0,0,0,0,0,0,0,0,4,0
CCCS(C)=CCN=CCC(C)C,4.360130385487529,4.360130385487529,0.47703798185941004,0.47703798185941004,0.4620652278620437,14.538461538461538,201.37899999999996,178.19499999999996,201.155120736,78,0,1.3846153846153846,2.076923076923077,2.6153846153846154,2.034143026045924,3.524965922370618,170.92909232631845,10.104448006685086,9.41593981827889,10.232436399206616,6.163902460147014,5.09360453217558,6.958855903083964,3.7391065415736273,5.862776288684815,1.696475293118543,3.466780926670619,0.9354716931515601,2.0866356610989243,-0.11000000000000004,12.889999999999999,8.486561824978438,9.806604900326414,85.57886162878765,0.0,0.0,0.0,0.0,0.0,0.0,4.992404732635669,0.0,10.484065045802941,0.0,20.771211599071872,42.350255557323166,0.0,6.544756405912575,0.0,22.066148520854497,0.0,0.0,10.910310778797061,33.61285484492389,18.55337919617077,0.0,0.0,0.0,0.0,0.0,0.0,10.484065045802941,30.135462671222328,0.0,5.917906046161393,33.61285484492389,4.992404732635669,0.0,0.0,0.0,12.36,0.0,0.0,0.0,0.0,10.484065045802941,18.883484074999977,12.1736752296728,0.0,0.0,43.601468990270504,0.0,0.0,0.0,4.360130385487529,2.3336574074074075,0.0,2.054577244478038,0.0,6.74673353909465,7.583418997228521,0.47703798185941004,0.8181818181818182,13,0,1,0,0,0,0,0,0,0,1,0,1,0,2,0,6,0,0,0,0,1,8.414752455690158,0,3.2142000000000017,67.55100000000004,0,0,0,0,0,0,0,0,0,0,0,0,0,0,1,1,0,0,0,0,0,0,0,0,0,0,0,0,0,0,0,0,0,0,0,0,0,0,0,0,0,0,0,0,0,0,0,0,0,0,0,0,0,0,0,0,0,0,0,0,0,0,0,0,0,0,0,0,0,0,0,0,0,0,0,0,0,0,0,0,0,0,0,0,0
C=[N+]OCC=CC,4.500972222222222,4.500972222222222,0.5277777777777778,0.5277777777777778,0.21894472078293334,9.285714285714286,99.13299999999998,90.06099999999999,99.06786532809,39,1,1.8571428571428572,2.5714285714285716,3.0,1.690933805959686,2.821786283582492,68.48040587771368,5.535533905932738,4.424375986716168,4.424375986716168,3.414213562373095,2.1064089794335286,2.1064089794335286,0.9939011501426771,0.9939011501426771,0.4977499974279742,0.4977499974279742,0.19196282082560417,0.19196282082560417,-0.79,6.210000000000001,5.21,5.21,43.47232266807671,0.0,0.0,6.606881964512918,0.0,11.873228883050473,0.0,0.0,4.8375885837366335,0.0,0.0,6.076020106833881,12.999757306524504,0.0,0.0,4.8375885837366335,6.717516156299933,0.0,5.15571272675054,0.0,6.923737199690624,6.606881964512918,12.152040213667762,0.0,0.0,5.15571272675054,0.0,0.0,0.0,13.324398120812852,4.8375885837366335,0.0,6.923737199690624,12.152040213667762,0.0,0.0,0.0,23.330000000000002,0.0,0.0,0.0,0.0,6.606881964512918,0.0,0.0,0.0,19.075777413358388,16.710817466787105,0.0,0.0,0.0,4.500972222222222,3.1719444444444447,0.0,0.0,0.0,3.7498611111111115,5.577222222222222,0.0,0.4,7,0,2,0,0,0,0,0,0,0,0,0,2,0,2,0,3,0,0,0,0,0,4.622014285714286,0,0.5305000000000001,30.020999999999987,0,0,0,0,0,0,0,0,0,0,0,0,0,0,0,1,0,0,0,0,0,0,0,0,0,0,1,0,0,0,0,0,0,0,0,0,0,0,0,0,0,0,0,0,0,0,0,0,0,0,0,0,0,0,0,0,0,0,0,0,0,0,0,1,0,0,0,0,0,0,0,0,0,0,0,0,0,0,0,0,0,0,0,0,0
C=C(C=[N+]OCC=CC)OCCCCCP(C)CCC,5.466594702695893,5.466594702695893,0.27106012857070483,0.27106012857070483,0.12790627421525053,12.95,299.395,269.155,299.20086725008997,115,1,1.25,2.05,2.75,2.4245682615124013,3.388678835057717,290.2014596151464,15.054195474990921,13.306935610175449,14.201362801175364,9.701907262607799,7.470183816898864,9.629522071966132,4.77802105780149,7.384572908368716,2.7546519401547775,5.044976024705164,1.672957975168584,3.4234474959521544,-0.8200000000000001,19.179999999999996,14.586227811599894,13.60794158403739,125.41031350463527,4.736862953800049,0.0,12.366046836169094,0.0,5.15571272675054,6.2146005795353165,0.0,4.8375885837366335,0.0,7.9215880923435105,19.420578929450514,57.8298035180694,0.0,6.606881964512918,9.574451537536682,14.136188671878827,0.0,5.15571272675054,0.0,39.53076089108528,32.202409588194215,24.490140768922434,0.0,0.0,5.15571272675054,0.0,0.0,7.9215880923435105,38.41701016772953,9.574451537536682,0.0,39.53076089108528,24.490140768922434,0.0,0.0,0.0,32.56,0.0,0.0,0.0,7.9215880923435105,12.366046836169094,13.027703587438928,37.80088550324919,0.0,19.075777413358388,25.3232112142722,9.574451537536682,5.466594702695893,0.0,4.982821817678628,3.76933176538977,0.0,0.5640778720170856,0.0,13.094938575710048,11.591915878678611,0.27106012857070483,0.6875,20,0,3,0,0,0,0,0,0,0,1,0,3,0,4,0,13,0,0,0,0,1,13.988192471324297,0,4.123000000000004,90.77600000000007,0,0,0,0,0,0,0,0,0,0,0,0,0,0,0,1,0,0,0,0,0,0,0,0,0,0,2,0,0,0,0,0,0,0,0,0,0,0,0,0,0,1,0,0,0,0,0,0,0,0,0,0,0,0,0,0,0,0,0,0,0,0,0,1,0,0,0,0,0,0,0,0,0,0,0,0,0,0,0,0,0,0,0,2,0
CCCSONCC,4.889861111111111,4.889861111111111,0.8717403628117915,0.8717403628117915,0.351189324391722,9.75,135.232,122.12799999999999,135.071785036,50,0,1.5,2.25,2.75,1.8088121254443208,2.53006045688352,37.409909534217064,6.242640687119286,5.437816924487368,6.2543135054150945,3.914213562373095,2.92723289945978,3.8379165019827384,1.403199566653703,2.2138167841797483,0.5496461760604292,1.3602633935864747,0.22559223176554566,0.6767766952966368,0.27,8.27,7.27,6.27,55.148579299432136,0.0,0.0,0.0,0.0,0.0,0.0,0.0,4.283811062586292,5.480096598121202,0.0,13.847474399381248,6.4208216229260096,24.34036868466653,0.0,4.283811062586292,12.042758672007166,0.0,5.480096598121202,0.0,20.268296022307258,12.297610012659364,0.0,0.0,0.0,5.480096598121202,0.0,0.0,12.042758672007166,12.297610012659364,4.283811062586292,0.0,20.268296022307258,0.0,0.0,0.0,0.0,21.259999999999998,0.0,0.0,0.0,0.0,0.0,18.718431635585375,12.042758672007166,0.0,6.923737199690624,12.403833797811826,4.283811062586292,4.889861111111111,1.466712962962963,0.0,0.0,2.7460185185185186,1.0625,0.0,1.1627588813303098,5.005481859410431,0.0,1.0,8,1,2,0,0,0,0,0,0,0,0,0,3,1,3,0,5,0,0,0,0,0,7.515362499999999,0,1.5856999999999999,37.51070000000001,0,0,0,0,0,0,0,0,0,0,0,0,0,0,0,0,1,0,1,0,0,0,0,0,0,0,0,0,0,0,0,0,0,0,0,0,0,0,0,0,0,0,0,0,0,0,0,0,0,0,0,0,0,0,0,0,0,0,0,0,0,0,0,0,0,0,0,0,0,0,0,0,0,0,0,0,0,0,0,0,0,0,0,0,0
C1#CNC=CCC=CC1,2.9280555555555554,2.9280555555555554,0.8558333333333333,0.8558333333333333,0.37519477943876656,16.0,119.16699999999999,110.09499999999997,119.073499288,46,0,1.2222222222222223,2.2222222222222223,3.2222222222222223,1.9950518284439047,2.486040495205698,160.4796537265315,6.363961030678929,5.223614639131599,5.223614639131599,4.5,3.0336400632463425,3.0336400632463425,1.759714116074705,1.759714116074705,1.0204869912844121,1.0204869912844121,0.5877470495544772,0.5877470495544772,-1.1600000000000001,5.967551020408163,3.7953311120366515,2.6068419408579753,55.457896186175375,5.316788604006331,0.0,0.0,0.0,0.0,0.0,0.0,0.0,0.0,0.0,24.148494639357285,6.4208216229260096,18.665145614588667,0.0,0.0,0.0,0.0,5.316788604006331,0.0,12.841643245852019,0.0,24.42801521032209,0.0,11.964803420697855,5.316788604006331,0.0,0.0,0.0,0.0,0.0,11.964803420697855,12.841643245852019,24.42801521032209,0.0,0.0,0.0,12.03,0.0,0.0,0.0,0.0,0.0,12.841643245852019,0.0,0.0,12.27597499665433,29.433632238371946,0.0,0.0,0.0,0.0,2.8455555555555554,0.0,2.9280555555555554,2.7891666666666666,9.937222222222221,0.0,0.0,0.25,9,1,1,0,1,1,0,0,0,0,0,0,1,1,1,1,0,0,0,0,0,0,2.516536894491241,1,1.4006,38.42570000000001,0,0,0,0,0,0,0,0,0,0,0,0,0,0,0,0,1,0,0,0,0,0,0,0,0,0,3,0,0,0,0,0,0,0,0,0,0,0,0,0,0,0,0,0,0,0,0,0,0,0,0,0,0,0,0,0,0,0,0,0,0,0,0,0,0,0,0,0,0,0,0,0,0,0,0,0,0,0,0,0,0,0,0,0,0
CC=CCCl,5.214845679012345,5.214845679012345,0.6354166666666667,0.6354166666666667,0.3402932895932202,10.0,90.553,83.497,90.023627904,30,0,1.8,2.4,2.4,1.4056390622295665,2.622415807990217,30.62919048309069,4.121320343559642,3.2397717925750262,3.995700738593481,2.414213562373095,1.5861931348992466,2.1207156187240956,0.7233389436909412,1.031945643615125,0.32478934103299073,0.5029635023079404,0.08908708063747481,0.26726124191242445,0.02999999999999997,5.03,4.030000000000002,4.030000000000002,37.44774056571679,0.0,0.0,0.0,0.0,0.0,0.0,0.0,0.0,0.0,11.600939890232516,12.152040213667762,6.923737199690624,5.880003444970339,0.0,0.0,11.600939890232516,0.0,0.0,0.0,6.923737199690624,5.880003444970339,12.152040213667762,0.0,0.0,0.0,0.0,0.0,11.600939890232516,5.880003444970339,0.0,0.0,6.923737199690624,12.152040213667762,0.0,0.0,0.0,0.0,0.0,0.0,0.0,0.0,5.880003444970339,0.0,0.0,0.0,19.075777413358384,0.0,11.600939890232516,0.0,5.214845679012345,0.0,0.0,0.0,0.6354166666666667,0.0,3.8140432098765435,1.9468055555555557,0.0,0.5,5,0,0,0,0,0,0,0,0,0,0,0,0,0,1,0,1,0,0,0,0,0,4.054180000000002,0,1.8013,25.53399999999999,0,0,0,0,0,0,0,0,0,0,0,0,0,0,0,0,0,0,0,0,0,0,0,0,0,1,2,0,0,0,0,0,0,0,0,0,0,0,0,0,0,0,0,0,1,0,0,0,0,0,0,0,0,0,0,0,0,0,0,0,0,0,0,0,0,0,0,0,0,0,0,0,0,0,0,0,0,0,0,0,0,0,0,0,0
C#CCCCCBr,5.003982426303855,5.003982426303855,0.9222222222222222,0.9222222222222222,0.3377754091372125,8.0,161.042,151.96999999999997,159.988762388,40,0,1.4285714285714286,2.142857142857143,2.5714285714285716,1.690933805959686,2.5990382792248434,61.0704963434966,5.535533905932738,4.283741866945043,5.869738406059747,3.414213562373095,2.409489767100511,3.5309586748469135,1.3502131629230925,2.1432114324804443,0.7047448835502553,1.2654793374234565,0.3215531908682725,0.7180523256469483,0.03999999999999998,7.04,6.04,6.040000000000001,53.43073459731322,0.0,0.0,0.0,0.0,0.0,0.0,0.0,0.0,0.0,12.343784214475903,15.929943897949348,12.841643245852019,11.750911269987437,0.0,0.0,15.929943897949348,0.0,0.0,0.0,19.26246486877803,5.330089647061427,0.0,0.0,12.343784214475903,0.0,0.0,0.0,15.929943897949348,5.330089647061427,0.0,12.343784214475903,19.26246486877803,0.0,0.0,0.0,0.0,0.0,0.0,0.0,0.0,0.0,0.0,18.171732892913447,6.4208216229260096,0.0,0.0,21.85037821680499,6.423349895620259,0.0,3.3109481292517007,0.0,1.0780555555555555,0.0,2.5816666666666666,0.0,8.279329648526078,0.0,0.0,0.6666666666666666,7,0,0,0,0,0,0,0,0,0,0,0,0,0,1,0,3,0,0,0,0,0,6.074514285714286,0,2.1848,36.478,0,0,0,0,0,0,0,0,0,0,0,0,0,0,0,0,0,0,0,0,0,0,0,0,0,1,0,0,0,0,0,0,0,0,0,0,0,0,0,0,0,0,0,0,1,0,0,0,0,0,0,0,0,0,0,0,0,0,0,0,0,0,0,0,0,0,0,0,0,0,0,0,0,0,0,0,0,0,1,0,0,0,0,2,0
C=CCN=[SH]CC#CCCC=CCCCCC,4.203290731919811,4.203290731919811,0.7398148148148147,0.7398148148148147,0.2741757806549382,11.117647058823529,251.4389999999999,226.23899999999995,251.17077079999999,96,0,1.1764705882352942,2.0,2.764705882352941,2.34985075765385,3.3180400239764234,281.0322825971487,12.606601717798217,10.990439029247723,11.88486622024764,8.414213562373096,6.462995589595556,7.495451121629232,3.771620877673385,4.65353406863946,2.162531825711829,2.8253663811431027,1.2485085148557824,1.7619626995252764,-0.81,16.190000000000005,15.190000000000005,15.190000000000007,110.5277234281641,0.0,0.0,0.0,0.0,0.0,0.0,4.362699291082171,0.0,0.0,24.057602293894753,43.91387508489993,19.26246486877803,6.4208216229260096,12.297610012659364,0.0,11.558232291440612,0.0,0.0,4.362699291082171,45.448666937246685,12.297610012659364,24.80699600410014,0.0,11.840868637711289,0.0,0.0,0.0,0.0,12.297610012659364,11.558232291440612,11.840868637711289,45.448666937246685,29.169695295182308,0.0,0.0,0.0,12.36,0.0,0.0,0.0,0.0,0.0,36.69748554995199,25.683286491704038,0.0,6.076020106833881,41.858281025750344,0.0,4.203290731919811,1.0652198284073933,0.0,0.0,0.0,7.156777655315263,0.0,13.59676815685266,6.589054738615985,0.0,0.6,17,0,1,0,0,0,0,0,0,0,0,0,1,1,2,0,9,0,0,0,0,0,14.466241176470598,0,4.091000000000004,81.41100000000004,0,0,0,0,0,0,0,0,0,0,0,0,0,0,0,1,0,0,0,0,0,0,1,0,0,0,2,0,0,0,0,0,0,0,0,0,0,0,0,0,0,0,0,0,0,0,0,0,0,0,0,0,0,0,0,0,0,0,0,0,0,0,0,0,0,0,0,0,0,0,0,0,0,0,0,0,0,0,0,0,0,0,0,4,0
C=CCC=CCC,3.5812414965986394,3.5812414965986394,1.0077777777777777,1.0077777777777777,0.4734655550980151,9.857142857142858,96.17299999999999,84.07699999999998,96.093900384,40,0,1.4285714285714286,2.142857142857143,2.5714285714285716,1.690933805959686,2.919498221687534,60.438561897747256,5.535533905932738,4.85337115112852,4.85337115112852,3.414213562373095,2.673433276375333,2.673433276375333,1.4040302062452237,1.4040302062452237,0.7051183572168036,0.7051183572168036,0.35911675639654195,0.35911675639654195,-0.52,6.48,5.48,5.480000000000001,45.549697649840674,0.0,0.0,0.0,0.0,0.0,0.0,0.0,0.0,0.0,6.578935683598497,25.151797520192268,12.841643245852019,0.0,0.0,0.0,0.0,0.0,0.0,0.0,19.765380445542643,0.0,24.80699600410014,0.0,0.0,0.0,0.0,0.0,0.0,0.0,0.0,0.0,19.765380445542643,24.80699600410014,0.0,0.0,0.0,0.0,0.0,0.0,0.0,0.0,0.0,12.841643245852019,0.0,0.0,6.076020106833881,25.654713096956883,0.0,0.0,0.0,0.0,0.0,0.0,0.0,0.0,8.294166666666666,5.705833333333333,0.0,0.42857142857142855,7,0,0,0,0,0,0,0,0,0,0,0,0,0,0,0,3,0,0,0,0,0,5.072914285714286,0,2.5287000000000006,34.24499999999999,0,0,0,0,0,0,0,0,0,0,0,0,0,0,0,0,0,0,0,0,0,0,0,0,0,0,3,0,0,0,0,0,0,0,0,0,0,0,0,0,0,0,0,0,0,0,0,0,0,0,0,0,0,0,0,0,0,0,0,0,0,0,0,0,0,0,0,0,0,0,0,0,0,0,0,0,0,0,0,0,0,0,0,0,0
CCCC(C)CCC1=C(C)C=C1,2.3628703703703704,2.3628703703703704,0.9067592592592589,0.9067592592592589,0.5738411963579675,17.916666666666668,164.292,144.13199999999998,164.15650064,68,0,1.25,2.0,2.4166666666666665,2.0253627328577144,2.132678870052662,196.0838499786226,8.974691494688164,8.560477932315068,8.560477932315068,5.736382105218448,5.115190624420133,5.115190624420133,3.9741064277636924,3.9741064277636924,2.7289762942508817,2.7289762942508817,1.6873918511993538,1.6873918511993538,-0.52,9.567108013937284,4.49201123286835,2.5100688095013672,76.36857706829448,0.0,0.0,0.0,0.0,0.0,0.0,0.0,0.0,0.0,0.0,38.84115785890103,36.82949555184257,0.0,0.0,0.0,0.0,0.0,0.0,5.917906046161393,46.454498090775914,0.0,23.298249273806295,0.0,0.0,0.0,0.0,0.0,0.0,0.0,0.0,5.917906046161393,46.454498090775914,23.298249273806295,0.0,0.0,0.0,0.0,0.0,0.0,0.0,0.0,0.0,5.917906046161393,31.256391021773304,5.573104530069267,0.0,32.923251812739636,0.0,0.0,0.0,0.0,0.0,3.0802328987150416,0.9067592592592589,0.0,9.840526502267574,6.839148006424791,0.0,0.6666666666666666,12,0,0,1,0,1,0,0,0,0,1,0,0,0,0,0,5,0,0,0,0,1,3.5812963887225915,1,4.089100000000004,55.146000000000036,0,0,0,0,0,0,0,0,0,0,0,0,0,0,0,0,0,0,0,0,0,0,0,0,0,0,4,0,0,0,0,0,0,0,0,0,0,0,0,0,0,0,0,0,0,0,0,0,0,0,0,0,0,0,0,0,0,0,0,0,0,0,0,0,0,0,0,0,0,0,0,0,0,0,0,0,0,0,0,0,0,0,0,0,0
CCCSCC=CC(C)CN=O,9.861364279910006,9.861364279910006,0.2960430839002266,0.2960430839002266,0.348033225702202,13.5,187.30799999999996,170.17199999999997,187.103085164,70,0,1.5833333333333333,2.3333333333333335,2.9166666666666665,2.0465834748062735,3.2755681151233453,136.49022499567306,9.234204518682008,7.824188108742753,8.64068468967048,5.808060412490447,4.343772519012085,5.498473057391337,2.79202482215727,3.9418547364183283,1.389672544721812,2.5147483199058787,0.7620024557693695,1.4645381316299144,-0.31000000000000005,11.689999999999998,8.783545369504209,7.793199174406604,78.78702692041388,0.0,0.0,0.0,0.0,0.0,0.0,0.0,0.0,16.6689501933794,0.0,31.176396540907664,18.091581275834194,5.752853606746789,6.544756405912575,0.0,11.761884949391115,0.0,0.0,11.094787974020047,20.268296022307258,18.050463619406152,17.059105457656045,0.0,0.0,0.0,0.0,0.0,11.761884949391115,18.050463619406152,0.0,10.824971290149676,20.268296022307258,17.328922141526416,0.0,0.0,0.0,29.43,0.0,4.907065243988282,0.0,0.0,12.462662452073968,5.752853606746789,12.1736752296728,0.0,18.685622149081738,24.25265934121704,0.0,0.0,1.9177761243386242,9.861364279910006,2.8426173941798942,0.0,2.5616072215923404,0.0,5.40693145313681,4.576370193508993,0.0,0.7777777777777778,12,0,2,0,0,0,0,0,0,0,1,0,3,0,3,0,7,0,0,0,0,1,8.55663711412535,0,3.088300000000001,56.58200000000003,0,0,0,0,0,0,0,0,0,0,0,0,0,0,0,1,0,0,0,0,0,0,0,0,0,0,0,0,0,0,0,0,0,0,0,0,0,0,0,0,0,0,0,0,0,0,0,0,0,0,0,0,0,0,0,0,0,0,0,0,0,1,0,0,0,0,0,0,0,0,0,0,0,0,0,1,0,0,0,0,0,0,0,0,0
CCCCC=O,9.56375,9.56375,0.7326388888888888,0.7326388888888888,0.3742788667470001,8.166666666666666,86.13399999999999,76.05399999999999,86.07316494,36,0,1.6666666666666667,2.3333333333333335,2.5,1.6143308351592656,2.4884037718761123,32.919684538544,4.82842712474619,4.106918903213131,4.106918903213131,2.914213562373095,2.3510573320459267,2.3510573320459267,1.3088951918547531,1.3088951918547531,0.6755286660229631,0.6755286660229631,0.2874574785652648,0.2874574785652648,-0.33,5.670000000000001,4.67,3.67,38.36054158545974,4.794537184071822,6.286160523129555,0.0,0.0,0.0,0.0,0.0,0.0,0.0,0.0,13.344558822616634,6.4208216229260096,6.4208216229260096,0.0,4.794537184071822,6.286160523129555,0.0,0.0,0.0,26.186202068468653,0.0,0.0,0.0,0.0,0.0,0.0,0.0,0.0,6.286160523129555,4.794537184071822,0.0,26.186202068468653,0.0,0.0,0.0,0.0,17.07,0.0,4.794537184071822,0.0,0.0,0.0,25.548625391907585,0.0,0.0,0.0,6.923737199690624,0.0,0.0,0.0,9.56375,0.0,0.0,0.0,0.0,3.8633333333333333,2.0729166666666665,0.0,0.8,6,0,1,0,0,0,0,0,0,0,0,0,1,0,1,0,3,0,0,0,0,0,4.413150000000001,0,1.3755,25.588999999999988,0,0,0,0,0,0,0,0,0,0,1,1,0,0,0,0,0,0,0,0,0,0,0,1,0,0,0,0,0,0,0,0,0,0,0,0,0,0,0,0,0,0,0,0,0,0,0,0,0,0,0,0,0,0,0,0,0,0,0,0,0,0,0,0,0,0,0,0,0,0,0,0,0,0,0,0,0,0,0,0,0,0,0,2,0
CCCC=CCCC(C)CCCC=CCO,8.567335926813533,8.567335926813533,0.1783500531755402,0.1783500531755402,0.4283630729748628,13.9375,224.38799999999995,196.16399999999996,224.21401551600002,94,0,0.9375,1.625,2.3125,2.284123172077043,3.301299354970062,181.87397282258016,12.0626316434282,10.99081919094047,10.99081919094047,7.808060412490447,6.716841225842856,6.716841225842856,4.527484006506995,4.527484006506995,2.7879312400511105,2.7879312400511105,1.7040000384615557,1.7040000384615557,-0.56,15.44,12.509252077562326,11.51440476190476,101.26346831720956,5.106527394840706,0.0,0.0,0.0,0.0,0.0,0.0,0.0,0.0,0.0,50.99319807256879,38.02201416079144,0.0,6.606881964512918,5.106527394840706,0.0,0.0,0.0,5.917906046161393,58.79322575986332,6.606881964512918,24.304080427335524,0.0,0.0,0.0,0.0,0.0,0.0,11.713409359353623,0.0,5.917906046161393,58.79322575986332,24.304080427335524,0.0,0.0,0.0,20.23,0.0,0.0,0.0,6.606881964512918,0.0,12.338727669087403,38.524929737556064,0.0,6.076020106833881,32.07553471988289,5.106527394840706,0.0,0.0,0.0,8.567335926813533,0.0,0.8275954270597126,0.0,17.20818427663822,4.73021770282187,0.0,0.7333333333333333,16,1,1,0,0,0,0,0,0,0,1,0,1,1,1,0,10,0,0,0,0,1,12.071428254847644,0,4.477800000000005,72.52280000000005,0,1,1,0,0,0,0,0,0,0,0,0,0,0,0,0,0,0,0,0,0,0,0,0,0,0,3,0,0,0,0,0,0,0,0,0,0,0,0,0,0,0,0,0,0,0,0,0,0,0,0,0,0,0,0,0,0,0,0,0,0,0,0,0,0,0,0,0,0,0,0,0,0,0,0,0,0,0,0,0,0,0,0,2,0
CCC(C)CCCC=CC=CCOCCCC=O,10.047805836283766,10.047805836283766,0.5970235295246742,0.5970235295246742,0.29375499044842224,13.444444444444445,252.39799999999994,224.17399999999995,252.208930136,104,0,1.1111111111111112,1.8888888888888888,2.611111111111111,2.3934054243327534,3.2698215670113258,231.2514595146978,13.476845205801295,11.937452445557865,11.937452445557865,8.808060412490446,7.138751032280631,7.138751032280631,4.6844385150053665,4.6844385150053665,2.972640885190168,2.972640885190168,1.5173070132008983,1.5173070132008983,-0.8900000000000001,17.11,14.17207324643079,13.176181336863003,112.10924400896083,9.53140013787187,6.286160523129555,0.0,0.0,0.0,0.0,0.0,0.0,0.0,0.0,50.99319807256879,25.18037091493942,13.027703587438928,6.606881964512918,9.53140013787187,6.286160523129555,0.0,0.0,5.917906046161393,52.37240413693732,13.213763929025836,24.304080427335524,0.0,0.0,0.0,0.0,0.0,0.0,19.49992445215539,9.53140013787187,5.917906046161393,52.37240413693732,24.304080427335524,0.0,0.0,0.0,26.3,0.0,4.794537184071822,0.0,0.0,19.634585551951844,25.045709815142967,19.26246486877803,0.0,12.152040213667762,25.99951461304901,4.736862953800049,5.329849971056682,0.0,10.047805836283766,0.0,0.0,0.8552849433109448,0.0,15.737611937252948,5.862780645428994,0.0,0.6875,18,0,2,0,0,0,0,0,0,0,1,0,2,0,2,0,12,0,0,0,0,1,13.471342958135045,0,4.310900000000004,77.70300000000005,0,0,0,0,0,0,0,0,0,0,1,1,0,0,0,0,0,0,0,0,0,0,0,1,0,0,3,0,0,0,0,0,0,0,0,0,0,0,0,0,0,1,0,0,0,0,0,0,0,0,0,0,0,0,0,0,0,0,0,0,0,0,0,0,0,0,0,0,0,0,0,0,0,0,0,0,0,0,0,0,0,0,0,2,0
